census_tract,year,housing_units,total_value,median_value,past_reform,housing_units_std,total_value_std,median_value_std,year_id,past_reform_id
27053000101,2011,1,150058700.0,112000.0,False,-0.3992309502474189,-0.49069631439750655,-0.9405518533530902,0,0
27053000101,2013,5,139303800.0,104000.0,False,-0.3565863546684559,-0.5137577909540771,-1.0248494626846236,1,0
27053000101,2018,2,201663000.0,137000.0,True,-0.38856980135267816,-0.38004243991534165,-0.677121824192048,2,1
27053000101,2019,1,220227900.0,151500.0,True,-0.3992309502474189,-0.34023416590767286,-0.5243324072786435,3,1
27053000102,2011,5,204521700.0,99500.0,False,-0.3565863546684559,-0.3739125974219416,-1.0722668679336114,0,0
27053000102,2012,2,197485000.0,98000.0,False,-0.38856980135267816,-0.3890012260549945,-1.0880726696832739,4,0
27053000102,2013,10,177764200.0,87500.0,False,-0.30328061019475216,-0.4312880689709506,-1.1987132819309116,1,0
27053000102,2014,2,172104300.0,83500.0,False,-0.38856980135267816,-0.4434244580738278,-1.2408620865966784,5,0
27053000102,2015,8,173905800.0,83000.0,False,-0.3246029079842337,-0.4395615444236161,-1.2461306871798992,6,0
27053000102,2016,9,201071000.0,98500.0,True,-0.3139417590894929,-0.3813118514506874,-1.0828040691000531,7,1
27053000102,2017,24,215506100.0,105000.0,True,-0.15402452566838173,-0.35035900946780035,-1.014312261518182,8,1
27053000102,2018,26,242185900.0,119500.0,True,-0.13270222787890024,-0.29315014818280544,-0.8615228446047776,2,1
27053000102,2019,11,279159300.0,135500.0,True,-0.29261946130001143,-0.2138689649717382,-0.6929276259417105,3,1
27053000102,2020,1,314838800.0,151500.0,True,-0.3992309502474189,-0.13736226079037345,-0.5243324072786435,9,1
27053000300,2011,1,188670600.0,135000.0,False,-0.3992309502474189,-0.40790173456369616,-0.6981962265249314,0,0
27053000300,2012,1,184728700.0,133000.0,False,-0.3992309502474189,-0.41635425708258017,-0.7192706288578148,4,0
27053000300,2013,2,172321100.0,124000.0,False,-0.38856980135267816,-0.4429595789845323,-0.8141054393557899,1,0
27053000300,2014,1,174388400.0,126000.0,False,-0.3992309502474189,-0.43852671670916027,-0.7930310370229066,5,0
27053000300,2015,1,178627300.0,129500.0,False,-0.3992309502474189,-0.42943734414636126,-0.7561508329403607,6,0
27053000300,2016,1,198482000.0,140500.0,True,-0.3992309502474189,-0.3868633826415828,-0.640241620109502,7,1
27053000300,2017,1,208346700.0,147750.0,True,-0.3992309502474189,-0.36571074079576354,-0.5638469116527999,8,1
27053000300,2018,2,237906100.0,170000.0,True,-0.38856980135267816,-0.30232722164390785,-0.32939418569947226,2,1
27053000300,2019,1,264919900.0,187500.0,True,-0.3992309502474189,-0.24440217209403886,-0.1449931652867427,3,1
27053000300,2020,1,283680800.0,201250.0,True,-0.3992309502474189,-0.204173619942911,-0.00010664924816947729,9,1
27053000601,2011,2,331274900.0,160000.0,False,-0.38856980135267816,-0.10211872204696815,-0.43476619736388916,0,0
27053000601,2013,1,305401200.0,148000.0,False,-0.3992309502474189,-0.15759908225317557,-0.5612126113611894,1,0
27053000601,2014,11,300150500.0,145000.0,False,-0.29261946130001143,-0.16885803351776985,-0.5928242148605145,5,0
27053000601,2016,5,354274500.0,166000.0,True,-0.3565863546684559,-0.0528012261882897,-0.371542990365239,7,1
27053000601,2017,7,392579500.0,180000.0,True,-0.3352640568789744,0.029335275266808538,-0.22402217403505537,8,1
27053000601,2018,4,433072850.0,202500.0,True,-0.36724750356319663,0.11616420363638959,0.013064852209882634,2,1
27053000601,2019,2,483524200.0,215500.0,True,-0.38856980135267816,0.22434583482518142,0.1500484673736246,3,1
27053000601,2020,2,520494800.0,234500.0,True,-0.38856980135267816,0.30362101406277064,0.3502552895360167,9,1
27053000603,2012,1,234088000.0,178000.0,False,-0.3992309502474189,-0.3105142827640152,-0.24509657636793875,4,0
27053000603,2013,1,215751900.0,164500.0,False,-0.3992309502474189,-0.3498319463674828,-0.38734879211490153,1,0
27053000603,2014,1,213662100.0,163500.0,False,-0.3992309502474189,-0.3543130548583029,-0.3978859932813432,5,0
27053000603,2016,2,246128600.0,187500.0,True,-0.38856980135267816,-0.28469591024292773,-0.1449931652867427,7,1
27053000603,2017,1,265713400.0,202250.0,True,-0.3992309502474189,-0.24270068889590232,0.010430551918272211,8,1
27053000603,2018,3,306496000.0,234500.0,True,-0.3779086524579374,-0.15525152862328281,0.3502552895360167,2,1
27053000603,2019,1,317180400.0,241500.0,True,-0.3992309502474189,-0.13234122354178296,0.4240156977011085,3,1
27053001100,2012,3,118641100.0,155750.0,False,-0.3779086524579374,-0.5580643276625031,-0.4795493023212663,4,0
27053001100,2013,19,111701400.0,146250.0,False,-0.20733027014208547,-0.5729449615000686,-0.5796527134024624,1,0
27053001100,2016,5,131322800.0,171000.0,True,-0.3565863546684559,-0.530871259642581,-0.3188569845330306,7,1
27053001100,2017,3,143625500.0,189000.0,True,-0.3779086524579374,-0.504490872318429,-0.12918736353708016,8,1
27053001700,2014,5,105261700.0,131500.0,False,-0.3565863546684559,-0.586753457216565,-0.7350764306074773,5,0
27053001700,2015,3,112444000.0,143500.0,False,-0.3779086524579374,-0.5713526219626569,-0.608630016610177,6,0
27053001700,2016,18,123911200.0,158000.0,True,-0.2179914190368262,-0.5467637774388113,-0.45584059969677254,7,1
27053001700,2017,5,131819700.0,170250.0,True,-0.3565863546684559,-0.5298057687778626,-0.3267598854078618,8,1
27053001700,2018,12,155950200.0,192000.0,True,-0.2819583124052707,-0.4780633109169502,-0.0975757600377551,2,1
27053001700,2019,134,165835400.0,220000.0,True,1.0187018527531004,-0.4568667114081671,0.1974658726226122,3,1
27053002200,2011,6,43125000.0,87000.0,False,-0.34592520577371516,-0.7199917067914248,-1.2039818825141324,0,0
27053002200,2012,4,39781300.0,80750.0,False,-0.36724750356319663,-0.7271615232622618,-1.269839389804393,4,0
27053002200,2013,4,37332100.0,73500.0,False,-0.36724750356319663,-0.7324132846345064,-1.3462340982610952,1,0
27053002200,2014,2,38817200.0,76000.0,False,-0.38856980135267816,-0.7292288199873072,-1.319891095344991,5,0
27053002200,2015,2,39163300.0,80000.0,False,-0.38856980135267816,-0.7284866859799032,-1.2777422906792242,6,0
27053002200,2016,7,44254300.0,92000.0,True,-0.3352640568789744,-0.7175701756311783,-1.151295876681924,7,1
27053002200,2017,1,47156700.0,95500.0,True,-0.3992309502474189,-0.7113466282659968,-1.1144156725993781,8,1
27053002200,2020,2,67738800.0,132500.0,True,-0.38856980135267816,-0.6672129202226871,-0.7245392294410355,9,1
27053002400,2011,2,135433900.0,149000.0,False,-0.38856980135267816,-0.5220559255835272,-0.5506754101947477,0,0
27053002400,2013,150,125799700.0,128500.0,False,1.1892802350689522,-0.5427143117555336,-0.7666880341068023,1,0
27053002400,2014,1,127098700.0,131750.0,False,-0.3992309502474189,-0.5399288969169963,-0.7324421303158668,5,0
27053002400,2015,1,137432500.0,142500.0,False,-0.3992309502474189,-0.5177703750859901,-0.6191672177766187,6,0
27053002400,2016,61,169171800.0,154500.0,True,0.24043798343702585,-0.44971254815389766,-0.49272080377931843,7,1
27053002400,2017,4,190260000.0,169750.0,True,-0.36724750356319663,-0.40449362190444194,-0.3320284859910827,8,1
27053002400,2018,115,209018600.0,190500.0,True,0.8161400237530262,-0.36427000158867096,-0.11338156178741764,2,1
27053002400,2019,103,231529200.0,219000.0,True,0.6882062370161373,-0.31600105681239804,0.1869286714561705,3,1
27053002700,2011,12,79821300.0,101000.0,False,-0.2819583124052707,-0.6413047025270541,-1.0564610661839489,0,0
27053002700,2012,4,77448100.0,98500.0,False,-0.36724750356319663,-0.6463934989048961,-1.0828040691000531,4,0
27053002700,2013,1,74373700.0,95500.0,False,-0.3992309502474189,-0.6529858617837253,-1.1144156725993781,1,0
27053002700,2014,60,77041000.0,100000.0,False,0.22977683454228512,-0.6472664337630705,-1.0669982673503904,5,0
27053002700,2015,2,82776100.0,106000.0,False,-0.38856980135267816,-0.6349687950867845,-1.0037750603517404,6,0
27053002700,2016,1,88047500.0,112500.0,True,-0.3992309502474189,-0.6236654573039779,-0.9352832527698693,7,1
27053002700,2017,6,100813000.0,121000.0,True,-0.34592520577371516,-0.5962926989349646,-0.845717042855115,8,1
27053002700,2018,1,105122200.0,124500.0,True,-0.3992309502474189,-0.5870525837523433,-0.8088368387725691,2,1
27053002700,2019,2,116803900.0,138500.0,True,-0.38856980135267816,-0.5620037919745592,-0.6613160224423854,3,1
27053002700,2020,1,130134500.0,155000.0,True,-0.3992309502474189,-0.5334193031011136,-0.4874522031960976,9,1
27053003200,2012,1,65797200.0,110500.0,False,-0.3992309502474189,-0.6713762469744223,-0.9563576551027527,4,0
27053003200,2013,2,63954100.0,107500.0,False,-0.38856980135267816,-0.675328362516307,-0.9879692586020778,1,0
27053003200,2015,3,70731800.0,118000.0,False,-0.3779086524579374,-0.6607951014299679,-0.8773286463544401,6,0
27053003200,2018,1,89022200.0,147500.0,True,-0.3992309502474189,-0.621575431250766,-0.5664812119444103,2,1
27053003200,2019,3,99293000.0,166000.0,True,-0.3779086524579374,-0.5995519988230145,-0.371542990365239,3,1
27053003300,2011,2,51261800.0,96000.0,False,-0.38856980135267816,-0.7025441598643959,-1.1091470720161571,0,0
27053003300,2012,1,49496200.0,91000.0,False,-0.3992309502474189,-0.7063300939975148,-1.1618330778483656,4,0
27053003300,2013,1,47545400.0,88500.0,False,-0.3992309502474189,-0.7105131480906778,-1.18817608076447,1,0
27053003300,2015,2,52339500.0,97250.0,False,-0.38856980135267816,-0.7002332733582437,-1.0959755705581051,6,0
27053003300,2016,3,56373600.0,105000.0,True,-0.3779086524579374,-0.6915830485698345,-1.014312261518182,7,1
27053003300,2017,3,61415100.0,115500.0,True,-0.3779086524579374,-0.6807726798950956,-0.9036716492705443,8,1
27053003300,2018,4,66960000.0,126500.0,True,-0.36724750356319663,-0.6688828825600642,-0.7877624364396857,2,1
27053003300,2019,1,88256600.0,135500.0,True,-0.3992309502474189,-0.6232170891417469,-0.6929276259417105,3,1
27053003300,2020,1,90340100.0,149250.0,True,-0.3992309502474189,-0.6187494895912523,-0.5480411099031373,9,1
27053003800,2011,16,218212200.0,218750.0,False,-0.2393137168263077,-0.3445563835289505,0.18429437116456007,0,0
27053003800,2012,170,215265600.0,203750.0,False,1.4025032129637671,-0.3508747079040345,0.026236353667934746,4,0
27053003800,2013,240,221649700.0,192500.0,False,2.1487836355956196,-0.337185433946601,-0.09230715945453426,1,0
27053003800,2014,56,231410700.0,199000.0,False,0.18713223896332212,-0.3162551535470914,-0.023815351872663277,5,0
27053003800,2015,40,291328700.0,217500.0,False,0.016553856647470194,-0.18777440967066336,0.17112286970650797,6,0
27053003800,2016,126,360030800.0,221000.0,True,0.9334126615951744,-0.04045812885567041,0.2080030737890539,7,1
27053003800,2017,17,386041600.0,242000.0,True,-0.22865256793156696,0.01531621162333414,0.42928429828432935,8,1
27053003800,2018,12,423488300.0,272000.0,True,-0.2819583124052707,0.09561228077980528,0.74540033327758,2,1
27053003800,2019,137,465140500.0,292000.0,True,1.0506852994373226,0.18492610367258802,0.9561443566064138,3,1
27053003802,2020,12,239151500.0,334500.0,True,-0.2819583124052707,-0.29965674001194914,1.4039754061801855,9,1
27053005901,2011,18,102238300.0,81500.0,False,-0.2179914190368262,-0.5932364620070453,-1.2619364889295617,0,0
27053005901,2013,1,93002500.0,85000.0,False,-0.3992309502474189,-0.6130405685241839,-1.225056284847016,1,0
27053005901,2016,2,109451300.0,79500.0,True,-0.38856980135267816,-0.5777697974725035,-1.2830108912624452,7,1
27053005901,2019,0,138246500.0,105250.0,True,-0.4098920991421596,-0.5160249342248897,-1.0116779612265716,3,1
27053005901,2020,201,153384400.0,122500.0,True,1.7329988287007303,-0.483565094899028,-0.8299112411054524,9,1
27053005902,2011,3,75251200.0,112500.0,False,-0.3779086524579374,-0.6511042593812492,-0.9352832527698693,0,0
27053005902,2012,1,70298900.0,101500.0,False,-0.3992309502474189,-0.6617233586151895,-1.0511924656007279,4,0
27053005902,2013,5,66895000.0,98500.0,False,-0.3565863546684559,-0.6690222605158032,-1.0828040691000531,1,0
27053005902,2014,91,65591700.0,92000.0,False,0.5602724502792482,-0.6718168957421817,-1.151295876681924,5,0
27053005902,2015,1,71668000.0,96250.0,False,-0.3992309502474189,-0.6587876300120783,-1.1065127717245469,6,0
27053005902,2018,4,86813900.0,130500.0,True,-0.36724750356319663,-0.6263106364762795,-0.7456136317739189,2,1
27053005902,2019,2,100064800.0,139000.0,True,-0.38856980135267816,-0.5978970464193323,-0.6560474218591646,3,1
27053005902,2020,1,107408800.0,160500.0,True,-0.3992309502474189,-0.5821494816970705,-0.4294975967806683,9,1
27053006800,2013,2,193843200.0,215000.0,False,-0.38856980135267816,-0.39681025127361286,0.14477986679040375,1,0
27053006800,2015,2,211606800.0,233250.0,False,-0.38856980135267816,-0.35872018581876924,0.3370837880779646,6,0
27053006800,2016,1,238364300.0,251750.0,True,-0.3992309502474189,-0.3013447142697602,0.5320220096571358,7,1
27053006800,2017,76,261003700.0,279500.0,True,0.400355216858137,-0.2527995867134999,0.8244293420258927,8,1
27053006800,2018,82,292110800.0,298500.0,True,0.4643221102265815,-0.18609737122168718,1.0246361641882848,2,1
27053006800,2019,2,330017300.0,335300.0,True,-0.38856980135267816,-0.10481536384908097,1.4124051671133389,3,1
27053007700,2011,136,325673400.0,167500.0,False,1.0400241505425818,-0.11412988541730447,-0.35573718861557646,0,0
27053007700,2012,682,314288011.0,161900.0,False,6.861011447071029,-0.1385433045575044,-0.41474551514764996,4,0
27053007700,2013,5,331938500.0,156750.0,False,-0.3565863546684559,-0.10069578033268532,-0.4690121011548246,1,0
27053007700,2015,45,534146100.0,171250.0,False,0.06985960112117393,0.3328931723270699,-0.31622268424142014,6,0
27053007700,2016,128,665896200.0,176750.0,True,0.9547349593846559,0.615401781656383,-0.25826807782599087,7,1
27053007700,2017,115,765892200.0,190000.0,True,0.8161400237530262,0.82982082876522,-0.11865016237063848,8,1
27053007700,2018,113,840921200.0,212000.0,True,0.7948177259635447,0.9907037309365962,0.11316826329107868,2,1
27053007700,2019,400,894543100.0,216000.0,True,3.8545674587541385,1.105683897164899,0.15531706795684544,3,1
27053007700,2020,81,940523800.0,238500.0,True,0.45366096133184075,1.2042792197717762,0.3924040942017834,9,1
27053007801,2011,4,67472300.0,129500.0,False,-0.36724750356319663,-0.6677843698412169,-0.7561508329403607,0,0
27053007801,2012,4,64561200.0,129500.0,False,-0.36724750356319663,-0.674026572409705,-0.7561508329403607,4,0
27053007801,2016,79,62256800.0,174000.0,True,0.4323386635423593,-0.678967842582088,-0.2872453810337055,7,1
27053007801,2019,3,89604200.0,199000.0,True,-0.3779086524579374,-0.6203274624778417,-0.023815351872663277,3,1
27053007801,2020,53,107483100.0,222000.0,True,0.1551487922790999,-0.5819901619722796,0.21854027495549558,9,1
27053008100,2011,6,307860600.0,276500.0,False,-0.34592520577371516,-0.15232544926326122,0.7928177385265676,0,0
27053008100,2013,3,293178100.0,252500.0,False,-0.3779086524579374,-0.18380878518845323,0.5399249105319671,1,0
27053008100,2014,6,303732600.0,260000.0,False,-0.34592520577371516,-0.16117702159080713,0.6189539192802798,5,0
27053008100,2016,5,354226000.0,296500.0,True,-0.3565863546684559,-0.0529052235860334,1.0035617618554014,7,1
27053008100,2017,9,390358900.0,316750.0,True,-0.3139417590894929,0.024573695443516768,1.2169400854758456,8,1
27053008100,2018,25,417567000.0,328250.0,True,-0.143363376773641,0.08291537786723321,1.338117898889925,2,1
27053008100,2019,1,470171000.0,376250.0,True,-0.3992309502474189,0.19571288530866351,1.843903554879126,3,1
27053008100,2020,5,483031100.0,396000.0,True,-0.3565863546684559,0.22328849221018313,2.0520132779163496,9,1
27053008200,2014,4,167543900.0,174500.0,False,-0.36724750356319663,-0.4532032154484742,-0.28197678045048463,5,0
27053008200,2016,3,196997500.0,202500.0,True,-0.3779086524579374,-0.3900465607230368,0.013064852209882634,7,1
27053008200,2019,12,264126200.0,259000.0,True,-0.2819583124052707,-0.24610408414742382,0.608416718113838,3,1
27053008200,2020,6,282809700.0,268500.0,True,-0.34592520577371516,-0.20604149897743745,0.708520129195034,9,1
27053008300,2012,6,74115500.0,161500.0,False,-0.34592520577371516,-0.6535395139094454,-0.4189603956142266,4,0
27053008300,2014,8,68367100.0,145000.0,False,-0.3246029079842337,-0.6658656714597517,-0.5928242148605145,5,0
27053008300,2016,5,79305700.0,168250.0,True,-0.3565863546684559,-0.6424102913575004,-0.3478342877407452,7,1
27053008300,2018,15,91566600.0,200250.0,True,-0.24997486572104843,-0.6161195347802699,-0.010643850414611166,2,1
27053008300,2019,6,103618200.0,228000.0,True,-0.34592520577371516,-0.5902775752205189,0.2817634819541457,3,1
27053008400,2011,5,102528800.0,165000.0,False,-0.3565863546684559,-0.5926135497587042,-0.3820801915316807,0,0
27053008400,2013,3,84744500.0,137500.0,False,-0.3779086524579374,-0.6307480017317599,-0.6718532236088272,1,0
27053008400,2018,3,116942200.0,192750.0,True,-0.3779086524579374,-0.5617072385702715,-0.08967285916292383,2,1
27053008400,2019,1,134346500.0,217500.0,True,-0.3992309502474189,-0.5243876115692281,0.17112286970650797,3,1
27053008400,2020,1,147985600.0,236000.0,True,-0.3992309502474189,-0.49514161347508295,0.3660610912856792,9,1
27053008500,2011,2,174601000.0,157250.0,False,-0.38856980135267816,-0.43807084358008175,-0.4637435005716038,0,0
27053008500,2012,1,163718700.0,148500.0,False,-0.3992309502474189,-0.4614055009299007,-0.5559440107779685,4,0
27053008500,2016,1,172848200.0,160500.0,True,-0.3992309502474189,-0.4418293309773013,-0.4294975967806683,7,1
27053008500,2018,2,199031400.0,182000.0,True,-0.38856980135267816,-0.3856853172741522,-0.202947771702172,2,1
27053008500,2019,53,223599800.0,202750.0,True,0.1551487922790999,-0.33300388084680754,0.015699152501493056,3,1
27053008500,2020,3,250066900.0,225750.0,True,-0.3779086524579374,-0.2762511071185154,0.2580547793296519,9,1
27053009500,2012,2,126861000.0,157000.0,False,-0.38856980135267816,-0.5404385913797526,-0.46637780086321423,4,0
27053009500,2015,2,126510700.0,155500.0,False,-0.38856980135267816,-0.5411897313473735,-0.48218360261287674,6,0
27053009500,2016,3,139227100.0,168500.0,True,-0.3779086524579374,-0.5139222569418491,-0.34519998744913477,7,1
27053009500,2019,1,190452400.0,230500.0,True,-0.3992309502474189,-0.40408106315545456,0.30810648487024994,3,1
27053009500,2020,3,207554000.0,251500.0,True,-0.3779086524579374,-0.36741050857290636,0.5293877093655254,9,1
27053009600,2011,1,198093100.0,174500.0,False,-0.3992309502474189,-0.38769729167215033,-0.28197678045048463,0,0
27053009600,2012,2,192906900.0,170500.0,False,-0.38856980135267816,-0.3988179371191267,-0.3241255851162514,4,0
27053009600,2013,4,181295500.0,160000.0,False,-0.36724750356319663,-0.4237159862770885,-0.43476619736388916,1,0
27053009600,2015,4,190702300.0,168500.0,False,-0.36724750356319663,-0.4035452085225443,-0.34519998744913477,6,0
27053009600,2016,2,203045500.0,176500.0,True,-0.38856980135267816,-0.3770779780105858,-0.26090237811760125,7,1
27053009600,2017,3,218972100.0,192500.0,True,-0.3779086524579374,-0.34292694801254986,-0.09230715945453426,8,1
27053009600,2020,2,294324800.0,252000.0,True,-0.38856980135267816,-0.18134994362159354,0.5346563099487462,9,1
27053010600,2011,3,554586000.0,412500.0,False,-0.3779086524579374,0.37672196428874755,2.225877097162637,0,0
27053010600,2012,8,529971000.0,395000.0,False,-0.3246029079842337,0.32394060458851925,2.0414760767499076,4,0
27053010600,2013,8,516543700.0,391000.0,False,-0.3246029079842337,0.29514876420245895,1.999327272084141,1,0
27053010600,2014,4,525226200.0,398000.0,False,-0.36724750356319663,0.3137664426748226,2.0730876802492326,5,0
27053010600,2015,7,582725100.0,447500.0,False,-0.3352640568789744,0.4370599678938945,2.5946791379880962,6,0
27053010600,2016,7,593948300.0,454500.0,True,-0.3352640568789744,0.4611256090146583,2.6684395461531882,7,1
27053010600,2017,3,623517700.0,481000.0,True,-0.3779086524579374,0.5245305709289354,2.947675377063893,8,1
27053010600,2018,4,637925500.0,502250.0,True,-0.36724750356319663,0.5554248741704121,3.1715909018507786,2,1
27053010600,2019,5,705054900.0,554000.0,True,-0.3565863546684559,0.6993688517393944,3.7168910622141365,3,1
27053010600,2020,3,721636300.0,576500.0,True,-0.3779086524579374,0.7349239538207825,3.953978088459074,9,1
27053010700,2014,1,447338200.0,345000.0,False,-0.3992309502474189,0.1467530547271737,1.5146160184278232,5,0
27053010700,2015,2,480964000.0,384000.0,False,-0.38856980135267816,0.21885605879005957,1.925566863919049,6,0
27053010700,2016,1,490781500.0,401750.0,True,-0.3992309502474189,0.23990749079724993,2.1126021846233893,7,1
27053010700,2018,2,518486900.0,439500.0,True,-0.38856980135267816,0.29931552179618165,2.5103815286565627,2,1
27053010700,2019,1,570201900.0,487750.0,True,-0.3992309502474189,0.4102067676583512,3.0188014849373745,3,1
27053011000,2011,1,299391800.0,196500.0,False,-0.3992309502474189,-0.17048489590268,-0.0501583547887675,0,0
27053011000,2013,1,277647900.0,182500.0,False,-0.3992309502474189,-0.21710982408410567,-0.19767917111895114,1,0
27053011000,2014,1,275293800.0,180000.0,False,-0.3992309502474189,-0.22215766478572288,-0.22402217403505537,5,0
27053011000,2015,2,295345600.0,193000.0,False,-0.38856980135267816,-0.179161066433619,-0.08703855887131341,6,0
27053011000,2016,9,313453200.0,204500.0,True,-0.3139417590894929,-0.14033336995147994,0.034139254542766014,7,1
27053011000,2017,1,337730300.0,222000.0,True,-0.3992309502474189,-0.08827656119347013,0.21854027495549558,8,1
27053011000,2018,1,366561200.0,241000.0,True,-0.3992309502474189,-0.02645514728401205,0.41874709711788766,2,1
27053011000,2020,2,430103300.0,282500.0,True,-0.38856980135267816,0.10979666812154852,0.8560409455252177,9,1
27053011703,2011,3,591579800.0,260000.0,False,-0.3779086524579374,0.45604689073515436,0.6189539192802798,0,0
27053011703,2012,2,584285900.0,258500.0,False,-0.38856980135267816,0.4404067542526236,0.6031481175306173,4,0
27053011703,2013,5,553305000.0,247000.0,False,-0.3565863546684559,0.3739751464225687,0.4819703041165378,1,0
27053011703,2014,6,562157200.0,252000.0,False,-0.34592520577371516,0.3929567085732232,0.5346563099487462,5,0
27053011703,2015,2,612890000.0,274500.0,False,-0.38856980135267816,0.5017418463103648,0.7717433361936842,6,0
27053011703,2016,4,638898800.0,284500.0,True,-0.36724750356319663,0.5575118982368851,0.8771153478581011,7,1
27053011703,2017,5,686721800.0,306000.0,True,-0.3565863546684559,0.6600576209646533,1.1036651729365974,8,1
27053011703,2018,2,738591300.0,329500.0,True,-0.38856980135267816,0.7712801575062332,1.3512894003479772,2,1
27053011703,2019,6,829203700.0,367500.0,True,-0.34592520577371516,0.9655781740693435,1.7517030446727613,3,1
27053011703,2020,1,647167200.0,379250.0,True,-0.3992309502474189,0.5752416319173793,1.875515158378451,9,1
27053011800,2011,2,596483300.0,190000.0,False,-0.38856980135267816,0.4665613492884783,-0.11865016237063848,0,0
27053011800,2012,5,588183500.0,188500.0,False,-0.3565863546684559,0.4487642853339809,-0.134455964120301,4,0
27053011800,2013,9,553168500.0,177500.0,False,-0.3139417590894929,0.3736824527155168,-0.25036517695115956,1,0
27053011800,2014,1,547246200.0,174500.0,False,-0.3992309502474189,0.3609834055267026,-0.28197678045048463,5,0
27053011800,2015,8,578812800.0,183500.0,False,-0.3246029079842337,0.4286709159517778,-0.18714196995250945,6,0
27053011800,2016,6,606459100.0,191500.0,True,-0.34592520577371516,0.4879522202247991,-0.10284436062097595,7,1
27053011800,2017,5,651673200.0,207000.0,True,-0.3565863546684559,0.5849037406644534,0.06048225745887023,8,1
27053011800,2018,3,706569400.0,227500.0,True,-0.3779086524579374,0.7026163581081126,0.27649488137092487,2,1
27053011800,2019,3,787655350.0,252000.0,True,-0.3779086524579374,0.8764870342643069,0.5346563099487462,3,1
27053011998,2011,48,576372900.0,162500.0,False,0.10184304780539616,0.4234390963485851,-0.4084231944477849,0,0
27053011998,2012,4,562481000.0,159000.0,False,-0.36724750356319663,0.3936510252204275,-0.44530339853033085,4,0
27053011998,2013,7,512087200.0,144500.0,False,-0.3352640568789744,0.2855927971293707,-0.5980928154437353,1,0
27053011998,2014,1,518453500.0,144500.0,False,-0.3992309502474189,0.2992439029696942,-0.5980928154437353,5,0
27053011998,2015,11,549205600.0,151750.0,False,-0.29261946130001143,0.3651849003955479,-0.5216981069870331,6,0
27053011998,2016,4,587860800.0,164000.0,True,-0.36724750356319663,0.4480723273906429,-0.3926173926981224,7,1
27053011998,2017,6,628500300.0,173000.0,True,-0.34592520577371516,0.5352146417330125,-0.2977825822001472,8,1
27053011998,2018,22,682603800.0,191000.0,True,-0.17534682345786323,0.6512274913995287,-0.10811296120419679,2,1
27053011998,2019,184,756399300.0,210500.0,True,1.5517592974901377,0.8094654288262277,0.09736246154141615,3,1
27053011998,2020,70,516177000.0,231000.0,True,0.33638832348969255,0.29436245810446693,0.31337508545347076,9,1
27053012001,2012,2,559058100.0,219000.0,False,-0.38856980135267816,0.3863113820712131,0.1869286714561705,4,0
27053012001,2013,12,552075400.0,216000.0,False,-0.2819583124052707,0.3713385443552357,0.15531706795684544,1,0
27053012001,2014,7,548408300.0,212000.0,False,-0.3352640568789744,0.3634752689476913,0.11316826329107868,5,0
27053012001,2015,4,606594100.0,234000.0,False,-0.36724750356319663,0.48824169751748775,0.34498668895279583,6,0
27053012001,2016,3,635685400.0,244500.0,True,-0.3779086524579374,0.5506214809603986,0.45562730120043354,7,1
27053012001,2017,7,681353700.0,261000.0,True,-0.3352640568789744,0.6485469316692319,0.6294911204467214,8,1
27053012001,2018,5,730011600.0,281500.0,True,-0.3565863546684559,0.7528829106315613,0.8455037443587761,2,1
27053012001,2019,4,807052900.0,307000.0,True,-0.36724750356319663,0.918080739884992,1.1142023741030391,3,1
27053012001,2020,2,854599700.0,325500.0,True,-0.38856980135267816,1.0200342135146816,1.3091405956822104,9,1
27053012003,2011,1,561891400.0,213500.0,False,-0.3992309502474189,0.3923867599480629,0.12897406504074121,0,0
27053012003,2014,1,528743500.0,201000.0,False,-0.3992309502474189,0.3213085055012948,-0.0027409495397798995,5,0
27053012003,2018,2,685795200.0,267000.0,True,-0.38856980135267816,0.6580707345986881,0.6927143274453715,2,1
27053012003,2019,2,726538100.0,283500.0,True,-0.38856980135267816,0.7454347671044947,0.8665781466916594,3,1
27053012003,2020,1,548320800.0,296500.0,True,-0.3992309502474189,0.36328764477650416,1.0035617618554014,9,1
27053012102,2020,3,285197400.0,214250.0,True,-0.3779086524579374,-0.20092161059408442,0.13687696591557247,9,1
27053100200,2011,7,161211800.0,117000.0,False,-0.3352640568789744,-0.4667809870413166,-0.8878658475208817,0,0
27053100200,2012,1,154304600.0,113000.0,False,-0.3992309502474189,-0.48159193190101257,-0.9300146521866485,4,0
27053100200,2013,1,140637900.0,102750.0,False,-0.3992309502474189,-0.5108971120194408,-1.0380209641426759,1,0
27053100200,2014,3,141450000.0,103500.0,False,-0.3779086524579374,-0.5091557452832004,-1.0301180632678446,5,0
27053100200,2016,1,164136500.0,120000.0,True,-0.3992309502474189,-0.46050962231593545,-0.8562542440215567,7,1
27053100200,2017,2,172443000.0,125000.0,True,-0.38856980135267816,-0.44269819171061564,-0.8035682381893482,8,1
27053100200,2018,2,188428500.0,138500.0,True,-0.38856980135267816,-0.4084208638419178,-0.6613160224423854,2,1
27053100200,2019,9,212905800.0,153500.0,True,-0.3139417590894929,-0.3559347709802319,-0.5032580049457601,3,1
27053100200,2020,1,230386900.0,166000.0,True,-0.3992309502474189,-0.31845046356379236,-0.371542990365239,9,1
27053100400,2011,5,126608800.0,106750.0,False,-0.3565863546684559,-0.5409793778480197,-0.9958721594769091,0,0
27053100400,2012,9,118268500.0,101500.0,False,-0.3139417590894929,-0.5588632849903238,-1.0511924656007279,4,0
27053100400,2013,10,107774400.0,91000.0,False,-0.30328061019475216,-0.5813655343029448,-1.1618330778483656,1,0
27053100400,2014,3,103541800.0,85500.0,False,-0.3779086524579374,-0.5904413979254183,-1.219787684263795,5,0
27053100400,2015,1,104710000.0,85500.0,False,-0.3992309502474189,-0.5879364544193526,-1.219787684263795,6,0
27053100400,2016,2,119910400.0,100000.0,True,-0.38856980135267816,-0.5553425978283573,-1.0669982673503904,7,1
27053100400,2017,1,123932400.0,104500.0,True,-0.3992309502474189,-0.546718318782478,-1.0195808621014029,8,1
27053100400,2018,5,132143000.0,112250.0,True,-0.3565863546684559,-0.5291125242687793,-0.9379175530614798,2,1
27053100400,2019,1,148582000.0,124500.0,True,-0.3992309502474189,-0.4938627671242718,-0.8088368387725691,3,1
27053100400,2020,4,162438700.0,137500.0,True,-0.36724750356319663,-0.4641501745198374,-0.6718532236088272,9,1
27053100500,2011,3,248105000.0,145500.0,False,-0.3779086524579374,-0.2804579626779661,-0.5875556142772936,0,0
27053100500,2014,3,218837400.0,127000.0,False,-0.3779086524579374,-0.34321578202236586,-0.7824938358564649,5,0
27053100500,2016,36,239061505.0,144000.0,True,-0.026090738931492788,-0.29984971415236034,-0.6033614160269561,7,1
27053100500,2018,1,272252200.0,174000.0,True,-0.3992309502474189,-0.22867969540380997,-0.2872453810337055,2,1
27053100500,2019,3,303535100.0,193000.0,True,-0.3779086524579374,-0.1616005161486294,-0.08703855887131341,3,1
27053100500,2020,2,333060200.0,213250.0,True,-0.38856980135267816,-0.09829054567187907,0.12633976474913078,9,1
27053100700,2011,2,141973600.0,113500.0,False,-0.38856980135267816,-0.508033002242817,-0.9247460516034277,0,0
27053100700,2012,1,139538300.0,112500.0,False,-0.3992309502474189,-0.5132549581752958,-0.9352832527698693,4,0
27053100700,2013,1,128577300.0,103000.0,False,-0.3992309502474189,-0.536758370065371,-1.0353866638510654,1,0
27053100700,2014,3,123474300.0,97500.0,False,-0.3779086524579374,-0.5477006117290015,-1.0933412702664946,5,0
27053100700,2016,4,140718200.0,112500.0,True,-0.36724750356319663,-0.510724926637197,-0.9352832527698693,7,1
27053100700,2017,1,153846700.0,122500.0,True,-0.3992309502474189,-0.4825737959922876,-0.8299112411054524,8,1
27053100700,2019,1,191315900.0,150000.0,True,-0.3992309502474189,-0.40222948062036834,-0.540138209028306,3,1
27053100700,2020,3,214657400.0,169500.0,True,-0.3779086524579374,-0.3521788567145029,-0.3346627862826931,9,1
27053100800,2011,8,129003200.0,95000.0,False,-0.3246029079842337,-0.5358451228138444,-1.1196842731825989,0,0
27053100800,2012,8,122748400.0,91000.0,False,-0.3246029079842337,-0.5492571418531695,-1.1618330778483656,4,0
27053100800,2013,1,112287200.0,83500.0,False,-0.3992309502474189,-0.5716888444774242,-1.2408620865966784,1,0
27053100800,2014,6,108516200.0,81000.0,False,-0.34592520577371516,-0.5797749101865267,-1.2672050895127827,5,0
27053100800,2015,1,109565600.0,82000.0,False,-0.3992309502474189,-0.577524706698027,-1.256667888346341,6,0
27053100800,2016,2,122132300.0,91000.0,True,-0.38856980135267816,-0.5505782304459508,-1.1618330778483656,7,1
27053100800,2017,3,134273200.0,99000.0,True,-0.3779086524579374,-0.5245447870177768,-1.0775354685168321,8,1
27053100800,2018,1,147621000.0,109000.0,True,-0.3992309502474189,-0.4959234165929665,-0.9721634568524152,2,1
27053100800,2019,9,166811100.0,124000.0,True,-0.3139417590894929,-0.45477454107871296,-0.8141054393557899,3,1
27053100800,2020,5,184486700.0,137500.0,True,-0.3565863546684559,-0.4168731719331776,-0.6718532236088272,9,1
27053100900,2011,14,155883900.0,89500.0,False,-0.26063601461578917,-0.47820547643180394,-1.1776388795980282,0,0
27053100900,2012,7,147860900.0,85500.0,False,-0.3352640568789744,-0.49540900472247756,-1.219787684263795,4,0
27053100900,2013,9,133186500.0,77000.0,False,-0.3139417590894929,-0.5268749720101082,-1.3093538941785494,1,0
27053100900,2014,9,126746500.0,72500.0,False,-0.3139417590894929,-0.5406841110094773,-1.356771299427537,5,0
27053100900,2015,8,127614300.0,72500.0,False,-0.3246029079842337,-0.53882330808655,-1.356771299427537,6,0
27053100900,2016,5,140628800.0,80000.0,True,-0.3565863546684559,-0.5109166249332442,-1.2777422906792242,7,1
27053100900,2017,4,156009000.0,89000.0,True,-0.36724750356319663,-0.4779372274739125,-1.1829074801812491,8,1
27053100900,2018,4,169742300.0,97500.0,True,-0.36724750356319663,-0.4484892385577579,-1.0933412702664946,2,1
27053100900,2019,4,184050700.0,102150.0,True,-0.36724750356319663,-0.41780807637474976,-1.044343284842541,3,1
27053100900,2020,6,215702200.0,120000.0,True,-0.34592520577371516,-0.34993851689671707,-0.8562542440215567,9,1
27053101200,2012,2,353598100.0,183500.0,False,-0.38856980135267816,-0.05425161463847188,-0.18714196995250945,4,0
27053101200,2013,1,335006400.0,173500.0,False,-0.3992309502474189,-0.09411735524942999,-0.2925139816169263,1,0
27053101200,2014,5,338027400.0,175000.0,False,-0.3565863546684559,-0.08763949672193092,-0.2767081798672638,5,0
27053101200,2015,5,367377700.0,190500.0,False,-0.3565863546684559,-0.024704345732306326,-0.11338156178741764,6,0
27053101200,2016,5,385154400.0,200000.0,True,-0.3565863546684559,0.013413809741309256,-0.013278150706221589,7,1
27053101200,2019,4,504493300.0,261500.0,True,-0.36724750356319663,0.2693093777741985,0.6347597210299423,3,1
27053101200,2020,5,539229200.0,279000.0,True,-0.3565863546684559,0.34379274289348183,0.8191607414426718,9,1
27053101300,2011,10,51400500.0,85500.0,False,-0.30328061019475216,-0.7022467487496113,-1.219787684263795,0,0
27053101300,2012,20,48671700.0,81500.0,False,-0.19666912124734473,-0.7080980497591577,-1.2619364889295617,4,0
27053101300,2013,3,45105400.0,76500.0,False,-0.3779086524579374,-0.7157451821214946,-1.3146224947617702,1,0
27053101300,2015,104,45181500.0,75500.0,False,0.698867385910878,-0.7155820026994679,-1.325159695928212,6,0
27053101300,2016,13,49873400.0,82000.0,True,-0.27129716351052996,-0.7055212729989804,-1.256667888346341,7,1
27053101300,2018,11,70764300.0,100000.0,True,-0.29261946130001143,-0.6607254124520985,-1.0669982673503904,2,1
27053101300,2019,3,78953300.0,111000.0,True,-0.3779086524579374,-0.6431659343052298,-0.9510890545195319,3,1
27053101300,2020,1,86100800.0,123500.0,True,-0.3992309502474189,-0.6278397198645481,-0.8193740399390108,9,1
27053101600,2011,8,96558600.0,78500.0,False,-0.3246029079842337,-0.6054153077795168,-1.2935480924288867,0,0
27053101600,2012,8,87349500.0,70500.0,False,-0.3246029079842337,-0.6251621621209903,-1.3778457017604202,4,0
27053101600,2013,18,84669300.0,69250.0,False,-0.2179914190368262,-0.6309092513051687,-1.3910172032184724,1,0
27053101600,2014,7,85452700.0,70000.0,False,-0.3352640568789744,-0.6292294252970778,-1.3831143023436412,5,0
27053101600,2015,3,89171400.0,72500.0,False,-0.3779086524579374,-0.621255505235439,-1.356771299427537,6,0
27053101600,2016,81,97406000.0,83000.0,True,0.45366096133184075,-0.603598248091929,-1.2461306871798992,7,1
27053101600,2017,2,102713600.0,87500.0,True,-0.38856980135267816,-0.592217287509157,-1.1987132819309116,8,1
27053101600,2018,1,109925600.0,100000.0,True,-0.3992309502474189,-0.5767527672508573,-1.0669982673503904,2,1
27053101600,2019,1,128910300.0,109500.0,True,-0.3992309502474189,-0.536044326076739,-0.9668948562691945,3,1
27053101600,2020,1,141058600.0,121500.0,True,-0.3992309502474189,-0.5099950150043733,-0.8404484422718942,9,1
27053101800,2012,2,173081700.0,132500.0,False,-0.38856980135267816,-0.4413286424747621,-0.7245392294410355,4,0
27053101800,2014,3,163504300.0,125000.0,False,-0.3779086524579374,-0.4618652337562151,-0.8035682381893482,5,0
27053101800,2015,2,173893200.0,135250.0,False,-0.38856980135267816,-0.43958856230426707,-0.6955619262333209,6,0
27053101800,2016,5,194430700.0,150000.0,True,-0.3565863546684559,-0.39555048898135675,-0.540138209028306,7,1
27053101800,2017,7,210117600.0,161000.0,True,-0.3352640568789744,-0.36191344199856124,-0.42422899619744747,8,1
27053101800,2018,16,228817900.0,180300.0,True,-0.2393137168263077,-0.32181483298770697,-0.22086101368512287,2,1
27053101800,2019,71,261942300.0,202500.0,True,0.3470494723844333,-0.25078696903262915,0.013064852209882634,3,1
27053101800,2020,112,292667200.0,224500.0,True,0.7841565770688039,-0.18490429592056157,0.24488327787159977,9,1
27053101900,2011,4,139141300.0,167000.0,False,-0.36724750356319663,-0.5141062358434245,-0.36100578919879733,0,0
27053101900,2012,4,128990200.0,154500.0,False,-0.36724750356319663,-0.5358729984049921,-0.49272080377931843,4,0
27053101900,2013,2,123864300.0,149000.0,False,-0.38856980135267816,-0.5468643439945676,-0.5506754101947477,1,0
27053101900,2014,3,127045200.0,153500.0,False,-0.3779086524579374,-0.5400436156959507,-0.5032580049457601,5,0
27053101900,2015,1,132320700.0,159000.0,False,-0.3992309502474189,-0.5287314863805513,-0.44530339853033085,6,0
27053101900,2016,10,148624800.0,177000.0,True,-0.30328061019475216,-0.4937709921011083,-0.25563377753438044,7,1
27053101900,2018,3,184386200.0,223000.0,True,-0.3779086524579374,-0.41708867169551245,0.22907747612193727,2,1
27053101900,2019,4,201635800.0,243000.0,True,-0.36724750356319663,-0.3801007642291278,0.43982149945077104,3,1
27053101900,2020,3,221021900.0,265500.0,True,-0.3779086524579374,-0.33853161057141523,0.676908525695709,9,1
27053102000,2011,11,79301100.0,102000.0,False,-0.29261946130001143,-0.6424201550282143,-1.0459238650175071,0,0
27053102000,2012,6,76246000.0,99000.0,False,-0.34592520577371516,-0.6489711333755702,-1.0775354685168321,4,0
27053102000,2013,2,72934600.0,94500.0,False,-0.38856980135267816,-0.6560716897237862,-1.1249528737658196,1,0
27053102000,2014,4,74827300.0,97000.0,False,-0.36724750356319663,-0.6520132180802916,-1.0986098708497156,5,0
27053102000,2016,3,84010000.0,107000.0,True,-0.3779086524579374,-0.6323229726316104,-0.9932378591852986,7,1
27053102000,2017,3,91610500.0,116000.0,True,-0.3779086524579374,-0.6160254010532401,-0.8984030486873235,8,1
27053102000,2018,1,95442800.0,120500.0,True,-0.3992309502474189,-0.6078078912104944,-0.8509856434383358,2,1
27053102000,2019,69,104510400.0,129000.0,True,0.3257271745949518,-0.5883644519572834,-0.7614194335235815,3,1
27053102000,2020,2,117321700.0,146500.0,True,-0.38856980135267816,-0.5608934857363801,-0.5770184131108519,9,1
27053102100,2011,23,61174800.0,85500.0,False,-0.16468567456312247,-0.6812879494760813,-1.219787684263795,0,0
27053102100,2012,8,56217300.0,80000.0,False,-0.3246029079842337,-0.6919181989464808,-1.2777422906792242,4,0
27053102100,2013,61,52128300.0,72500.0,False,0.24043798343702585,-0.7006861445005832,-1.356771299427537,1,0
27053102100,2014,1,51824600.0,72500.0,False,-0.3992309502474189,-0.7013373611953205,-1.356771299427537,5,0
27053102100,2015,3,54158300.0,77000.0,False,-0.3779086524579374,-0.696333263729043,-1.3093538941785494,6,0
27053102100,2016,4,63773200.0,84000.0,True,-0.36724750356319663,-0.6757162620885098,-1.2355934860134574,7,1
27053102100,2017,12,68828700.0,89000.0,True,-0.2819583124052707,-0.6648758735463809,-1.1829074801812491,8,1
27053102100,2018,4,74058100.0,98000.0,True,-0.36724750356319663,-0.6536625953657441,-1.0880726696832739,2,1
27053102100,2019,5,84486200.0,110500.0,True,-0.3565863546684559,-0.6313018682851043,-0.9563576551027527,3,1
27053102100,2020,2,93635500.0,124750.0,True,-0.38856980135267816,-0.6116832416629105,-0.8062025384809587,9,1
27053102300,2011,6,143671700.0,103000.0,False,-0.34592520577371516,-0.5043918067560423,-1.0353866638510654,0,0
27053102300,2012,1,137586100.0,100000.0,False,-0.3992309502474189,-0.5174410142551976,-1.0669982673503904,4,0
27053102300,2013,4,135280200.0,91000.0,False,-0.36724750356319663,-0.5223855008419438,-1.1618330778483656,1,0
27053102300,2014,2,135455700.0,91000.0,False,-0.38856980135267816,-0.5220091803614486,-1.1618330778483656,5,0
27053102300,2015,2,136627700.0,91000.0,False,-0.38856980135267816,-0.5194960886056628,-1.1618330778483656,6,0
27053102300,2017,2,151989700.0,111500.0,True,-0.38856980135267816,-0.48655571697393796,-0.9458204539363111,8,1
27053102500,2011,1,161935800.0,163950.0,False,-0.3992309502474189,-0.4652285310420086,-0.3931442527564445,0,0
27053102500,2012,39,150278400.0,152000.0,False,0.00589270775272945,-0.4902252169071088,-0.5190638066954226,4,0
27053102500,2013,3,144724400.0,146000.0,False,-0.3779086524579374,-0.5021345271559435,-0.5822870136940728,1,0
27053102500,2014,2,148044100.0,150500.0,False,-0.38856980135267816,-0.4950161733149179,-0.5348696084450851,5,0
27053102500,2016,10,183381700.0,184500.0,True,-0.30328061019475216,-0.4192425971807401,-0.17660476878606776,7,1
27053102500,2017,1,204179700.0,199000.0,True,-0.3992309502474189,-0.3746459398967528,-0.023815351872663277,8,1
27053102500,2018,1,231248100.0,227000.0,True,-0.3992309502474189,-0.3166038128640631,0.271226280787704,2,1
27053102500,2019,1,258637200.0,252750.0,True,-0.3992309502474189,-0.2578740164405196,0.5425592108235775,3,1
27053102500,2020,177,279290500.0,278000.0,True,1.4771312552269524,-0.2135876359287697,0.8086235402762302,9,1
27053102600,2012,1,160090900.0,137500.0,False,-0.3992309502474189,-0.4691845062811291,-0.6718532236088272,4,0
27053102600,2015,4,172831000.0,142000.0,False,-0.36724750356319663,-0.4418662125286661,-0.6244358183598395,6,0
27053102600,2016,3,181612800.0,152500.0,True,-0.3779086524579374,-0.4230356074254581,-0.5137952061122018,7,1
27053102600,2017,6,194573400.0,166000.0,True,-0.34592520577371516,-0.3952445007616036,-0.371542990365239,8,1
27053102600,2018,2,216095400.0,187500.0,True,-0.38856980135267816,-0.34909538747830837,-0.1449931652867427,2,1
27053102600,2019,29,235886000.0,200500.0,True,-0.100718781194678,-0.30665887408065096,-0.008009550123000744,3,1
27053102600,2020,3,252119600.0,215500.0,True,-0.3779086524579374,-0.27184955127627863,0.1500484673736246,9,1
27053102800,2011,2,75433000.0,97500.0,False,-0.38856980135267816,-0.6507144299604285,-1.0933412702664946,0,0
27053102800,2012,4,72070000.0,92500.0,False,-0.36724750356319663,-0.6579256309627388,-1.1460272760987031,4,0
27053102800,2013,4,69006800.0,89500.0,False,-0.36724750356319663,-0.6644939779476561,-1.1776388795980282,1,0
27053102800,2014,2,70576800.0,90500.0,False,-0.38856980135267816,-0.6611274642474994,-1.1671016784315864,5,0
27053102800,2016,1,82210700.0,104500.0,True,-0.3992309502474189,-0.6361811688740894,-1.0195808621014029,7,1
27053102800,2017,2,85334800.0,109000.0,True,-0.38856980135267816,-0.6294822354660259,-0.9721634568524152,8,1
27053102800,2018,4,88762600.0,113500.0,True,-0.36724750356319663,-0.6221320853632251,-0.9247460516034277,2,1
27053102800,2019,1,98051900.0,122000.0,True,-0.3992309502474189,-0.602213260067132,-0.8351798416886733,3,1
27053102800,2020,1,109967400.0,138500.0,True,-0.3992309502474189,-0.576663136503936,-0.6613160224423854,9,1
27053102900,2011,2,43480400.0,105500.0,False,-0.38856980135267816,-0.719229631014969,-1.0090436609349611,0,0
27053102900,2012,3,41902100.0,103500.0,False,-0.3779086524579374,-0.7226139422079354,-1.0301180632678446,4,0
27053102900,2013,1,40353700.0,98000.0,False,-0.3992309502474189,-0.725934139541262,-1.0880726696832739,1,0
27053102900,2014,1,40881900.0,99250.0,False,-0.3992309502474189,-0.7248015328301647,-1.0749011682252216,5,0
27053102900,2016,8,48509900.0,122000.0,True,-0.3246029079842337,-0.7084449936551356,-0.8351798416886733,7,1
27053102900,2017,3,50698500.0,131500.0,True,-0.3779086524579374,-0.7037520306715922,-0.7350764306074773,8,1
27053103000,2013,2,88124900.0,175500.0,False,-0.38856980135267816,-0.6234994903228365,-0.27143957928404294,1,0
27053103000,2014,40,93238100.0,185000.0,False,0.016553856647470194,-0.6125353770415362,-0.17133616820284692,5,0
27053103000,2016,7,107717700.0,223000.0,True,-0.3352640568789744,-0.581487114765874,0.22907747612193727,7,1
27053103000,2017,2,115429100.0,236000.0,True,-0.38856980135267816,-0.5649517429522506,0.3660610912856792,8,1
27053103000,2018,196,127710300.0,273250.0,True,1.6796930842270266,-0.5386174575673047,0.7585718347356322,2,1
27053103000,2019,9,136716400.0,292500.0,True,-0.3139417590894929,-0.5193058913029851,0.9614129571896346,3,1
27053103000,2020,320,186489500.0,331500.0,True,3.0016755471748793,-0.41257861547542346,1.3723638026808604,9,1
27053103100,2011,8,111948700.0,163900.0,False,-0.3246029079842337,-0.5724146819853879,-0.3936711128147666,0,0
27053103100,2014,1,106554900.0,154000.0,False,-0.3992309502474189,-0.5839804791802321,-0.4979894043625393,5,0
27053103100,2015,1,116349200.0,170000.0,False,-0.3992309502474189,-0.5629787943818594,-0.32939418569947226,6,0
27053103100,2018,2,151565200.0,227500.0,True,-0.38856980135267816,-0.48746596223872557,0.27649488137092487,2,1
27053103100,2019,1,171008000.0,261000.0,True,-0.3992309502474189,-0.4457752281180838,0.6294911204467214,3,1
27053103100,2020,22,185792500.0,287500.0,True,-0.17534682345786323,-0.4140731760161937,0.9087269513574262,9,1
27053103400,2012,5,88163300.0,148500.0,False,-0.3565863546684559,-0.6234171501151384,-0.5559440107779685,4,0
27053103400,2015,4,91876400.0,139000.0,False,-0.36724750356319663,-0.6154552380004555,-0.6560474218591646,6,0
27053103400,2016,5,100284400.0,165000.0,True,-0.3565863546684559,-0.5974261633565588,-0.3820801915316807,7,1
27053103600,2012,10,375959300.0,149500.0,False,-0.30328061019475216,-0.0063030247327743845,-0.5454068096115269,4,0
27053103600,2013,152,366831900.0,140000.0,False,1.2106025328584338,-0.02587469170526528,-0.6455102206927229,1,0
27053103600,2016,401,485235300.0,185000.0,True,3.8652286076488793,0.22801490590310383,-0.17133616820284692,7,1
27053103600,2017,118,513234500.0,188750.0,True,0.8481234704372485,0.2880529252619757,-0.1318216638286906,8,1
27053103600,2019,496,651765600.0,212500.0,True,4.87803775264925,0.585101871789227,0.11843686387429953,3,1
27053103600,2020,57,751272400.0,216000.0,True,0.19779338785806286,0.7984719389604101,0.15531706795684544,9,1
27053103700,2014,28,332979400.0,200000.0,False,-0.11137993008941875,-0.09846380319224382,-0.013278150706221589,5,0
27053103700,2015,81,365429400.0,211000.0,False,0.45366096133184075,-0.028882039134863903,0.10263106212463699,6,0
27053103700,2016,0,450750500.0,223000.0,True,-0.4098920991421596,0.15406996854822141,0.22907747612193727,7,1
27053103700,2017,87,496216200.0,244500.0,True,0.5176278547002853,0.25156098889039763,0.45562730120043354,8,1
27053103700,2018,446,562044300.0,275000.0,True,4.344980307912213,0.3927146197854858,0.777011936776905,2,1
27053103700,2019,16,573888100.0,297500.0,True,-0.2393137168263077,0.4181109987421205,1.014098963021843,3,1
27053103900,2013,540,136253900.0,132500.0,False,5.3471283040178434,-0.520297619064974,-0.7245392294410355,1,0
27053103900,2014,330,141725900.0,137750.0,False,3.1082870361222863,-0.5085641394679945,-0.6692189233172167,5,0
27053103900,2019,151,411133700.0,199500.0,True,1.199941383963693,0.06912060551868646,-0.018546751289442432,3,1
27053103900,2020,5,438122100.0,225000.0,True,-0.3565863546684559,0.12699119045200516,0.2501518784548206,9,1
27053104000,2011,1,834792400.0,191000.0,False,-0.3992309502474189,0.9775618907037805,-0.10811296120419679,0,0
27053104000,2014,7,753075600.0,172500.0,False,-0.3352640568789744,0.8023384978802335,-0.303051182783368,5,0
27053104000,2015,4,781335100.0,178500.0,False,-0.36724750356319663,0.8629346723449338,-0.2398279757847179,6,0
27053104000,2016,13,809398900.0,180200.0,True,-0.27129716351052996,0.9231112119490478,-0.22191473380176702,7,1
27053104000,2017,37,831118100.0,191500.0,True,-0.015429590036752042,0.9696831765072927,-0.10284436062097595,8,1
27053104000,2018,12,877560500.0,205500.0,True,-0.2819583124052707,1.0692685114551652,0.0446764557092077,2,1
27053104000,2019,80,995157400.0,226500.0,True,0.4429998124371,1.3214287502742499,0.2659576802044832,3,1
27053104001,2020,38,316522800.0,232500.0,True,-0.004768441142011296,-0.13375129959861295,0.3291808872031333,9,1
27053104002,2020,117,762689600.0,240250.0,True,0.8374623215425077,0.8229535696721487,0.4108441962430564,9,1
27053104100,2011,6,122246500.0,98000.0,False,-0.34592520577371516,-0.5503333540990986,-1.0880726696832739,0,0
27053104100,2012,7,118595900.0,93500.0,False,-0.3352640568789744,-0.5581612489486478,-1.1354900749322614,4,0
27053104100,2013,2,112465800.0,91500.0,False,-0.38856980135267816,-0.5713058767405783,-1.1565644772651449,1,0
27053104100,2014,5,114020400.0,94000.0,False,-0.3565863546684559,-0.5679723848945505,-1.1302214743490406,5,0
27053104100,2016,6,145623300.0,117500.0,True,-0.34592520577371516,-0.5002070372418856,-0.882597246937661,7,1
27053104100,2017,2,148714300.0,128500.0,True,-0.38856980135267816,-0.49357907937743695,-0.7666880341068023,8,1
27053104100,2018,1,167934300.0,137250.0,True,-0.3992309502474189,-0.4523660900035435,-0.6744875239004375,2,1
27053104100,2020,200,202400300.0,171000.0,True,1.7223376798059895,-0.3784614650420133,-0.3188569845330306,9,1
27053104400,2013,56,1825559700.0,95000.0,False,0.18713223896332212,3.1020406735810484,-1.1196842731825989,1,0
27053104400,2016,99,2329533300.0,118500.0,True,0.6455616414371742,4.182699290725837,-0.8720600457712192,7,1
27053104400,2018,310,2567106900.0,131400.0,True,2.895064058227472,4.692122716965046,-0.7361301507241215,2,1
27053104400,2019,134,2808146400.0,132500.0,True,1.0187018527531004,5.208977990231882,-0.7245392294410355,3,1
27053104800,2012,213,225138200.0,91500.0,False,1.8609326154376193,-0.32970512627590237,-1.1565644772651449,4,0
27053104800,2013,1,214323800.0,82500.0,False,-0.3992309502474189,-0.35289418726888017,-1.25139928776312,1,0
27053104800,2014,268,227954500.0,82500.0,False,2.4472958046483604,-0.32366620109516897,-1.25139928776312,5,0
27053104800,2015,2,258569500.0,82000.0,False,-0.38856980135267816,-0.2580191839421124,-1.256667888346341,6,0
27053104800,2016,118,264746700.0,92500.0,True,0.8481234704372485,-0.24477356073917717,-1.1460272760987031,7,1
27053104800,2017,116,281456600.0,100500.0,True,0.826801172647767,-0.20894291916067445,-1.0617296667671696,8,1
27053104800,2018,8,291341600.0,132250.0,True,-0.3246029079842337,-0.18774674850713977,-0.727173529732646,2,1
27053104800,2019,85,305463200.0,118700.0,True,0.49630555691080375,-0.157466137126163,-0.8699526055379309,3,1
27053104900,2011,260,284084600.0,207500.0,False,2.3620066134904345,-0.20330776119633565,0.06575085804209108,0,0
27053104900,2012,104,255878500.0,195500.0,False,0.698867385910878,-0.2637894313097059,-0.06069555595520919,4,0
27053104900,2013,98,277088300.0,195000.0,False,0.6349004925424334,-0.21830976106920613,-0.06596415653843003,1,0
27053104900,2014,337,330057200.0,200250.0,False,3.182915078385472,-0.10472980722701965,-0.010643850414611166,5,0
27053104900,2015,179,379098000.0,216000.0,False,1.498453553016434,0.0004272151084243325,0.15531706795684544,6,0
27053104900,2016,198,437082400.0,215500.0,True,1.7010153820165081,0.12476178644305423,0.1500484673736246,7,1
27053104900,2017,437,539032100.0,221500.0,True,4.2490299678595465,0.3433701060461564,0.21327167437227473,8,1
27053104900,2018,101,570175400.0,250000.0,True,0.6668839392266557,0.41014994433793456,0.5135819076158629,2,1
27053104900,2019,155,656350500.0,266000.0,True,1.242585979542656,0.5949331639318057,0.6821771262789299,3,1
27053104901,2020,20,232830100.0,0.0,True,-0.19666912124734473,-0.31321156784900067,-2.1207183839945594,9,1
27053104902,2020,17,518115900.0,283500.0,True,-0.22865256793156696,0.2985199953103484,0.8665781466916594,9,1
27053105100,2011,3,417226000.0,260500.0,False,-0.3779086524579374,0.08218417966866413,0.6242225198635006,0,0
27053105100,2012,4,406934400.0,257500.0,False,-0.36724750356319663,0.06011614629507612,0.5926109163641755,4,0
27053105100,2013,6,399623400.0,254000.0,False,-0.34592520577371516,0.04443934268880479,0.5557307122816296,1,0
27053105100,2014,8,405642300.0,260000.0,False,-0.3246029079842337,0.057345526962609535,0.6189539192802798,5,0
27053105100,2015,9,439418600.0,283250.0,False,-0.3139417590894929,0.12977124459993716,0.863943846400049,6,0
27053105100,2016,3,463174800.0,299000.0,True,-0.3779086524579374,0.18071109986341724,1.0299047647715056,7,1
27053105100,2017,2,482994000.0,313500.0,True,-0.38856980135267816,0.22320893956159982,1.1826941816849101,8,1
27053105100,2018,2,535248900.0,339000.0,True,-0.38856980135267816,0.3352578801668997,1.4513928114291732,2,1
27053105100,2019,5,553898800.0,357000.0,True,-0.3565863546684559,0.37524841765515027,1.6410624324251235,3,1
27053105100,2020,1,596085400.0,365500.0,True,-0.3992309502474189,0.4657081417717316,1.730628642339878,9,1
27053105201,2013,1,275541000.0,107500.0,False,-0.3992309502474189,-0.22162759969866636,-0.9879692586020778,1,0
27053105201,2015,15,317302000.0,122000.0,False,-0.24997486572104843,-0.13208047955073898,-0.8351798416886733,6,0
27053105201,2016,1,365955600.0,131500.0,True,-0.3992309502474189,-0.027753720976250857,-0.7350764306074773,7,1
27053105201,2018,181,415598300.0,149500.0,True,1.5197758508059154,0.07869394122933603,-0.5454068096115269,2,1
27053105201,2020,40,457781500.0,158250.0,True,0.016553856647470194,0.16914637480669406,-0.4532062994051621,9,1
27053105204,2012,354,225560900.0,152000.0,False,3.3641546095960644,-0.32879874070835063,-0.5190638066954226,4,0
27053105204,2013,90,224680000.0,141500.0,False,0.5496113013845075,-0.33068763365005,-0.6297044189430604,1,0
27053105204,2017,75,420745100.0,174500.0,True,0.3896940679633963,0.08973010219237217,-0.28197678045048463,8,1
27053105204,2019,231,460722800.0,205250.0,True,2.052833295542953,0.17545333451769474,0.04204215541759728,3,1
27053105400,2015,113,298202500.0,224000.0,False,0.7948177259635447,-0.1730350836374548,0.23961467728837893,6,0
27053105400,2016,306,334381800.0,234500.0,True,2.8524194626485087,-0.09545667019026942,0.3502552895360167,7,1
27053105400,2017,50,379431900.0,179000.0,True,0.12316534559487766,0.0011431889456742295,-0.23455937520149706,8,1
27053105400,2019,470,573161700.0,264500.0,True,4.600847881385991,0.4165533964798314,0.6663713245292674,3,1
27053105400,2020,342,635422600.0,273000.0,True,3.2362208228591753,0.5500579651639648,0.7559375344440217,9,1
27053105500,2011,4,809549700.0,318500.0,False,-0.36724750356319663,0.9234345688063622,1.2353801875171186,0,0
27053105500,2012,2,777934200.0,309450.0,False,-0.38856980135267816,0.8556422032730465,1.1400185169608212,4,0
27053105500,2013,1,729151800.0,290000.0,False,-0.3992309502474189,0.7510392619185711,0.9350699542735305,1,0
27053105500,2014,4,727275000.0,295000.0,False,-0.36724750356319663,0.7470148842673263,0.9877559601057389,5,0
27053105500,2015,4,774946300.0,303000.0,False,-0.36724750356319663,0.8492353202891623,1.0720535694372724,6,0
27053105500,2016,2,802336500.0,314500.0,True,-0.38856980135267816,0.907967475416572,1.1932313828513519,7,1
27053105500,2017,134,835798800.0,320000.0,True,1.0187018527531004,0.9797198903138683,1.2511859892667812,8,1
27053105500,2019,2,953542700.0,367500.0,True,-0.38856980135267816,1.2321953377405475,1.7517030446727613,3,1
27053105500,2020,45,968877900.0,376250.0,True,0.06985960112117393,1.2650782427689828,1.843903554879126,9,1
27053105600,2012,194,309507400.0,111000.0,False,1.6583707864375452,-0.14879425514770828,-0.9510890545195319,4,0
27053105600,2014,10,312461900.0,100000.0,False,-0.30328061019475216,-0.1424589909903114,-1.0669982673503904,5,0
27053105600,2016,29,400774600.0,116500.0,True,-0.100718781194678,0.04690783349875412,-0.8931344481041026,7,1
27053105600,2017,183,430792900.0,123000.0,True,1.541098148595397,0.11127536101812693,-0.8246426405222316,8,1
27053105600,2020,0,539872000.0,143000.0,True,-0.4098920991421596,0.34517108366192817,-0.6138986171933979,9,1
27053105700,2012,130,125886100.0,121750.0,False,0.9760572571741374,-0.542529046288213,-0.8378141419802837,4,0
27053105700,2016,9,138896400.0,92250.0,True,-0.3139417590894929,-0.5146313690951242,-1.1486615763903136,7,1
27053105700,2019,151,182407100.0,124500.0,True,1.199941383963693,-0.42133240880632783,-0.8088368387725691,3,1
27053105700,2020,1,206226000.0,132000.0,True,-0.3992309502474189,-0.37025810742246573,-0.7298078300242564,9,1
27053106000,2012,2,76979100.0,117500.0,False,-0.38856980135267816,-0.6473991644624588,-0.882597246937661,4,0
27053106000,2013,2,73640200.0,110000.0,False,-0.38856980135267816,-0.6545586884073336,-0.9616262556859736,1,0
27053106000,2016,36,84796400.0,122500.0,True,-0.026090738931492788,-0.630636713794793,-0.8299112411054524,7,1
27053106000,2017,1,89469200.0,132500.0,True,-0.3992309502474189,-0.6206169397705303,-0.7245392294410355,8,1
27053106000,2019,110,110015600.0,151500.0,True,0.7628342792793225,-0.5765597823890649,-0.5243324072786435,3,1
27053106000,2020,41,121640300.0,184500.0,True,0.02721500554221094,-0.5516332143570827,-0.17660476878606776,9,1
27053106200,2011,1,166306600.0,159500.0,False,-0.3992309502474189,-0.4558563284428716,-0.44003479794711,0,0
27053106200,2016,321,189895300.0,162000.0,True,3.0123366960696196,-0.40527563944994965,-0.4136917950310058,7,1
27053106200,2019,4,230282600.0,184500.0,True,-0.36724750356319663,-0.31867411157584735,-0.17660476878606776,3,1
27053106200,2020,128,269169100.0,193500.0,True,0.9547349593846559,-0.23529071348594582,-0.08176995828809257,9,1
27053106400,2012,1,93398600.0,212000.0,False,-0.3992309502474189,-0.612191220704673,0.11316826329107868,4,0
27053106400,2014,1,93224900.0,213500.0,False,-0.3992309502474189,-0.6125636814879324,0.12897406504074121,5,0
27053106400,2016,321,103727600.0,234450.0,True,3.0123366960696196,-0.590042991399629,0.3497284294776946,7,1
27053106400,2017,200,109794500.0,245500.0,True,1.7223376798059895,-0.5770338818662016,0.46616450236687523,8,1
27053106400,2018,1,115212500.0,259750.0,True,-0.3992309502474189,-0.5654161931862977,0.6163196189886693,2,1
27053106500,2011,11,1104090800.0,412700.0,False,-0.29261946130001143,1.5550120518695716,2.2279845373959257,0,0
27053106500,2012,5,1058841400.0,387500.0,False,-0.3565863546684559,1.4579848384785699,1.962447068001595,4,0
27053106500,2013,7,1029665900.0,373500.0,False,-0.3352640568789744,1.3954245069760711,1.8149262516714115,1,0
27053106500,2014,11,1033585600.0,370500.0,False,-0.29261946130001143,1.4038294265623796,1.7833146481720863,5,0
27053106500,2015,260,1121959100.0,399500.0,False,2.3620066134904345,1.5933266230469671,2.088893481998895,6,0
27053106500,2016,3,1130592300.0,422500.0,True,-0.3779086524579374,1.6118385887005933,2.331249108827054,7,1
27053106500,2017,85,1244591200.0,438000.0,True,0.49630555691080375,1.8562837216004653,2.4945757269069,8,1
27053106500,2018,1,1328704600.0,476500.0,True,-0.3992309502474189,2.0366460868659204,2.9002579718149053,2,1
27053106500,2019,209,1471418600.0,499500.0,True,1.8182880198586562,2.342664326486411,3.1426135986430643,3,1
27053106500,2020,8,1477969800.0,514000.0,True,-0.3246029079842337,2.3567119090039057,3.295403015556469,9,1
27053106600,2012,2,423618700.0,341500.0,False,-0.38856980135267816,0.09589189440178009,1.4777358143452775,4,0
27053106600,2013,3,403337100.0,316500.0,False,-0.3779086524579374,0.05240254136923289,1.2143057851842352,1,0
27053106600,2015,2,435529300.0,350500.0,False,-0.38856980135267816,0.12143151101138962,1.5725706248432525,6,0
27053106600,2016,4,452121100.0,360450.0,True,-0.36724750356319663,0.15700891356569582,1.6774157764493474,7,1
27053106600,2017,1,478066800.0,377750.0,True,-0.3992309502474189,0.2126436616613372,1.8597093566287886,8,1
27053106600,2018,3,501001100.0,405500.0,True,-0.3779086524579374,0.261821136281404,2.1521166889975456,2,1
27053106600,2019,2,552218000.0,432000.0,True,-0.38856980135267816,0.3716443181473646,2.43135251990825,3,1
27053106600,2020,2,580891300.0,472250.0,True,-0.38856980135267816,0.4331277941210617,2.855474866857528,9,1
27053106700,2015,67,347428000.0,275000.0,False,0.30440487680547035,-0.06748201348008791,0.777011936776905,6,0
27053106700,2016,18,376101400.0,278000.0,True,-0.2179914190368262,-0.005998323078766567,0.8086235402762302,7,1
27053106700,2017,111,426910900.0,311250.0,True,0.7734954281740632,0.102951280646147,1.1589854790604164,8,1
27053106700,2018,1,479492000.0,341500.0,True,-0.3992309502474189,0.21569968416163235,1.4777358143452775,2,1
27053106700,2019,13,538357700.0,378000.0,True,-0.27129716351052996,0.3419240061484585,1.862343656920399,3,1
27053106700,2020,113,580357600.0,397500.0,True,0.7948177259635447,0.43198339389063267,2.067819079666012,9,1
27053106900,2011,3,132622500.0,143000.0,False,-0.3779086524579374,-0.5280843438106742,-0.6138986171933979,0,0
27053106900,2016,0,145475200.0,144750.0,True,-0.4098920991421596,-0.5005246045533464,-0.5954585151521249,7,1
27053107000,2016,4,207452300.0,208500.0,True,-0.36724750356319663,-0.36762858146673183,0.07628805920853277,7,1
27053107000,2017,1,229065700.0,234500.0,True,-0.3992309502474189,-0.32128348133490514,0.3502552895360167,8,1
27053107000,2018,141,255073500.0,248000.0,True,1.0933298950162855,-0.265515573684627,0.4925075052829795,2,1
27053107000,2019,84,282730200.0,264750.0,True,0.485644408016063,-0.20621196893868743,0.6690056248208778,3,1
27053107000,2020,2,314908300.0,293500.0,True,-0.38856980135267816,-0.13721323359154486,0.9719501583560763,9,1
27053107400,2014,2,143415400.0,152000.0,False,-0.38856980135267816,-0.5049413847569023,-0.5190638066954226,5,0
27053107400,2016,2,153186900.0,167750.0,True,-0.38856980135267816,-0.4839885894568503,-0.3531028883239661,7,1
27053107400,2017,4,160159700.0,178000.0,True,-0.36724750356319663,-0.4690369800756701,-0.24509657636793875,8,1
27053107400,2018,17,170371200.0,192000.0,True,-0.22865256793156696,-0.4471407032290773,-0.0975757600377551,2,1
27053107400,2020,8,217674300.0,239300.0,True,-0.3246029079842337,-0.3457097897195966,0.4008338551349368,9,1
27053107500,2011,1,244721600.0,190500.0,False,-0.3992309502474189,-0.28771290691561596,-0.11338156178741764,0,0
27053107500,2012,6,231964900.0,187000.0,False,-0.34592520577371516,-0.3150667956536985,-0.15026176586996354,4,0
27053107500,2013,2,229841000.0,178250.0,False,-0.38856980135267816,-0.31962102396437553,-0.2424622760763283,1,0
27053107500,2014,2,229774500.0,182000.0,False,-0.38856980135267816,-0.3197636183344777,-0.202947771702172,5,0
27053107500,2015,2,244577690.0,194000.0,False,-0.38856980135267816,-0.28802148970962205,-0.07650135770487172,6,0
27053107500,2017,2,272340900.0,213250.0,True,-0.38856980135267816,-0.22848949810113234,0.12633976474913078,8,1
27053107500,2018,2,286154800.0,228000.0,True,-0.38856980135267816,-0.19886868051986145,0.2817634819541457,2,1
27053107600,2011,2,339663200.0,202500.0,False,-0.38856980135267816,-0.08413188964504148,0.013064852209882634,0,0
27053107600,2012,3,326756600.0,197000.0,False,-0.3779086524579374,-0.11180720539182051,-0.04488975420554665,4,0
27053107600,2013,3,309573100.0,187500.0,False,-0.3779086524579374,-0.1486533761985998,-0.1449931652867427,1,0
27053107600,2014,4,318121300.0,193000.0,False,-0.36724750356319663,-0.13032367402555528,-0.08703855887131341,5,0
27053107600,2015,4,342467300.0,207500.0,False,-0.36724750356319663,-0.07811912463446216,0.06575085804209108,6,0
27053107600,2016,3,352110800.0,213500.0,True,-0.3779086524579374,-0.057440796693403816,0.12897406504074121,7,1
27053107600,2017,3,378128900.0,231000.0,True,-0.3779086524579374,-0.0016508029978316576,0.31337508545347076,8,1
27053107600,2018,5,413255200.0,253000.0,True,-0.3565863546684559,0.07366968756638234,0.5451935111151879,2,1
27053107600,2019,11,454927600.0,278000.0,True,-0.29261946130001143,0.16302682483925626,0.8086235402762302,3,1
27053107600,2020,2,476499400.0,292000.0,True,-0.38856980135267816,0.20928272307940998,0.9561443566064138,9,1
27053108000,2011,3,485031700.0,355000.0,False,-0.3779086524579374,0.22757833126020452,1.6199880300922402,0,0
27053108000,2013,13,457373400.0,325250.0,False,-0.27129716351052996,0.16827129567227753,1.3065062953906,1,0
27053108000,2014,11,466719700.0,331500.0,False,-0.29261946130001143,0.18831234471417244,1.3723638026808604,5,0
27053108000,2015,59,504500900.0,359500.0,False,0.21911568564754436,0.2693256742736388,1.6674054353412278,6,0
27053108000,2016,14,531662400.0,365500.0,True,-0.26063601461578917,0.3275674334244716,1.730628642339878,7,1
27053108000,2017,73,566893200.0,380000.0,True,0.3683717701739148,0.40311200085598903,1.8834180592532823,8,1
27053108000,2018,1,610039500.0,396000.0,True,-0.3992309502474189,0.49562958688215025,2.0520132779163496,2,1
27053108000,2019,7,672122600.0,419500.0,True,-0.3352640568789744,0.6287529032504314,2.299637505327729,3,1
27053108000,2020,3,715688300.0,440500.0,True,-0.3779086524579374,0.7221697987325453,2.5209187298230047,9,1
27053108600,2011,1,126467100.0,159000.0,False,-0.3992309502474189,-0.5412832217915308,-0.44530339853033085,0,0
27053108600,2013,2,108035400.0,138000.0,False,-0.38856980135267816,-0.5808058782037467,-0.6665846230256063,1,0
27053108600,2014,1,107679900.0,135500.0,False,-0.3992309502474189,-0.5815681684078268,-0.6929276259417105,5,0
27053108600,2016,8,126849600.0,159500.0,True,-0.3246029079842337,-0.5404630361289129,-0.44003479794711,7,1
27053108600,2018,10,147679400.0,187500.0,True,-0.30328061019475216,-0.49579819086042565,-0.1449931652867427,2,1
27053108600,2019,4,164238900.0,207000.0,True,-0.36724750356319663,-0.4602900484287405,0.06048225745887023,3,1
27053108700,2011,64,186777400.0,154000.0,False,0.2724214301212481,-0.41196127834531193,-0.4979894043625393,0,0
27053108700,2012,2,187006100.0,150000.0,False,-0.38856980135267816,-0.4114708823687349,-0.540138209028306,4,0
27053108700,2013,3,180405200.0,138500.0,False,-0.3779086524579374,-0.42562503541546404,-0.6613160224423854,1,0
27053108700,2014,3,182280900.0,138000.0,False,-0.3779086524579374,-0.4216030164680857,-0.6665846230256063,5,0
27053108700,2015,136,190592500.0,144500.0,False,1.0400241505425818,-0.403780650053931,-0.5980928154437353,6,0
27053108700,2016,5,210545400.0,157000.0,True,-0.3565863546684559,-0.36099612062217457,-0.46637780086321423,7,1
27053108700,2017,127,228492500.0,169500.0,True,0.9440738104899151,-0.3225125804768987,-0.3346627862826931,8,1
27053108700,2018,2,270013700.0,189000.0,True,-0.38856980135267816,-0.23347965777183602,-0.12918736353708016,2,1
27053108700,2019,4,292037900.0,201750.0,True,-0.36724750356319663,-0.18625368895973904,0.005161951335051367,3,1
27053108700,2020,151,333621800.0,219000.0,True,1.199941383963693,-0.09708632013429434,0.1869286714561705,9,1
27053108800,2012,3,245811600.0,171000.0,False,-0.3779086524579374,-0.28537564581168545,-0.3188569845330306,4,0
27053108800,2014,2,232911700.0,159500.0,False,-0.38856980135267816,-0.3130365949076422,-0.44003479794711,5,0
27053108800,2015,5,245107700.0,171000.0,False,-0.3565863546684559,-0.28688500185852644,-0.3188569845330306,6,0
27053108800,2016,2,260867200.0,178000.0,True,-0.38856980135267816,-0.25309228042055176,-0.24509657636793875,7,1
27053108800,2017,1,275351600.0,184000.0,True,-0.3992309502474189,-0.22203372561892729,-0.1818733693692886,8,1
27053108800,2018,45,301855000.0,210250.0,True,0.06985960112117393,-0.16520311466304555,0.09472816124980572,2,1
27053108800,2019,2,343283300.0,237000.0,True,-0.38856980135267816,-0.0763693952208775,0.3765982924521209,3,1
27053108800,2020,2,370548800.0,251500.0,True,-0.38856980135267816,-0.017904631340862336,0.5293877093655254,9,1
27053108900,2011,1,190122800.0,180500.0,False,-0.3992309502474189,-0.40478781660486324,-0.21875357345183452,0,0
27053108900,2012,1,185086500.0,177500.0,False,-0.3992309502474189,-0.41558703504314315,-0.25036517695115956,4,0
27053108900,2015,5,186914900.0,179000.0,False,-0.3565863546684559,-0.41166644036201794,-0.23455937520149706,6,0
27053108900,2017,5,205169900.0,194000.0,True,-0.3565863546684559,-0.3725226775617877,-0.07650135770487172,8,1
27053108900,2018,3,231860300.0,220500.0,True,-0.3779086524579374,-0.3152910869486261,0.20273447320583304,2,1
27053108900,2019,1,260825600.0,248000.0,True,-0.3992309502474189,-0.2531814823122247,0.4925075052829795,3,1
27053108900,2020,3,277320400.0,261500.0,True,-0.3779086524579374,-0.2178120745534059,0.6347597210299423,9,1
27053109000,2011,1,193100400.0,212250.0,False,-0.3992309502474189,-0.398403019666273,0.1158025635826891,0,0
27053109000,2014,4,180233900.0,199500.0,False,-0.36724750356319663,-0.42599234993574225,-0.018546751289442432,5,0
27053109000,2018,2,248851900.0,275250.0,True,-0.38856980135267816,-0.2788564027527131,0.7796462370685155,2,1
27053109000,2019,5,272378900.0,302500.0,True,-0.3565863546684559,-0.2284080156039311,1.0667849688540516,3,1
27053109000,2020,2,285090900.0,321250.0,True,-0.38856980135267816,-0.20114997601387213,1.2643574907248332,9,1
27053109100,2011,2,738920200.0,288000.0,False,-0.38856980135267816,0.7719854099622724,0.9139955519406471,0,0
27053109100,2012,193,716932800.0,276000.0,False,1.6477096375428044,0.7248383505158861,0.7875491379433468,4,0
27053109100,2013,20,690127500.0,260000.0,False,-0.19666912124734473,0.6673603825625029,0.6189539192802798,1,0
27053109100,2014,28,718080000.0,276500.0,False,-0.11137993008941875,0.7272982642208669,0.7928177385265676,5,0
27053109100,2015,16,854230900.0,283500.0,False,-0.2393137168263077,1.0192434044365812,0.8665781466916594,6,0
27053109100,2016,45,865240700.0,303750.0,True,0.06985960112117393,1.0428514570072727,1.0799564703121036,7,1
27053109100,2017,136,915761000.0,318000.0,True,1.0400241505425818,1.15118093604296,1.2301115869338977,8,1
27053109100,2018,84,979717900.0,340000.0,True,0.485644408016063,1.2883221972337595,1.461930012595615,2,1
27053109100,2019,62,1106480900.0,356000.0,True,0.2510991323317666,1.5601370865159059,1.6305252312586818,3,1
27053109100,2020,54,1137410700.0,376000.0,True,0.16580994117384062,1.6264591218299875,1.8412692545875156,9,1
27053109200,2012,2,246917400.0,221000.0,False,-0.38856980135267816,-0.2830045051431292,0.2080030737890539,4,0
27053109200,2013,3,237306200.0,213500.0,False,-0.3779086524579374,-0.3036135729615665,0.12897406504074121,1,0
27053109200,2015,1,263779500.0,233000.0,False,-0.3992309502474189,-0.2468475047205731,0.33444948778635414,6,0
27053109200,2016,5,284959200.0,242250.0,True,-0.3565863546684559,-0.2014323771949617,0.4319185985759398,7,1
27053109200,2017,10,313647500.0,258250.0,True,-0.30328061019475216,-0.13991673707763252,0.6005138172390068,8,1
27053109200,2019,41,378587500.0,303750.0,True,0.02721500554221094,-0.0006674379131871452,1.0799564703121036,3,1
27053109200,2020,4,404343000.0,317250.0,True,-0.36724750356319663,0.05455946884119956,1.2222086860590664,9,1
27053109300,2011,1,265371100.0,210500.0,False,-0.3992309502474189,-0.24343467465358617,0.09736246154141615,0,0
27053109300,2015,1,269221200.0,206500.0,False,-0.3992309502474189,-0.23517899669373044,0.055213656875649386,6,0
27053109300,2016,26,285788400.0,220000.0,True,-0.13270222787890024,-0.19965434333498083,0.1974658726226122,7,1
27053109300,2018,2,338988200.0,253500.0,True,-0.38856980135267816,-0.08557927610848468,0.5504621116984088,2,1
27053109300,2020,1,399511700.0,293500.0,True,-0.3992309502474189,0.04419982703255797,0.9719501583560763,9,1
27053109400,2015,1,65236200.0,130000.0,False,-0.3992309502474189,-0.6725791859462619,-0.7508822323571398,6,0
27053109400,2017,53,79318200.0,160000.0,True,0.1551487922790999,-0.6423834879044737,-0.43476619736388916,8,1
27053109400,2019,3,101444000.0,197750.0,True,-0.3779086524579374,-0.5949396606261755,-0.036986853330715386,3,1
27053109400,2020,48,117434500.0,213000.0,True,0.10184304780539616,-0.560651611376267,0.12370546445752037,9,1
27053109700,2014,9,106623700.0,146500.0,False,-0.3139417590894929,-0.583832952974773,-0.5770184131108519,5,0
27053109800,2011,16,577616300.0,334000.0,False,-0.2393137168263077,0.4261052894280596,1.3987068055969647,0,0
27053109800,2012,20,562401900.0,324000.0,False,-0.19666912124734473,0.39348141296967437,1.293334793932548,4,0
27053109800,2013,38,554696700.0,319500.0,False,-0.004768441142011296,0.3769593356687522,1.2459173886835602,1,0
27053109800,2014,82,572282800.0,329500.0,False,0.4643221102265815,0.4146687920906163,1.3512894003479772,5,0
27053109800,2015,21,650307700.0,374750.0,False,-0.18600797235260397,0.5819757314558139,1.8280977531294635,6,0
27053109800,2016,19,704070400.0,400250.0,True,-0.20733027014208547,0.6972578117790096,2.0967963828737264,7,1
27053109800,2017,12,745961600.0,419250.0,True,-0.2819583124052707,0.7870841166936633,2.297003205036119,8,1
27053109800,2018,14,774382500.0,435000.0,True,-0.26063601461578917,0.8480263773438448,2.462964123407575,2,1
27053109800,2019,9,864309200.0,483500.0,True,-0.3139417590894929,1.040854063687721,2.9740183799799973,3,1
27053109800,2020,55,903026700.0,510000.0,True,0.1764710900685814,1.1238750790927012,3.253254210890702,9,1
27053109900,2012,4,355125300.0,245500.0,False,-0.36724750356319663,-0.050976875961478645,0.46616450236687523,4,0
27053109900,2013,1,344903700.0,238750.0,False,-0.3992309502474189,-0.072894809998117,0.39503839449339384,1,0
27053109900,2014,12,344124600.0,235750.0,False,-0.2819583124052707,-0.07456541561836676,0.36342679099406877,5,0
27053109900,2016,6,405521700.0,276500.0,True,-0.34592520577371516,0.05708692724780769,0.7928177385265676,7,1
27053109900,2018,1,458600700.0,312500.0,True,-0.3992309502474189,0.17090296590425358,1.1721569805184684,2,1
27053109900,2019,1,502635300.0,339500.0,True,-0.3992309502474189,0.26532531251630603,1.456661412012394,3,1
27053109900,2020,2,526961200.0,357250.0,True,-0.38856980135267816,0.31748676195493214,1.643696732716734,9,1
27053110000,2011,3,73139700.0,151500.0,False,-0.3779086524579374,-0.6556318986665237,-0.5243324072786435,0,0
27053110000,2013,2,63405000.0,129000.0,False,-0.38856980135267816,-0.6765057846008651,-0.7614194335235815,1,0
27053110000,2014,6,65980000.0,133500.0,False,-0.34592520577371516,-0.6709842732773595,-0.7140020282745939,5,0
27053110000,2016,1,74480600.0,150500.0,True,-0.3992309502474189,-0.6527566386534408,-0.5348696084450851,7,1
27053110000,2017,3,85670700.0,167500.0,True,-0.3779086524579374,-0.6287619730762917,-0.35573718861557646,8,1
27053110100,2014,2,167978200.0,151500.0,False,-0.38856980135267816,-0.4522719562765137,-0.5243324072786435,5,0
27053110100,2015,2,182040000.0,162000.0,False,-0.38856980135267816,-0.42211957261481675,-0.4136917950310058,6,0
27053110100,2016,1,198775100.0,175000.0,True,-0.3992309502474189,-0.38623489527501215,-0.2767081798672638,7,1
27053110100,2017,1,213600600.0,188000.0,True,-0.3992309502474189,-0.3544449278471944,-0.13972456470352185,8,1
27053110100,2018,2,243498900.0,216100.0,True,-0.38856980135267816,-0.29033471347687817,0.1563707880734896,2,1
27053110100,2020,2,283153700.0,250000.0,True,-0.38856980135267816,-0.20530386795014197,0.5135819076158629,9,1
27053110200,2011,2,264868400.0,169000.0,False,-0.38856980135267816,-0.24451260232050898,-0.33993138686591395,0,0
27053110200,2012,3,261027200.0,167500.0,False,-0.3779086524579374,-0.2527491962218097,-0.35573718861557646,4,0
27053110200,2013,1,241915000.0,153500.0,False,-0.3992309502474189,-0.2937310326168006,-0.5032580049457601,1,0
27053110200,2014,4,241932800.0,153500.0,False,-0.36724750356319663,-0.29369286449969056,-0.5032580049457601,5,0
27053110200,2015,3,258914800.0,164500.0,False,-0.3779086524579374,-0.2572787653557021,-0.38734879211490153,6,0
27053110200,2016,11,272646200.0,172500.0,True,-0.29261946130001143,-0.22783485056440758,-0.303051182783368,7,1
27053110200,2017,58,294452200.0,185500.0,True,0.20845453675280362,-0.18107676282834514,-0.16606756761962607,8,1
27053110200,2018,2,329732000.0,210500.0,True,-0.38856980135267816,-0.10542712586096295,0.09736246154141615,2,1
27053110200,2019,8,353114700.0,219500.0,True,-0.3246029079842337,-0.055288157773921424,0.19219727203939135,3,1
27053110200,2020,68,384972900.0,239500.0,True,0.3150660257002111,0.013024623603361199,0.4029412953682251,9,1
27053110400,2012,184,217292200.0,166500.0,False,1.5517592974901377,-0.34652911767171757,-0.36627438978201815,4,0
27053110400,2013,5,201320800.0,155000.0,False,-0.3565863546684559,-0.3807762112454013,-0.4874522031960976,1,0
27053110400,2014,8,203764500.0,155000.0,False,-0.3246029079842337,-0.37553624339248853,-0.4874522031960976,5,0
27053110400,2015,17,215247200.0,164500.0,False,-0.22865256793156696,-0.3509141625868899,-0.38734879211490153,6,0
27053110400,2016,81,222694700.0,168000.0,True,0.45366096133184075,-0.3349446652735667,-0.35046858803235564,7,1
27053110400,2017,3,238191000.0,178000.0,True,-0.3779086524579374,-0.30171631734252274,-0.24509657636793875,8,1
27053110400,2018,24,266236300.0,199750.0,True,-0.15402452566838173,-0.24157944684888832,-0.01591245099783201,2,1
27053110400,2019,16,307635600.0,226000.0,True,-0.2393137168263077,-0.1528079114177423,0.2606890796212623,3,1
27053110400,2020,3,327139600.0,234500.0,True,-0.3779086524579374,-0.11098594759108164,0.3502552895360167,9,1
27053110500,2011,1,466568200.0,191000.0,False,-0.3992309502474189,0.18798748686348854,-0.10811296120419679,0,0
27053110500,2012,53,455227700.0,188000.0,False,0.1551487922790999,0.1636703221395219,-0.13972456470352185,4,0
27053110500,2013,2,436216000.0,180500.0,False,-0.38856980135267816,0.12290398550686582,-0.21875357345183452,1,0
27053110500,2014,6,448449900.0,181000.0,False,-0.34592520577371516,0.1491368466255586,-0.21348497286861368,5,0
27053110500,2015,14,482196500.0,192000.0,False,-0.26063601461578917,0.2214988792584947,-0.0975757600377551,6,0
27053110500,2016,10,510639400.0,197000.0,True,-0.30328061019475216,0.2824883139860032,-0.04488975420554665,7,1
27053110500,2017,7,543979200.0,209000.0,True,-0.3352640568789744,0.3539780550436376,0.08155665979175361,8,1
27053110500,2018,8,580510900.0,225500.0,True,-0.3246029079842337,0.4323121114385524,0.2554204790380415,2,1
27053110500,2019,76,658205300.0,259000.0,True,0.400355216858137,0.5989103675057235,0.608416718113838,3,1
27053110500,2020,166,729795700.0,272500.0,True,1.3598586173848042,0.7524199613908837,0.7506689338608008,9,1
27053110800,2013,7,387745000.0,218500.0,False,-0.3352640568789744,0.018968771774192105,0.18166007087294966,1,0
27053110800,2014,3,394899700.0,225000.0,False,-0.3779086524579374,0.03431042500381726,0.2501518784548206,5,0
27053110800,2015,3,432185800.0,250000.0,False,-0.3779086524579374,0.11426212339580102,0.5135819076158629,6,0
27053110800,2016,3,439412200.0,252000.0,True,-0.3779086524579374,0.12975752123198747,0.5346563099487462,7,1
27053110800,2017,1,464292300.0,262500.0,True,-0.3992309502474189,0.18310732856400652,0.645296922196384,8,1
27053110800,2018,2,508391300.0,289000.0,True,-0.38856980135267816,0.2776677665660527,0.9245327531070887,2,1
27053110800,2019,1,552677200.0,309500.0,True,-0.3992309502474189,0.3726289697977544,1.1405453770191434,3,1
27053110800,2020,1,583879500.0,325000.0,True,-0.3992309502474189,0.4395353203878187,1.3038719950989894,9,1
27053110900,2012,1,239359000.0,171000.0,False,-0.3992309502474189,-0.2992118026917055,-0.3188569845330306,4,0
27053110900,2013,1,229855300.0,161500.0,False,-0.3992309502474189,-0.31959036081411296,-0.4189603956142266,1,0
27053110900,2014,1,228520600.0,160500.0,False,-0.3992309502474189,-0.3224523263144946,-0.4294975967806683,5,0
27053110900,2015,4,245050900.0,171000.0,False,-0.36724750356319663,-0.2870067967490799,-0.3188569845330306,6,0
27053110900,2016,1,257772600.0,179000.0,True,-0.3992309502474189,-0.2597279576794722,-0.23455937520149706,7,1
27053110900,2017,2,280393500.0,195000.0,True,-0.38856980135267816,-0.21122249923369144,-0.06596415653843003,8,1
27053111100,2011,107,278912800.0,194500.0,False,0.7308508325951002,-0.21439752906542525,-0.07123275712165088,0,0
27053111100,2012,2,273365800.0,192000.0,False,-0.38856980135267816,-0.22629182938056505,-0.0975757600377551,4,0
27053111100,2013,12,256369300.0,180000.0,False,-0.2819583124052707,-0.26273702053006454,-0.22402217403505537,1,0
27053111100,2014,3,267177700.0,180000.0,False,-0.3779086524579374,-0.23956082519453956,-0.22402217403505537,5,0
27053111100,2015,2,283391400.0,191500.0,False,-0.38856980135267816,-0.20479417348738574,-0.10284436062097595,6,0
27053111100,2016,6,300522600.0,203000.0,True,-0.34592520577371516,-0.16806014832807029,0.01833345279310348,7,1
27053111100,2017,2,326270300.0,220500.0,True,-0.38856980135267816,-0.11284996692837225,0.20273447320583304,8,1
27053111100,2018,4,346824100.0,233500.0,True,-0.36724750356319663,-0.06877694190271508,0.339718088369575,2,1
27053111100,2019,4,395332900.0,265500.0,True,-0.36724750356319663,0.03523932547191146,0.676908525695709,3,1
27053111100,2020,168,413368700.0,276500.0,True,1.3811809151742858,0.07391306291986502,0.7928177385265676,9,1
27053111200,2011,5,429605400.0,293500.0,False,-0.3565863546684559,0.10872903298058799,0.9719501583560763,0,0
27053111200,2012,13,410496000.0,279500.0,False,-0.27129716351052996,0.06775320055907502,0.8244293420258927,4,0
27053111200,2013,128,407643300.0,275000.0,False,0.9547349593846559,0.061636223723127784,0.777011936776905,1,0
27053111200,2014,27,419854000.0,281500.0,False,-0.1220410789841595,0.08781933763300295,0.8455037443587761,5,0
27053111200,2015,25,486486600.0,321500.0,False,-0.143363376773641,0.2306980387648912,1.2669917910164437,6,0
27053111200,2016,18,526162700.0,343500.0,True,-0.2179914190368262,0.3157745573755849,1.4988102166781607,7,1
27053111200,2017,6,560652600.0,359000.0,True,-0.34592520577371516,0.3897304305393023,1.662136834758007,8,1
27053111200,2018,26,593896500.0,378250.0,True,-0.13270222787890024,0.46101453550531557,1.8649779572120095,2,1
27053111200,2019,12,662266000.0,415750.0,True,-0.2819583124052707,0.6076176300421734,2.260123000953573,3,1
27053111200,2020,13,679912700.0,424500.0,True,-0.27129716351052996,0.6454570296043111,2.3523235111599377,9,1
27053111300,2011,4,682853500.0,326000.0,False,-0.36724750356319663,0.6517629171771906,1.3144091962654312,0,0
27053111300,2012,6,654745700.0,312000.0,False,-0.34592520577371516,0.5914920294184226,1.1668883799352476,4,0
27053111300,2013,11,644832600.0,309500.0,False,-0.29261946130001143,0.5702356046024838,1.1405453770191434,1,0
27053111300,2014,9,650956900.0,312500.0,False,-0.3139417590894929,0.58336779559221,1.1721569805184684,5,0
27053111300,2015,11,731247100.0,352500.0,False,-0.29261946130001143,0.7555321639287229,1.593645027176136,6,0
27053111300,2016,12,763294600.0,368500.0,True,-0.2819583124052707,0.8242508567986422,1.762240245839203,7,1
27053111300,2017,8,801454800.0,381500.0,True,-0.3246029079842337,0.9060768670538789,1.8992238610029448,8,1
27053111300,2018,2,850304800.0,409500.0,True,-0.38856980135267816,1.010824761482323,2.194265493663312,2,1
27053111300,2019,2,946061200.0,456500.0,True,-0.38856980135267816,1.2161529350349916,2.6895139484860717,3,1
27053111300,2020,2,972184200.0,468000.0,True,-0.38856980135267816,1.272167863308364,2.810691761900151,9,1
27053111400,2011,2,593773600.0,363500.0,False,-0.38856980135267816,0.46075100395515683,1.7095542400069945,0,0
27053111400,2012,2,562288500.0,342500.0,False,-0.38856980135267816,0.3932382520438159,1.488273015511719,4,0
27053111400,2013,4,549519600.0,333500.0,False,-0.36724750356319663,0.36585820313557926,1.393438205013744,1,0
27053111400,2014,1,549169700.0,335000.0,False,-0.3992309502474189,0.36510792087845517,1.4092440067634064,5,0
27053111400,2015,1,607577700.0,374000.0,False,-0.3992309502474189,0.49035080762925476,1.8201948522546323,6,0
27053111400,2016,4,635899600.0,390000.0,True,-0.36724750356319663,0.5510807849314646,1.9887900709176993,7,1
27053111400,2017,6,663680100.0,406000.0,True,-0.34592520577371516,0.6106498510761809,2.157385289580766,8,1
27053111400,2018,2,688113500.0,428000.0,True,-0.38856980135267816,0.6630418102108369,2.3892037152424836,2,1
27053111400,2020,2,782069700.0,482000.0,True,-0.38856980135267816,0.8645098576724084,2.958212578230335,9,1
27053111500,2013,1,582613900.0,262000.0,False,-0.3992309502474189,0.43682152437576877,0.6400283216131631,1,0
27053111500,2014,46,583472800.0,256000.0,False,0.08052075001591467,0.4386632432401411,0.576805114614513,5,0
27053111500,2016,10,657355900.0,290000.0,True,-0.30328061019475216,0.5970890192656514,0.9350699542735305,7,1
27053111500,2017,2,712201300.0,314000.0,True,-0.38856980135267816,0.7146927074762099,1.187962782268131,8,1
27053111500,2018,4,765335700.0,351250.0,True,-0.36724750356319663,0.8286275390364702,1.5804735257180837,2,1
27053111500,2019,1,828543700.0,362500.0,True,-0.3992309502474189,0.9641629517495325,1.6990170388405528,3,1
27053111600,2011,1,353871000.0,269000.0,False,-0.3992309502474189,-0.05366644165199241,0.7137887297782549,0,0
27053111600,2013,3,328483700.0,249000.0,False,-0.3779086524579374,-0.10810382589402388,0.5030447064494211,1,0
27053111600,2014,2,335393000.0,258000.0,False,-0.38856980135267816,-0.09328837805421941,0.5978795169473964,5,0
27053111600,2015,2,368283500.0,285000.0,False,-0.38856980135267816,-0.022762060312177677,0.882383948441322,6,0
27053111600,2017,6,408338900.0,313000.0,True,-0.34592520577371516,0.06312778227715903,1.1774255811016892,8,1
27053111600,2018,2,441229000.0,342500.0,True,-0.38856980135267816,0.1336532423087039,1.488273015511719,2,1
27053111600,2019,3,472962600.0,364000.0,True,-0.3779086524579374,0.2016988468662161,1.7148228405902153,3,1
27053125600,2011,1,311856500.0,258000.0,False,-0.3992309502474189,-0.14375713582730176,0.5978795169473964,0,0
27053125600,2012,19,302268100.0,248000.0,False,-0.20733027014208547,-0.16431731414741832,0.4925075052829795,4,0
27053125600,2013,196,292614200.0,238000.0,False,1.6796930842270266,-0.1850179425613949,0.3871354936185626,1,0
27053125600,2016,342,367100400.0,268500.0,True,3.2362208228591753,-0.02529895353425121,0.708520129195034,7,1
27053125600,2018,70,433207700.0,310000.0,True,0.33638832348969255,0.1164533592876419,1.1458139776023641,2,1
27053125600,2019,169,510960800.0,338250.0,True,1.3918420640690266,0.2831774843702264,1.443489910554342,3,1
27053125700,2011,16,91385400.0,86000.0,False,-0.2393137168263077,-0.6165080776353453,-1.2145190836805742,0,0
27053125700,2012,12,84938000.0,81500.0,False,-0.2819583124052707,-0.6303330842789062,-1.2619364889295617,4,0
27053125700,2013,11,76423900.0,74000.0,False,-0.29261946130001143,-0.6485896666320939,-1.3409654976778744,1,0
27053125700,2014,10,74596200.0,72000.0,False,-0.30328061019475216,-0.6525087603198496,-1.3620399000107577,5,0
27053125700,2015,7,76106300.0,72500.0,False,-0.3352640568789744,-0.6492706887665969,-1.356771299427537,6,0
27053125700,2016,10,83874800.0,79000.0,True,-0.30328061019475216,-0.6326128787795474,-1.288279491845666,7,1
27053125700,2018,5,106638700.0,99500.0,True,-0.3565863546684559,-0.583800788831141,-1.0722668679336114,2,1
27053125700,2019,5,122035500.0,111500.0,True,-0.3565863546684559,-0.5507857963861897,-0.9458204539363111,3,1
27053125700,2020,80,136915900.0,127250.0,True,0.4429998124371,-0.5188781081926785,-0.7798595355648544,9,1
27053125800,2011,26,250736900.0,122500.0,False,-0.13270222787890024,-0.2748144420362829,-0.8299112411054524,0,0
27053125800,2012,66,240422000.0,113500.0,False,0.29374372791072956,-0.2969324370463127,-0.9247460516034277,4,0
27053125800,2013,7,198068700.0,100000.0,False,-0.3352640568789744,-0.3877496120124585,-1.0669982673503904,1,0
27053125800,2014,24,199436100.0,100000.0,False,-0.15402452566838173,-0.3848175286789589,-1.0669982673503904,5,0
27053125800,2016,2,219218500.0,110000.0,True,-0.38856980135267816,-0.342398598346487,-0.9616262556859736,7,1
27053125800,2017,5,226357300.0,126000.0,True,-0.3565863546684559,-0.32709103910911186,-0.7930310370229066,8,1
27053125800,2018,1,242433900.0,137750.0,True,-0.3992309502474189,-0.2926183676747552,-0.6692189233172167,2,1
27053125800,2019,5,271279400.0,157500.0,True,-0.3565863546684559,-0.2307656473321619,-0.46110920027999336,3,1
27053125900,2011,33,143597600.0,127000.0,False,-0.05807418561571503,-0.5045506976255848,-0.7824938358564649,0,0
27053125900,2012,5,132907200.0,116500.0,False,-0.3565863546684559,-0.5274738683645375,-0.8931344481041026,4,0
27053125900,2013,64,122441100.0,102750.0,False,0.2724214301212481,-0.5499160779423785,-1.0380209641426759,1,0
27053125900,2014,42,127718300.0,104500.0,False,0.037876154436951685,-0.5386003033573675,-1.0195808621014029,5,0
27053125900,2015,3,131630200.0,109000.0,False,-0.3779086524579374,-0.5302121091257477,-0.9721634568524152,6,0
27053125900,2016,4,150797900.0,117500.0,True,-0.36724750356319663,-0.4891112653993181,-0.882597246937661,7,1
27053125900,2017,9,157034800.0,126000.0,True,-0.3139417590894929,-0.47573762890472726,-0.7930310370229066,8,1
27053125900,2018,3,170269800.0,142000.0,True,-0.3779086524579374,-0.44735813284003006,-0.6244358183598395,2,1
27053125900,2019,3,192636200.0,155500.0,True,-0.3779086524579374,-0.39939839269787347,-0.48218360261287674,3,1
27053126000,2011,8,263160100.0,124000.0,False,-0.3246029079842337,-0.24817566942495342,-0.8141054393557899,0,0
27053126000,2013,1,234718600.0,113500.0,False,-0.3992309502474189,-0.30916210216572293,-0.9247460516034277,1,0
27053126000,2015,2,242122900.0,119000.0,False,-0.38856980135267816,-0.2932852375860601,-0.8667914451879983,6,0
27053126000,2016,2,256152400.0,127250.0,True,-0.38856980135267816,-0.26320211404698424,-0.7798595355648544,7,1
27053126000,2017,200,274971700.0,140500.0,True,1.7223376798059895,-0.22284833616331554,-0.640241620109502,8,1
27053126000,2018,4,292164300.0,152500.0,True,-0.36724750356319663,-0.1859826524427328,-0.5137952061122018,2,1
27053126000,2019,3,324618000.0,170000.0,True,-0.3779086524579374,-0.11639295456325696,-0.32939418569947226,3,1
27053126100,2012,456,2434511000.0,121500.0,False,4.451591796859621,4.407800478790133,-0.8404484422718942,4,0
27053126100,2013,257,2449936700.0,115000.0,False,2.330023166806212,4.440877440818482,-0.9089402498537651,1,0
27053126100,2014,583,2570225400.0,94500.0,False,5.805557706491695,4.698809642426154,-1.1249528737658196,5,0
27053126100,2015,408,2983710300.0,119000.0,False,3.939856649912065,5.585435489978983,-0.8667914451879983,6,0
27053126100,2016,371,3470204805.0,136250.0,True,3.545394140806657,6.628614098981197,-0.6850247250668793,7,1
27053126100,2017,454,4133310500.0,139000.0,True,4.430269499070139,8.050495886796142,-0.6560474218591646,8,1
27053126100,2018,183,4448351200.0,169600.0,True,1.541098148595397,8.726030175112683,-0.3336090661660489,2,1
27053126100,2019,360,5158814300.0,127500.0,True,3.4281215029645087,10.249459321358438,-0.777225235273244,3,1
27053126101,2020,1,814306700.0,274500.0,True,-0.3992309502474189,0.933634890890213,0.7717433361936842,9,1
27053126102,2020,607,4597610600.0,25000.0,True,6.061425279965473,9.046083560448466,-1.857288354833517,9,1
27053126200,2011,325,990466700.0,159500.0,False,3.054981291648583,1.3113705937052529,-0.44003479794711,0,0
27053126200,2012,819,950296100.0,152500.0,False,8.32158884565051,1.225233730492822,-0.5137952061122018,4,0
27053126200,2013,531,946143900.0,148000.0,False,5.251177963965176,1.2163302666802163,-0.5612126113611894,1,0
27053126200,2015,265,1342259800.0,166500.0,False,2.415312357964138,2.0657121801833505,-0.36627438978201815,6,0
27053126200,2016,319,1551377100.0,183000.0,True,2.9910143982801385,2.5141174383934066,-0.1924105705357303,7,1
27053126200,2017,192,1830247800.0,197500.0,True,1.6370484886480636,3.112093255031816,-0.03962115362232581,8,1
27053126200,2018,230,2084398525.0,220000.0,True,2.042172146648212,3.6570626165714786,0.1974658726226122,2,1
27053126200,2019,666,2372336800.0,233500.0,True,6.690433064755177,4.274481818856192,0.339718088369575,3,1
27053126300,2020,241,257677700.0,164250.0,True,2.1594447844903604,-0.2599314494948511,-0.38998309240651197,9,1
