parcel,date,neighborhood,ward,downtown_yn,housing_units,car_parking,bike_parking,parcel_area,university_yn,res_parking_elim_2015_yn,res_parking_reduced_2015_yn,distance_to_transit,census_tract,year,year_id,month,day,past_reform,limit,limit_id,limit_con,zone,zone_id,month_id,day_id,neighborhood_id,ward_id,parcel_id,census_tract_id,housing_units_std,car_parking_std,parcel_area_std,distance_to_transit_std
2602924310063,2011-01-10,Elliot Park,6,True,7,0,0,7245.89315517,False,False,True,267.71156473143856,27053005901,2011,0,1,9,False,eliminated,0,0.0,yellow_zone,2,0,0,0,0,0,0,-0.9660177043216761,-0.8744108339946742,-0.6537758336825865,-0.2759362179976143
102824440106,2011-01-10,Stanish Ericsson,12,False,64,74,80,38210.63183098,False,True,True,165.84523549240103,27053108700,2011,0,1,9,False,full,2,1.0,blue_zone,1,0,0,1,1,1,1,-0.4129335307637258,-0.17282273511437476,-0.03505718670605527,-0.5131014349083406
2702924430325,2011-01-10,Stevens Square,6,False,123,104,62,73747.49012334,False,True,True,190.56108943159308,27053105700,2011,0,1,9,False,full,2,1.0,blue_zone,1,0,0,2,0,2,2,0.15955710502432793,0.1116048725398007,0.6750187842441677,-0.4555579766880364
3302924440363,2011-02-07,Lowry Hill East,10,False,198,240,108,70847.10546467,False,True,True,154.84464766683385,27053007700,2011,0,2,37,False,full,2,1.0,blue_zone,1,1,1,3,2,3,3,0.8872994386532098,1.4010100272387296,0.6170650553103696,-0.5387130066345978
1702823340059,2011-04-11,Nokomis East,12,False,42,42,21,52590.82877047,False,False,False,1461.1527494681973,27053011998,2011,0,4,100,False,full,2,1.0,other_non_university,3,2,2,4,1,4,4,-0.6264046152948645,-0.47621218327882864,0.2522791957129566,2.5026338901301166
702823340165,2011-05-23,Stanish-Ericsson,12,False,104,86,82,54748.57213412,False,True,True,160.8346030299696,27053111100,2011,0,5,142,False,full,2,1.0,blue_zone,1,3,3,5,1,5,5,-0.024804286161655472,-0.05905169205270458,0.29539391624903083,-0.5247671908425111
2702924320010,2011-07-18,Loring Park,7,True,78,83,78,37463.55116654,False,False,True,271.54154793929774,27053105600,2011,0,7,198,False,eliminated,0,0.0,yellow_zone,2,4,4,6,3,6,6,-0.2770882951530012,-0.08749445281812213,-0.04998489989375758,-0.26701924999609855
3302924440366,2011-07-18,Lowry Hill East,10,False,137,139,140,58565.75285227,False,True,True,99.49050055671717,27053007700,2011,0,7,198,False,full,2,1.0,blue_zone,1,4,4,3,2,7,3,0.29540234063505255,0.4434370814696721,0.3716665085652614,-0.667588547790822
3302924440367,2011-07-18,Lowry Hill East,10,False,217,246,217,21310.97307162,False,False,True,394.43459915678113,27053007700,2011,0,7,198,False,full,2,1.0,yellow_zone,2,4,4,3,2,8,3,1.0716608298391932,1.4578955487695648,-0.3727359286915238,0.019100387047287115
2202924120426,2011-08-15,North Loop,3,True,100,113,100,44454.85287361,False,False,False,1062.8230832946874,27053126200,2011,0,8,226,False,eliminated,0,0.0,other_non_university,3,5,5,7,4,9,7,-0.06361721062186251,0.19693315483605334,0.08971105485306254,1.575242647255974
702823440133,2011-08-15,Longfellow,12,False,48,44,48,5604.23851362,False,True,True,61.87074000373434,27053110500,2011,0,8,226,False,full,2,1.0,blue_zone,1,5,5,8,1,10,8,-0.568185228604554,-0.45725034276855026,-0.6865783820669541,-0.7551748850852713
2602924120959,2011-08-29,Mill District,3,True,101,0,25,17769.96693801,False,True,True,111.0084012401273,27053126100,2011,0,8,240,False,eliminated,0,0.0,blue_zone,1,5,6,9,4,11,9,-0.05391397950681075,-0.8744108339946742,-0.4434901677910555,-0.640772568120767
2202924410131,2011-09-19,Downtown West,3,True,287,347,150,110398.36530516,False,False,True,410.5852575401418,27053126200,2011,0,9,261,False,eliminated,0,0.0,yellow_zone,2,6,7,10,4,12,7,1.7508870078928165,2.4154684945386222,1.40735436570724,0.056702354521274465
2302924210470,2011-09-19,St. Anthony Main,3,False,94,100,44,6891.47091581,False,True,True,38.83110357722048,27053103600,2011,0,9,261,False,full,2,1.0,blue_zone,1,6,7,11,4,13,10,-0.12183659731217306,0.07368119151924397,-0.6608576841283815,-0.8088157732124585
802824330179,2011-10-03,Linden Hills,13,False,6,6,3,18877.96568994,False,False,False,2563.953630937824,27053109800,2011,0,10,275,False,full,2,1.0,other_non_university,3,7,8,12,5,14,11,-0.9757209354367278,-0.8175253124638392,-0.42135080805599767,5.070175218230253
2202924240704,2011-10-03,North Loop,3,True,44,33,22,30041.25266792,False,False,True,621.6706131801607,27053126200,2011,0,10,275,False,eliminated,0,0.0,yellow_zone,2,7,8,7,4,15,7,-0.606998153064761,-0.5615404655750813,-0.19829277139243334,0.548151339981113
2202924210053,2011-10-17,North Loop,3,True,205,188,205,53072.96226975,False,False,False,809.9149083596571,27053126200,2011,0,10,289,False,eliminated,0,0.0,other_non_university,3,7,9,7,4,16,7,0.9552220564585722,0.9080021739714921,0.26191289517542365,0.9864217619346615
1102924440206,2011-11-14,Logan Park,1,False,35,31,35,37625.31486048,False,True,True,148.4586919422148,27053102500,2011,0,11,317,False,full,2,1.0,blue_zone,1,8,10,13,6,17,12,-0.6943272331002268,-0.5805023060853596,-0.046752635772546916,-0.5535807905817115
2702924310130,2011-12-12,Loring Park,7,True,354,289,452,43391.36879228,False,False,True,271.72342450153747,27053105204,2011,0,12,345,False,eliminated,0,0.0,yellow_zone,2,9,11,6,3,18,13,2.4010034926012844,1.8655751197405497,0.06846116029491438,-0.26659580493179924
2202924440122,2011-12-12,Downtown West,3,True,330,430,175,53499.5301082,False,False,True,551.5200909919353,27053126100,2011,0,12,345,False,eliminated,0,0.0,yellow_zone,2,9,11,10,4,19,9,2.168125945840042,3.2023848757151745,0.2704363152698961,0.38482687413008065
1702824230149,2012-01-09,Fulton,13,False,90,74,10,70852.13251211,False,False,False,1783.0676350836618,27053111200,2012,1,1,373,False,full,2,1.0,other_non_university,3,0,12,14,5,20,14,-0.1606495217723801,-0.17282273511437476,0.6171655027264747,3.2521162190224135
3302924440371,2012-02-06,Lowry Hill East,10,False,171,171,90,51127.96544799,False,True,True,58.30550404542801,27053007700,2012,1,2,401,False,full,2,1.0,blue_zone,1,1,13,3,2,21,3,0.6253121985468123,0.746826529634126,0.2230491471382695,-0.7634754684645495
802824420029,2012-02-06,Linden Hills,13,False,40,60,20,3570.00053811,False,False,False,1143.0480830506904,27053109100,2012,1,2,401,False,full,2,1.0,other_non_university,3,1,13,12,5,22,15,-0.645811077524968,-0.3055556186863233,-0.7272252927679663,1.7620225146658224
3302924430211,2012-02-21,Lowry Hill East,10,False,92,107,46,36534.35686651,False,True,True,65.1329022280289,27053007700,2012,1,2,416,False,full,2,1.0,blue_zone,1,1,14,3,2,23,3,-0.1412430595422766,0.14004763330521824,-0.0685514974068827,-0.7475799180603251
2202924131156,2012-03-05,North Loop,3,True,185,190,185,55150.70922888,False,False,False,816.3013335962149,27053126200,2012,1,3,429,False,eliminated,0,0.0,other_non_university,3,10,15,7,4,24,7,0.761157434157537,0.9269640144817705,0.30342917602544717,1.0012906389996055
3502924430217,2012-03-26,Phillips,9,False,46,43,22,14282.69946366,False,True,True,29.476761843369825,27053125800,2012,1,3,450,False,full,2,1.0,blue_zone,1,10,16,15,7,25,16,-0.5875916908346575,-0.46673126302368945,-0.5131706335610013,-0.8305945543164659
2202824210200,2012-04-23,Tangletown,11,False,45,58,46,19937.26812622,False,True,True,72.6108897478103,27053111500,2012,1,4,478,False,full,2,1.0,blue_zone,1,2,17,16,8,26,17,-0.5972949219497092,-0.3245174591966017,-0.40018446859561924,-0.7301696653749362
2202924410104,2012-04-23,North Loop,3,True,106,136,106,29285.92893239,False,False,True,434.34023414674914,27053126200,2012,1,4,478,False,eliminated,0,0.0,yellow_zone,2,2,17,7,4,27,7,-0.005397823931551957,0.41499432070425457,-0.21338519263225686,0.11200869786064192
302824320328,2012-06-11,Lyndale,8,False,30,28,19,15541.30160738,False,False,False,678.4489042444995,27053109300,2012,1,6,527,False,full,2,1.0,other_non_university,3,11,18,17,9,28,18,-0.7428433886754856,-0.6089450668507772,-0.4880220081003722,0.6803425734994585
2202924440064,2012-06-25,Downtown West,7,True,255,0,128,16415.23279323,False,False,True,598.9218233801897,27053126100,2012,1,6,541,False,eliminated,0,0.0,yellow_zone,2,11,19,10,3,29,9,1.4403836122111602,-0.8744108339946742,-0.4705596446513915,0.4951876010531468
502824220155,2012-06-25,West Calhoun,13,False,185,398,336,118909.95956731,False,False,True,407.94016755478265,27053109100,2012,1,6,541,False,full,2,1.0,yellow_zone,2,11,19,18,5,30,15,0.761157434157537,2.8989954275507204,1.5774278851587293,0.05054405525975861
2202924240098,2012-07-16,North Loop,5,True,78,74,78,16116.57097706,False,False,True,424.8992277492093,27053126200,2012,1,7,562,False,eliminated,0,0.0,yellow_zone,2,4,20,7,10,31,7,-0.2770882951530012,-0.17282273511437476,-0.4765273241057191,0.09002814406181091
3302924430217,2012-07-30,Lowry Hill East,10,False,219,275,219,84576.41516941,False,False,True,378.2065879021961,27053007700,2012,1,7,576,False,full,2,1.0,yellow_zone,2,4,21,3,2,32,3,1.0910672920692968,1.7328422361686011,0.8913958033710516,-0.018681673403640117
3302924430219,2012-07-30,Lowry Hill East,10,False,168,189,183,60605.83047213,False,False,True,356.92675982995024,27053007700,2012,1,7,576,False,full,2,1.0,yellow_zone,2,4,21,3,2,33,3,0.5962025052016571,0.9174830942266312,0.41243010350148973,-0.06822537521637886
2602924110115,2012-08-27,Mill District,3,True,169,307,169,95367.97766255,False,False,False,691.0859669848531,27053126100,2012,1,8,604,False,eliminated,0,0.0,other_non_university,3,5,22,9,4,34,9,0.6059057363167089,2.036231684333055,1.107026266602907,0.709764186591038
2202924120786,2012-09-19,North Loop,3,True,137,173,276,42800.3671453,False,False,False,1069.494417666672,27053126200,2012,1,9,627,False,eliminated,0,0.0,other_non_university,3,6,23,7,4,35,7,0.29540234063505255,0.7657883701444043,0.05665212346729117,1.5907748498516219
802824420031,2012-10-01,Linden Hills,13,False,18,40,18,4864.00250877,False,False,False,1177.4575503949666,27053109100,2012,1,10,639,False,full,2,1.0,other_non_university,3,7,24,12,5,36,15,-0.8592821620561067,-0.49517402378910697,-0.7013693294138439,1.8421346463922736
3602924220117,2012-10-29,Seward,6,False,60,37,37,27018.11306865,False,False,True,455.977026731952,27053106200,2012,1,10,667,False,full,2,1.0,yellow_zone,2,7,25,19,0,37,19,-0.45174645522393286,-0.5236167845545245,-0.25869931517323846,0.1623834845546884
2202924430064,2012-12-03,Downtown West,7,True,55,0,28,8520.93645914,False,True,True,71.35918843343485,27053104400,2012,1,12,702,False,eliminated,0,0.0,blue_zone,1,9,26,10,3,38,20,-0.5002626107991917,-0.8744108339946742,-0.6282986909193861,-0.7330838767335756
2302924340074,2012-12-03,Mill District,7,True,117,0,78,50648.9754031,False,False,True,226.7134412676767,27053126100,2012,1,12,702,False,eliminated,0,0.0,yellow_zone,2,9,26,9,3,39,9,0.10133771833401739,-0.8744108339946742,0.21347825827683406,-0.37138806078856484
2202924240099,2013-01-07,North Loop,5,True,182,188,91,59438.31923809,False,False,True,330.3461453826825,27053126200,2013,2,1,737,False,eliminated,0,0.0,yellow_zone,2,0,27,7,10,40,7,0.7320477408123817,0.9080021739714921,0.38910160140696226,-0.13011036938568682
3602924340053,2013-01-07,East Phillips,9,False,64,18,32,43179.15852856,False,True,True,66.24615853298735,27053125900,2013,2,1,737,False,full,2,1.0,blue_zone,1,0,27,20,7,41,21,-0.4129335307637258,-0.703754269402169,0.06422090338146129,-0.7449880344122637
1502924140112,2013-01-22,Sheridan,3,False,151,189,100,132199.61935182,False,False,True,289.523196838058,27053002400,2013,2,1,752,False,full,2,1.0,yellow_zone,2,0,28,21,4,42,22,0.4312475762457772,0.9174830942266312,1.8429738148931212,-0.22515436987972834
2302924120244,2013-04-08,St. Anthony Main,3,False,130,136,130,37503.0136213,False,True,True,50.718602049803,27053103600,2013,2,4,828,False,full,2,1.0,blue_zone,1,2,29,11,4,43,10,0.22747972282969026,0.41499432070425457,-0.04919638503267283,-0.7811392958637926
2702924440346,2013-04-08,Ventura Village,6,False,90,90,45,78517.30239558,False,True,True,82.41625678962556,27053005902,2013,2,4,828,False,full,2,1.0,blue_zone,1,2,29,22,0,44,23,-0.1606495217723801,-0.021128011032147852,0.770326283083739,-0.7073408070197437
2302924120039,2013-04-22,St. Anthony Main,3,False,22,13,12,11133.26110656,False,False,True,221.88239082735987,27053103600,2013,2,4,842,False,full,2,1.0,yellow_zone,2,2,30,11,4,45,10,-0.8204692375958997,-0.7511588706778649,-0.5761008025975378,-0.38263571380741257
2202924140205,2013-05-06,North Loop,3,True,140,138,137,47761.08874031,False,False,True,658.8828117577909,27053126200,2013,2,5,856,False,eliminated,0,0.0,yellow_zone,2,3,31,7,4,46,7,0.32451203398020784,0.4339561612145329,0.15577425672429204,0.6347887913678131
1602924230206,2013-05-06,Jordan,5,False,54,61,61,14051.12348435,False,False,True,344.6107814459432,27053102100,2013,2,5,856,False,full,2,1.0,yellow_zone,2,3,31,23,10,47,24,-0.5099658419142434,-0.29607469843118417,-0.5177978444698691,-0.09689943961754789
2202924210054,2013-05-20,North Loop,3,True,30,13,30,19860.70320017,False,False,False,816.8190358912483,27053126200,2013,2,5,870,False,eliminated,0,0.0,other_non_university,3,3,32,7,4,48,7,-0.7428433886754856,-0.7511588706778649,-0.4017143425579828,1.0024959536311817
2202924440094,2013-06-10,Downtown West,3,True,262,217,262,15694.23498718,False,False,True,577.2557362517459,27053126100,2013,2,6,891,False,eliminated,0,0.0,yellow_zone,2,11,33,10,4,49,9,1.5083062300165226,1.1829488613705283,-0.484966185966103,0.4447446107951362
3502924440255,2013-06-10,East Phillips,9,False,42,39,39,26987.75763187,False,False,True,343.4374986011075,27053125900,2013,2,6,891,False,full,2,1.0,yellow_zone,2,11,33,20,7,50,21,-0.6264046152948645,-0.5046549440442462,-0.2593058591189032,-0.09963107707294422
2202924240704,2013-09-16,North Loop,3,True,44,33,22,30041.25266792,False,False,True,621.6706131801607,27053126200,2013,2,9,989,False,eliminated,0,0.0,yellow_zone,2,6,34,7,4,15,7,-0.606998153064761,-0.5615404655750813,-0.19829277139243334,0.548151339981113
2302924330032,2013-09-16,Mill District,3,True,320,153,219,47858.16825943,False,True,True,58.85055499409728,27053126100,2013,2,9,989,False,eliminated,0,0.0,blue_zone,1,6,34,9,4,51,9,2.0710936346895243,0.5761699650416207,0.15771404085578167,-0.762206480689745
1702924110252,2013-10-28,Jordan,5,False,103,96,76,80758.57714018,False,True,True,26.596347450549768,27053101300,2013,2,10,1031,False,full,2,1.0,blue_zone,1,7,35,23,10,52,25,-0.034507517276707235,0.035757510498687244,0.8151100770630791,-0.8373007359308334
2602924220434,2013-11-12,Mill District,3,True,125,101,102,36430.09202026,False,False,True,456.27375975828494,27053126100,2013,2,11,1046,False,eliminated,0,0.0,yellow_zone,2,8,36,9,4,53,9,0.17896356725443147,0.08316211177438315,-0.07063485439156193,0.16307433847158662
2602924210141,2013-11-12,Mill District,3,True,39,75,0,66966.47956791,False,False,True,308.1813209475497,27053126100,2013,2,11,1046,False,eliminated,0,0.0,yellow_zone,2,8,36,9,4,54,9,-0.6555143086400198,-0.1633418148592356,0.5395247398759901,-0.1817145199839783
2602924210167,2013-11-12,Mill District,3,True,39,75,0,66694.17607006,False,False,True,267.34754406767024,27053126100,2013,2,11,1046,False,eliminated,0,0.0,yellow_zone,2,8,36,9,4,55,9,-0.6555143086400198,-0.1633418148592356,0.5340837363680758,-0.2767837310112619
802824330179,2013-12-02,Linden Hills,13,False,31,41,36,18877.96568994,False,False,False,2563.953630937824,27053109800,2013,2,12,1066,False,full,2,1.0,other_non_university,3,9,37,12,5,14,11,-0.7331401575604338,-0.4856931035339678,-0.42135080805599767,5.070175218230253
702823240218,2013-12-02,Hiawatha,12,False,12,22,12,10959.34553638,False,False,False,1006.481078321669,27053110400,2013,2,12,1066,False,full,2,1.0,other_non_university,3,9,37,24,1,56,26,-0.9175015487464173,-0.6658305883816122,-0.5795758781470687,1.444067175140401
2302924340074,2014-02-03,Mill District,7,True,57,0,29,50648.9754031,False,False,True,226.7134412676767,27053126100,2014,3,2,1129,False,eliminated,0,0.0,yellow_zone,2,1,38,9,3,39,9,-0.48085614856908815,-0.8744108339946742,0.21347825827683406,-0.37138806078856484
2702924240040,2014-05-05,Loring Park,7,True,15,0,10,31170.07686024,False,False,True,319.42350428058444,27053105201,2014,3,5,1220,False,eliminated,0,0.0,yellow_zone,2,3,39,6,3,57,27,-0.888391855401262,-0.8744108339946742,-0.17573729032544075,-0.15554046552803777
3302924340485,2014-05-05,East Isles,10,False,6,6,2,11070.00100995,False,True,True,33.821540970444715,27053108000,2014,3,5,1220,False,full,2,1.0,blue_zone,1,3,39,25,2,58,28,-0.9757209354367278,-0.8175253124638392,-0.5773648275193022,-0.8204790383083852
2302924210470,2014-06-23,St. Anthony Main,3,False,57,51,44,6891.47091581,False,True,True,38.83110357722048,27053103600,2014,3,6,1269,False,full,2,1.0,blue_zone,1,11,40,11,4,13,10,-0.48085614856908815,-0.39088390098257597,-0.6608576841283815,-0.8088157732124585
3202924440010,2014-06-23,Cedar Isles Dean,7,False,90,160,90,56276.22901828,False,True,True,88.01396100055061,27053106500,2014,3,6,1269,False,full,2,1.0,blue_zone,1,11,40,26,3,59,29,-0.1606495217723801,0.6425364068275949,0.325918630515399,-0.6943082304725819
2302924310467,2014-07-14,Mill District,3,True,150,194,150,49742.0518483,False,True,True,80.50425613615893,27053126100,2014,3,7,1290,False,eliminated,0,0.0,blue_zone,1,4,41,9,4,60,9,0.4215443451307254,0.9648876955023271,0.19535666130125992,-0.711792327488777
1702924410001,2014-07-14,Willard-Hay,5,False,45,43,31,5193.29750501,False,True,True,17.383161642866682,27053002700,2014,3,7,1290,False,full,2,1.0,blue_zone,1,4,41,27,10,61,30,-0.5972949219497092,-0.46673126302368945,-0.6947895563157127,-0.8587508777671079
802824420032,2014-07-14,Linden Hills,13,False,20,38,20,20184.29592507,False,False,False,1212.4902966414986,27053109100,2014,3,7,1290,False,full,2,1.0,other_non_university,3,4,41,12,5,62,15,-0.8398756998260032,-0.5141358642993853,-0.395248508790815,1.9236978962374753
3302924110017,2014-08-11,Lowry Hill East,10,False,82,91,118,14344.19457223,False,True,True,50.84929425189528,27053106700,2014,3,8,1318,False,full,2,1.0,blue_zone,1,5,42,3,2,63,31,-0.23827537069279417,-0.01164709077700867,-0.5119418755608627,-0.7808350182414486
3302924110099,2014-08-25,Lowry Hill East,10,False,42,38,48,8824.59977938,False,True,True,35.80817268695682,27053106700,2014,3,8,1332,False,full,2,1.0,blue_zone,1,5,43,3,2,64,31,-0.6264046152948645,-0.5141358642993853,-0.6222310744410959,-0.8158537617769935
2302924340720,2014-09-29,Mill District,3,True,149,179,38,56514.6215271,False,False,True,230.9055791503488,27053126100,2014,3,9,1367,False,eliminated,0,0.0,yellow_zone,2,6,44,9,4,65,9,0.4118411140156737,0.8226738916752394,0.3306820451868645,-0.36162792416942185
2602924120970,2014-10-27,Mill District,3,True,124,182,124,31445.98362038,False,False,True,321.36897608689253,27053126100,2014,3,10,1395,False,eliminated,0,0.0,yellow_zone,2,7,45,9,4,66,9,0.1692603361393797,0.8511166524406569,-0.1702242886136304,-0.1510110175113722
3302924340030,2014-11-10,East Isles,7,False,45,48,48,5534.99961139,False,True,True,91.97896983540726,27053108000,2014,3,11,1409,False,full,2,1.0,blue_zone,1,8,46,25,3,67,28,-0.5972949219497092,-0.41932666174799355,-0.6879618718601154,-0.685076895767617
2602924230764,2014-11-10,Elliot Park,7,True,112,201,112,27256.2802702,False,False,True,415.46359981424206,27053105400,2014,3,11,1409,False,eliminated,0,0.0,yellow_zone,2,8,46,0,3,68,32,0.05282156275875859,1.0312541372883015,-0.25394040245513044,0.06806011240108203
2202924120015,2015-01-26,North Loop,3,True,30,55,55,7668.4294037,False,False,False,1121.0294690523883,27053126200,2015,4,1,1486,False,eliminated,0,0.0,other_non_university,3,0,47,7,4,69,7,-0.7428433886754856,-0.35296021996201926,-0.6453329703751931,1.7107587712484376
3302924330177,2015-03-16,East Isles,7,False,7,5,7,11070.00012203,False,True,True,33.940675412603824,27053108000,2015,4,3,1535,False,full,2,1.0,blue_zone,1,10,48,25,3,70,28,-0.9660177043216761,-0.8270062327189783,-0.5773648452611816,-0.820201669466028
102824210127,2015-05-11,Corcoran,9,False,115,94,115,276805.95221718,False,True,True,164.260312802608,27053108700,2015,4,5,1591,False,full,2,1.0,blue_zone,1,3,49,28,7,71,1,0.08193125610391387,0.016795669988408878,4.732409942593721,-0.5167914523686679
3302924330177,2015-05-11,East Isles,7,False,7,5,7,11070.00012203,False,True,True,33.940675412603824,27053108000,2015,4,5,1591,False,full,2,1.0,blue_zone,1,3,49,25,3,70,28,-0.9660177043216761,-0.8270062327189783,-0.5773648452611816,-0.820201669466028
1002924320199,2015-06-01,Hawthorne,5,False,75,69,65,55566.4276037,False,False,False,785.6890099981955,27053101600,2015,4,6,1612,False,full,2,1.0,other_non_university,3,11,50,29,10,72,33,-0.3061979884981565,-0.2202273363900707,0.3117358087112529,0.9300190184307614
302824320328,2015-06-01,Lyndale,8,False,24,18,24,15541.30160738,False,False,False,678.4489042444995,27053109300,2015,4,6,1612,False,full,2,1.0,other_non_university,3,11,50,17,9,28,18,-0.8010627753657962,-0.703754269402169,-0.4880220081003722,0.6803425734994585
1102924320173,2015-06-01,Bottineau,3,False,7,7,7,732.63708752,False,True,True,39.52136712050653,27053001700,2015,4,6,1612,False,full,2,1.0,blue_zone,1,11,50,30,4,73,34,-0.9660177043216761,-0.8080443922087001,-0.7839197701058663,-0.8072087014332757
2602924440097,2015-06-15,Ventura Village,6,False,32,20,20,54919.66870118,False,True,True,111.99459310931664,27053106000,2015,4,6,1626,False,full,2,1.0,blue_zone,1,11,51,22,0,74,35,-0.723436926445382,-0.6847924288918906,0.29881266418622543,-0.6384765159284567
2302924120247,2015-07-06,St. Anthony Main,3,False,278,290,241,137224.3030584,False,True,True,89.4168577392553,27053103600,2015,4,7,1647,False,full,2,1.0,blue_zone,1,4,52,11,4,75,10,1.6635579278573507,1.8750560399956888,1.9433740003094726,-0.6910420058837142
2302924340721,2015-07-06,Mill District,3,True,183,159,183,19148.14386194,False,True,True,71.69753896961518,27053126100,2015,4,7,1647,False,eliminated,0,0.0,blue_zone,1,4,52,9,4,76,9,0.7417509719274334,0.6330554865724557,-0.41595227152150327,-0.7322961289183306
2702924320031,2015-07-06,Loring Park,7,True,59,60,30,45419.7961524,False,True,True,194.1666086879922,27053105600,2015,4,7,1647,False,eliminated,0,0.0,blue_zone,1,4,52,6,3,77,6,-0.4614496863389846,-0.3055556186863233,0.10899196679980058,-0.44716360572260055
2202924240106,2015-07-06,North Loop,3,True,143,156,71,33786.56576971,False,False,True,615.9505727985704,27053126200,2015,4,7,1647,False,eliminated,0,0.0,yellow_zone,2,4,52,7,4,78,7,0.3536217273253631,0.6046127258070382,-0.12345619424239641,0.5348339403263692
102824210122,2015-07-20,Corcoran,9,False,135,151,92,112333.70039414,False,False,True,461.7637760889895,27053108700,2015,4,7,1661,True,reduced,1,0.5,downtown,0,4,53,28,7,79,1,0.27599587840494905,0.5572081245313423,1.4460250588539372,0.17585619606517514
702823230014,2015-07-20,Longfellow,12,False,78,71,78,79249.23745253,False,False,True,868.6131231278936,27053110400,2015,4,7,1661,True,reduced,1,0.5,downtown,0,4,53,8,1,80,26,-0.2770882951530012,-0.2012654958797923,0.7849513659191568,1.123082962370323
3302924430224,2015-07-20,Lowry Hill East,10,False,40,53,20,22201.48952276,False,True,True,169.6508046262247,27053007700,2015,4,7,1661,True,eliminated,0,0.0,downtown,0,4,53,3,2,81,3,-0.645811077524968,-0.3719220604722976,-0.3549421685203742,-0.504241307760987
2702924130296,2015-08-03,Downtown,7,True,293,0,215,22299.07877075,False,False,True,583.2198000198657,27053104400,2015,4,8,1675,True,eliminated,0,0.0,downtown,0,5,54,31,3,82,20,1.8091063945831272,-0.8744108339946742,-0.3529921992954442,0.4586301457682908
2202924120015,2015-08-03,North Loop,3,True,71,44,80,7668.4294037,False,False,False,1121.0294690523883,27053126200,2015,4,8,1675,True,eliminated,0,0.0,downtown,0,5,54,7,4,69,7,-0.3450109129583635,-0.45725034276855026,-0.6453329703751931,1.7107587712484376
3302924430228,2015-08-17,Lowry Hill East,10,False,125,128,125,20720.69041969,False,True,True,65.55482083368021,27053007700,2015,4,8,1689,True,eliminated,0,0.0,downtown,0,5,55,3,2,83,3,0.17896356725443147,0.3391469586631411,-0.38453059899569014,-0.7465976070418024
802824420031,2015-09-08,Linden Hills,13,False,29,36,36,4864.00250877,False,False,False,1177.4575503949666,27053109100,2015,4,9,1711,True,full,2,1.0,downtown,0,6,56,12,5,36,15,-0.7525466197905374,-0.5330977048096637,-0.7013693294138439,1.8421346463922736
2202924440129,2015-09-08,Downtown,3,True,368,367,184,45030.49283032,False,False,True,553.0977668320313,27053126100,2015,4,9,1711,True,eliminated,0,0.0,downtown,0,6,56,31,4,84,9,2.536848728212009,2.605086899641406,0.10121314369321402,0.3885000194728678
3402924420484,2015-10-05,Whittier,10,False,70,46,67,29031.31233926,False,False,True,237.0458172460242,27053007801,2015,4,10,1738,True,reduced,1,0.5,downtown,0,7,57,32,2,85,36,-0.3547141440734153,-0.4382885022582719,-0.21847278712638504,-0.34733222007639275
2202924410140,2015-10-19,Downtown West,3,True,156,33,90,50217.45704584,False,True,True,225.5569471043076,27053126200,2015,4,10,1752,True,eliminated,0,0.0,downtown,0,7,58,10,4,86,7,0.479763731821036,-0.5615404655750813,0.2048559199149729,-0.37408061083096206
2202924410138,2015-10-19,North Loop,3,True,13,0,13,12709.34112102,False,False,True,259.41940460588285,27053126200,2015,4,10,1752,True,eliminated,0,0.0,downtown,0,7,58,7,4,87,7,-0.9077983176313655,-0.8744108339946742,-0.5446085266806336,-0.295242027576961
402824210253,2016-01-11,ECCO,10,False,9,18,18,11408.94410402,False,True,True,111.57306176554836,27053108000,2016,5,1,1836,True,eliminated,0,0.0,downtown,0,0,59,33,2,88,28,-0.9466112420915725,-0.703754269402169,-0.5705922719760236,-0.6394579253237525
2702924320031,2016-01-25,Loring Park,7,True,64,64,30,45419.7961524,False,True,True,194.1666086879922,27053105600,2016,5,1,1850,True,eliminated,0,0.0,downtown,0,0,60,6,3,77,6,-0.4129335307637258,-0.2676319376657666,0.10899196679980058,-0.44716360572260055
2602924231080,2016-03-14,Elliot Park,7,True,306,213,306,109449.20223003,False,False,True,447.0051266526557,27053105400,2016,5,3,1899,True,eliminated,0,0.0,downtown,0,10,61,0,3,89,32,1.9352483990787999,1.1450251803499716,1.3883887642289594,0.1414951042203528
2302924240109,2016-03-14,St. Anthony Main,3,False,72,50,48,20143.55419984,False,True,True,18.460288133198784,27053103600,2016,5,3,1899,True,eliminated,0,0.0,downtown,0,10,61,11,4,90,10,-0.3353076818433118,-0.40036482123771516,-0.3960625852593333,-0.8562431115638077
3402924330210,2016-03-28,Whittier,10,False,111,96,127,33895.07191307,False,True,True,209.03468969150865,27053007700,2016,5,3,1913,True,eliminated,0,0.0,downtown,0,10,62,32,2,91,3,0.04311833164370684,0.035757510498687244,-0.12128809022862716,-0.41254773527172045
3302924110070,2016-03-28,Lowry Hill East,10,False,10,2,6,6731.17064474,False,True,True,65.67164878475612,27053106700,2016,5,3,1913,True,eliminated,0,0.0,downtown,0,10,62,3,2,92,31,-0.9369080109765208,-0.855448993484396,-0.6640607070204779,-0.7463256081726459
2602924320345,2016-04-11,Elliot Park,7,True,245,288,126,78085.101412,False,False,True,378.05385501891504,27053105400,2016,5,4,1927,True,eliminated,0,0.0,downtown,0,2,63,0,3,93,32,1.3433513010606426,1.8560941994854103,0.7616903048963484,-0.019037266146240538
1102924230136,2016-04-25,Marshall Terrace,1,False,36,9,8,21754.58414902,False,True,True,112.02826701451724,27053100500,2016,5,4,1941,True,eliminated,0,0.0,downtown,0,2,64,34,6,94,37,-0.684624001985175,-0.7890825516984217,-0.36387196092269036,-0.6383981163327239
3402924420484,2016-04-25,Whittier,10,False,70,46,65,29031.31233926,False,False,True,237.0458172460242,27053007801,2016,5,4,1941,True,reduced,1,0.5,downtown,0,2,64,32,2,85,36,-0.3547141440734153,-0.4382885022582719,-0.21847278712638504,-0.34733222007639275
302824320328,2016-05-09,Lyndale,8,False,24,18,24,15541.30160738,False,False,False,678.4489042444995,27053109300,2016,5,5,1955,True,full,2,1.0,downtown,0,3,65,17,9,28,18,-0.8010627753657962,-0.703754269402169,-0.4880220081003722,0.6803425734994585
2602924110599,2016-05-23,Mill District,3,True,374,686,374,185968.71055954,False,False,False,844.1450703235664,27053126100,2016,5,5,1969,True,eliminated,0,0.0,downtown,0,3,66,9,4,95,9,2.5950681149023196,5.629500461030805,2.917355217219875,1.066116434823186
3602924220121,2016-05-23,Seward,6,False,121,95,117,54255.10816986,False,False,True,355.15387505647647,27053106200,2016,5,5,1969,True,reduced,1,0.5,downtown,0,3,66,19,0,96,19,0.14015064279422443,0.026276590243548063,0.28553381830035557,-0.07235300605376747
2702924210227,2016-06-27,North Loop,5,True,17,15,50,40360.53404096,False,False,True,319.5146055730252,27053126200,2016,5,6,2004,True,eliminated,0,0.0,downtown,0,11,67,7,10,97,7,-0.8689853931711585,-0.7321970301675865,0.007900856648266296,-0.15532836347288403
1202824120028,2016-06-27,Standish-Ericsson,12,False,53,44,53,5725.95838275,False,True,True,36.19410201814026,27053110200,2016,5,6,2004,True,eliminated,0,0.0,downtown,0,11,67,35,1,98,38,-0.5196690730292952,-0.45725034276855026,-0.6841462493909206,-0.814955240997595
2202924120125,2016-06-27,North Loop,3,True,124,222,200,35882.42880149,False,False,False,1216.5397232903997,27053126200,2016,5,6,2004,True,eliminated,0,0.0,downtown,0,11,67,7,4,99,7,0.1692603361393797,1.2303534626462245,-0.08157792900503834,1.9331257725212776
2202824130109,2016-07-18,Windom,11,False,6,3,3,5050.18518441,False,True,True,26.281950653198223,27053111500,2016,5,7,2025,True,eliminated,0,0.0,downtown,0,4,68,36,8,100,17,-0.9757209354367278,-0.8459680732292567,-0.6976491399955348,-0.8380327146444764
2602924240128,2016-08-01,Elliot Park,6,True,159,131,86,92715.46509871,False,True,True,88.43061078860818,27053105400,2016,5,8,2039,True,eliminated,0,0.0,downtown,0,5,69,0,0,101,32,0.5088734251661913,0.3675897194285586,1.0540253676846345,-0.6933381863166902
2602924320345,2016-08-29,Elliot Park,7,True,246,289,126,78085.101412,False,False,True,378.05385501891504,27053105400,2016,5,8,2067,True,eliminated,0,0.0,downtown,0,5,70,0,3,93,32,1.3530545321756944,1.8655751197405497,0.7616903048963484,-0.019037266146240538
3302924110017,2016-10-17,Lowry Hill East,10,False,113,99,57,14344.19457223,False,True,True,50.84929425189528,27053106700,2016,5,10,2116,True,eliminated,0,0.0,downtown,0,7,71,3,2,63,31,0.06252479387381035,0.0642002712641048,-0.5119418755608627,-0.7808350182414486
3402924330034,2016-10-17,Whittier,10,False,120,60,70,971.34793559,False,False,True,269.0521280642,27053007700,2016,5,10,2116,True,reduced,1,0.5,downtown,0,7,71,32,2,102,3,0.13044741167917268,-0.3055556186863233,-0.779149994572386,-0.27281511806231695
202824120257,2016-10-17,Powderhorn Park,9,False,12,0,6,36851.22546455,False,True,True,66.57048139224797,27053008500,2016,5,10,2116,True,eliminated,0,0.0,downtown,0,7,71,37,7,103,39,-0.9175015487464173,-0.8744108339946742,-0.06222002106854642,-0.744232945838441
2702924310035,2016-11-01,Loring Park,7,True,75,34,99,6988.94468197,False,True,True,89.59481069410721,27053105204,2016,5,11,2131,True,eliminated,0,0.0,downtown,0,8,72,6,3,104,13,-0.3061979884981565,-0.5520595453199421,-0.6589100223914092,-0.690627695763259
3402924320423,2016-12-05,Whittier,10,False,77,78,78,31919.83653023,False,True,True,46.438684761893946,27053107000,2016,5,12,2165,True,eliminated,0,0.0,downtown,0,9,73,32,2,105,40,-0.28679152626805293,-0.13489905409381805,-0.16075604687202252,-0.7911038005193498
2702924410122,2017-01-09,Elliot Park,7,True,50,17,29,12814.47123086,False,False,False,656.0485873806217,27053105400,2017,6,1,2200,True,eliminated,0,0.0,downtown,0,0,74,0,3,106,32,-0.5487787663744504,-0.7132351896573081,-0.542507880523154,0.6281901493611134
402824210185,2017-01-09,ECCO,10,False,71,39,90,5840.87951774,False,True,True,77.3099391468059,27053108000,2017,6,1,2200,True,eliminated,0,0.0,downtown,0,0,74,33,2,107,28,-0.3450109129583635,-0.5046549440442462,-0.6818499649011838,-0.7192293372183001
2602924120975,2017-02-21,Mill District,3,True,191,232,171,71732.49064392,False,True,True,84.08865721292798,27053126100,2017,6,2,2243,True,eliminated,0,0.0,downtown,0,1,75,9,4,108,9,0.8193768208478476,1.3251626651976163,0.6347562855156024,-0.7034471238752045
2102924340197,2017-03-20,Harrison,5,False,110,110,55,47795.23020306,False,False,True,760.144372006239,27053104100,2017,6,3,2270,True,reduced,1,0.5,downtown,0,10,76,38,10,109,41,0.03341510052865508,0.1684903940706358,0.1564564507469718,0.870545984941432
3402924220278,2017-03-20,Whittier,10,False,75,34,66,14251.18633537,False,True,True,44.38217476613519,27053006800,2017,6,3,2270,True,eliminated,0,0.0,downtown,0,10,76,32,2,110,42,-0.3061979884981565,-0.5520595453199421,-0.5138003097969845,-0.795891767680498
1502924140114,2017-04-10,Sheridan,3,False,110,47,78,6683.47833065,False,False,True,422.44123199639847,27053002400,2017,6,4,2291,True,reduced,1,0.5,downtown,0,2,77,21,4,111,22,0.03341510052865508,-0.4288075820031327,-0.6650136659443003,0.08430543764610139
2202924240813,2017-04-24,North Loop,3,True,57,61,32,66840.54716313,False,False,True,839.3170035059944,27053126200,2017,6,4,2305,True,eliminated,0,0.0,downtown,0,2,78,7,4,112,7,-0.48085614856908815,-0.29607469843118417,0.537008434864934,1.0548757282756673
2302924340722,2017-05-08,Mill District,3,True,122,138,61,36044.87229985,False,True,True,78.27548603462542,27053126100,2017,6,5,2319,True,eliminated,0,0.0,downtown,0,3,79,9,4,113,9,0.14985387390927618,0.4339561612145329,-0.0783320814437944,-0.7169813506775282
1502924140115,2017-05-22,Sheridan,3,False,95,53,154,21480.12605871,False,False,True,399.0730700211125,27053002400,2017,6,5,2333,True,reduced,1,0.5,downtown,0,3,80,21,4,114,22,-0.1121333661971213,-0.3719220604722976,-0.369356016191693,0.029899676242167245
302824420044,2017-06-12,Central,9,False,49,20,33,5424.59677225,False,False,True,467.45183453404303,27053109400,2017,6,6,2354,True,reduced,1,0.5,downtown,0,11,81,39,7,115,43,-0.5584819974895022,-0.6847924288918906,-0.6901678744997705,0.18909913536611378
402824120134,2017-06-26,SOUP,10,False,25,15,18,5820.38957252,False,True,True,34.82796205379007,27053008100,2017,6,6,2368,True,eliminated,0,0.0,downtown,0,11,82,40,2,116,44,-0.7913595442507444,-0.7321970301675865,-0.682259382571905,-0.8181358884538829
2702924310262,2017-06-26,Loring Park,7,True,184,120,92,59255.46775813,False,True,True,64.5958390378518,27053105600,2017,6,6,2368,True,eliminated,0,0.0,downtown,0,11,82,6,3,117,6,0.7514542030424852,0.2632995966220276,0.3854479739223909,-0.7488303087335202
3302924440123,2017-06-26,Lowry Hill East,10,False,7,0,0,22224.96871716,False,True,True,97.5489298757821,27053007700,2017,6,6,2368,True,eliminated,0,0.0,downtown,0,11,82,3,2,118,3,-0.9660177043216761,-0.8744108339946742,-0.3544730214836961,-0.6721089132062767
3402924320423,2017-07-17,Whittier,10,False,86,103,86,31919.83653023,False,True,True,46.438684761893946,27053107000,2017,6,7,2389,True,eliminated,0,0.0,downtown,0,4,83,32,2,105,40,-0.19946244623258713,0.10212395228466152,-0.16075604687202252,-0.7911038005193498
2202924230149,2017-07-17,North Loop,5,True,48,28,32,27883.75850435,False,False,True,344.30496836829866,27053126200,2017,6,7,2389,True,eliminated,0,0.0,downtown,0,4,83,7,10,119,7,-0.568185228604554,-0.6089450668507772,-0.24140251256349696,-0.0976114337125104
1802823120096,2017-07-17,Longfellow,12,False,146,124,146,55096.79723499,False,True,True,78.94595516913851,27053110500,2017,6,7,2389,True,eliminated,0,0.0,downtown,0,4,83,8,1,120,8,0.3827314206705184,0.30122327764258433,0.30235193922830655,-0.7154203642465201
2302924120250,2017-07-17,St. Anthony Main,3,False,282,272,142,31960.07289421,False,True,True,80.45325399177105,27053103600,2017,6,7,2389,True,eliminated,0,0.0,downtown,0,4,83,11,4,121,10,1.7023708523175578,1.7043994754031835,-0.15995206822580813,-0.7119110706959487
1702823340034,2017-07-31,Nokomis,12,False,16,16,8,6014.04019612,False,False,False,1531.3731689106069,27053011998,2017,6,7,2403,True,full,2,1.0,downtown,0,4,84,41,1,122,4,-0.8786886242862102,-0.7227161099124474,-0.6783899731422187,2.666121090788361
3402924210088,2017-08-14,Whittier,10,False,74,45,40,23907.04850763,False,True,True,153.1694391099001,27053006800,2017,6,8,2417,True,eliminated,0,0.0,downtown,0,5,85,32,2,123,42,-0.3159012196132082,-0.44776942251341106,-0.320862722266826,-0.5426132276766615
1502924410020,2017-08-14,St. Anthony West,3,False,98,49,118,16659.71740751,False,False,True,257.7487390061216,27053103000,2017,6,8,2417,True,reduced,1,0.5,downtown,0,5,85,42,4,124,45,-0.08302367285196603,-0.40984574149285435,-0.46567450121977344,-0.2991316717048347
1402924320126,2017-08-28,St. Anthony West,3,False,69,63,38,23608.17727444,False,True,True,50.9052480478212,27053103000,2017,6,8,2431,True,eliminated,0,0.0,downtown,0,5,86,42,4,125,45,-0.364417375188467,-0.2771128579209058,-0.3268345861651634,-0.7807047465977478
3602924440118,2017-08-28,Longfellow,2,False,6,5,0,7538.76930336,False,True,True,142.6973687732357,27053107400,2017,6,8,2431,True,eliminated,0,0.0,downtown,0,5,86,8,11,126,46,-0.9757209354367278,-0.8270062327189783,-0.6479237599403534,-0.5669943048338781
3602924440190,2017-08-28,Longfellow,2,False,6,5,0,8224.3031161,False,False,True,190.7420105527222,27053107400,2017,6,8,2431,True,reduced,1,0.5,downtown,0,5,86,8,11,127,46,-0.9757209354367278,-0.8270062327189783,-0.6342258386526628,-0.4551367560820044
3602924430020,2017-08-28,Longfellow,2,False,6,5,0,7537.2070978,False,False,True,384.12540710497626,27053107400,2017,6,8,2431,True,reduced,1,0.5,downtown,0,5,86,8,11,128,46,-0.9757209354367278,-0.8270062327189783,-0.6479549749853277,-0.004901476840468095
3202924430382,2017-09-18,Cedar-Isles Dean,7,False,200,185,100,70141.41780039,False,True,True,88.12899039868441,27053106500,2017,6,9,2452,True,eliminated,0,0.0,downtown,0,6,87,43,3,129,29,0.9067059008833134,0.8795594132060744,0.6029644319722354,-0.6940404189949004
802824410338,2017-10-16,Linden Hills,13,False,9,21,0,27080.98333851,False,False,False,1371.5203559228084,27053109100,2017,6,10,2480,True,full,2,1.0,downtown,0,7,88,12,5,130,15,-0.9466112420915725,-0.6753115086367515,-0.2574430795334003,2.2939517258053685
1102924320030,2017-12-04,Bottineau,3,False,10,12,24,20376.11814162,False,True,True,53.520236818738425,27053001700,2017,6,12,2529,True,eliminated,0,0.0,downtown,0,9,89,30,4,131,34,-0.9369080109765208,-0.760639790933004,-0.39141563348298714,-0.7746165289923173
2202924410104,2017-12-04,North Loop,3,True,156,182,81,29285.92893239,False,False,True,434.34023414674914,27053126200,2017,6,12,2529,True,eliminated,0,0.0,downtown,0,9,89,7,4,27,7,0.479763731821036,0.8511166524406569,-0.21338519263225686,0.11200869786064192
502824220034,2017-12-04,West Calhoun,13,False,15,5,15,8769.42764323,False,False,True,319.0450803677038,27053109100,2017,6,12,2529,True,reduced,1,0.5,downtown,0,9,89,18,5,132,15,-0.888391855401262,-0.8270062327189783,-0.6233334906373675,-0.15642151219039405
2602924220435,2017-12-04,Downtown West,7,True,107,160,120,55709.8514004,False,False,False,660.8379045460813,27053126100,2017,6,12,2529,True,eliminated,0,0.0,downtown,0,9,89,10,3,133,9,0.004305407183499803,0.6425364068275949,0.3146016161177848,0.6393406389574854
1102924420171,2018-01-08,Holland,1,False,118,118,108,102039.4952751,False,False,False,972.6643571261144,27053101800,2018,7,1,2564,True,full,2,1.0,downtown,0,0,90,44,6,134,47,0.11104094944906914,0.24433775611174927,1.2403324893271992,1.3653350751671767
302824130087,2018-01-08,Lyndale,8,False,12,12,12,11248.8578795,False,True,True,40.76697195471071,27053008300,2018,7,1,2564,True,eliminated,0,0.0,downtown,0,0,90,17,9,135,48,-0.9175015487464173,-0.760639790933004,-0.5737910179196466,-0.8043086839015172
3402924320424,2018-01-22,Whittier,10,False,97,113,105,31919.83653023,False,True,True,46.438684761893946,27053107000,2018,7,1,2578,True,eliminated,0,0.0,downtown,0,0,91,32,2,136,40,-0.09272690396701778,0.19693315483605334,-0.16075604687202252,-0.7911038005193498
402824210264,2018-01-22,ECCO,10,False,319,254,183,104496.46154336,False,True,True,128.16158375934805,27053108000,2018,7,1,2578,True,eliminated,0,0.0,downtown,0,0,91,33,2,137,28,2.061390403574473,1.5337429108106782,1.289426100646851,-0.6008365236665287
102824440073,2018-03-05,Standish,12,False,144,132,285,3513.41894144,False,True,True,18.716330345720053,27053108700,2018,7,3,2620,True,eliminated,0,0.0,downtown,0,10,92,45,1,138,1,0.36332495844041485,0.3770706396836978,-0.7283558719503697,-0.8556469940112805
3402924330215,2018-03-05,Whittier,10,False,113,61,60,50869.98973523,False,True,True,212.8884792918138,27053007700,2018,7,3,2620,True,eliminated,0,0.0,downtown,0,10,92,32,2,139,3,0.06252479387381035,-0.29607469843118417,0.21789443275095374,-0.4035753412204934
1402924320087,2018-04-09,St. Anthony West,3,False,29,12,28,10462.49140882,False,False,True,303.29416928468873,27053103000,2018,7,4,2655,True,reduced,1,0.5,downtown,0,2,93,42,4,140,45,-0.7525466197905374,-0.760639790933004,-0.5895037162847366,-0.19309278788522174
1702824320222,2018-04-09,Fulton,13,False,16,20,36,5060.14197456,False,False,False,2183.8778353022744,27053111200,2018,7,4,2655,True,full,2,1.0,downtown,0,2,93,14,5,141,14,-0.8786886242862102,-0.6847924288918906,-0.6974501894474829,4.1852826419708355
2102924340197,2018-04-09,Harrison,5,False,100,104,62,47795.23020306,False,False,True,760.144372006239,27053104100,2018,7,4,2655,True,reduced,1,0.5,downtown,0,2,93,38,10,109,41,-0.06361721062186251,0.1116048725398007,0.1564564507469718,0.870545984941432
1402924140004,2018-04-09,St. Anthony East,3,False,16,6,14,177440.29427876,False,True,True,154.02512210407937,27053102500,2018,7,4,2655,True,eliminated,0,0.0,downtown,0,2,93,46,4,142,12,-0.8786886242862102,-0.8175253124638392,2.746945570384424,-0.54062102628453
102824110028,2018-04-23,Longfellow,2,False,44,3,22,16508.06070582,False,True,True,58.561003237298415,27053108800,2018,7,4,2669,True,eliminated,0,0.0,downtown,0,2,94,8,11,143,49,-0.606998153064761,-0.8459680732292567,-0.46870481354557597,-0.7628806151728572
402824440026,2018-04-23,East Harriet,10,False,41,20,21,5418.10695572,False,True,True,36.52133434208446,27053109200,2018,7,4,2669,True,eliminated,0,0.0,downtown,0,2,94,47,2,144,50,-0.6361078464099162,-0.6847924288918906,-0.6902975500815541,-0.8141933786072627
2202924240815,2018-05-07,North Loop,3,True,139,108,96,25007.81259049,False,False,True,691.1071562739992,27053126200,2018,7,5,2683,True,eliminated,0,0.0,downtown,0,3,95,7,4,145,7,0.31480880286515606,0.14952855356035744,-0.29886792130570705,0.7098135195000969
2202924210446,2018-05-07,North Loop,3,True,129,46,59,27410.3461101,False,False,False,816.0044034311792,27053126200,2018,7,5,2683,True,eliminated,0,0.0,downtown,0,3,95,7,4,146,7,0.2177764917146385,-0.4382885022582719,-0.2508619521892899,1.000599326104323
702823230072,2018-06-11,Hiawatha ,12,False,43,0,40,24916.97343185,False,False,False,986.7617781760785,27053110400,2018,7,6,2718,True,full,2,1.0,downtown,0,11,96,48,1,147,26,-0.6167013841798128,-0.8744108339946742,-0.3006830143350609,1.3981566948934652
3402924330147,2018-06-11,Whittier,10,False,44,0,26,7763.52984121,False,True,True,26.416584793923,27053007700,2018,7,6,2718,True,eliminated,0,0.0,downtown,0,11,96,32,2,148,3,-0.606998153064761,-0.8744108339946742,-0.6434327310533275,-0.8377192593994792
2302924120248,2018-06-11,St. Anthony Main,3,False,333,290,183,99472.09831045,False,True,True,118.41652246856025,27053103600,2018,7,6,2718,True,eliminated,0,0.0,downtown,0,11,96,11,4,149,10,2.1972356391851973,1.8750560399956888,1.1890323187412015,-0.6235249781549066
2702924140064,2018-06-11,Loring Park,7,True,357,311,356,52532.69032649,False,False,True,647.8819678743037,27053104400,2018,7,6,2718,True,eliminated,0,0.0,downtown,0,11,96,6,3,150,20,2.4301131859464395,2.0741553653536116,0.25111750855088394,0.609176623487433
1302924220094,2018-06-25,Northeast Park,1,False,78,73,78,32142.47552664,False,True,True,42.0543733557293,27053102600,2018,7,6,2732,True,eliminated,0,0.0,downtown,0,11,97,49,6,151,51,-0.2770882951530012,-0.18230365536951396,-0.15630740934062878,-0.8013113555909303
2202924120789,2018-06-25,North Loop,3,True,225,256,224,571212.02250802,False,False,False,1287.8852150671196,27053126200,2018,7,6,2732,True,eliminated,0,0.0,downtown,0,11,97,7,4,152,7,1.1492866787596072,1.5527047513209566,10.615053661280333,2.099232366910504
3402924310272,2018-06-25,Whittier,10,False,80,55,80,22845.27090844,False,True,True,55.831169607770015,27053107000,2018,7,6,2732,True,eliminated,0,0.0,downtown,0,11,97,32,2,153,40,-0.2576818329228977,-0.35296021996201926,-0.3420785189327942,-0.769236214611
1102924410221,2018-06-30,Holland,1,False,65,32,35,17874.80130055,False,True,True,165.64086669512247,27053101800,2018,7,6,2737,True,eliminated,0,0.0,downtown,0,11,98,44,6,154,47,-0.4032302996486741,-0.5710213858302204,-0.441395431076934,-0.5135772464006996
2702924310263,2018-07-16,Loring Park,7,True,232,160,155,53014.82651759,False,True,True,83.82328210379289,27053105204,2018,7,7,2753,True,eliminated,0,0.0,downtown,0,4,99,6,3,155,13,1.2172092965649697,0.6425364068275949,0.2607512617996672,-0.7040649702803011
2602924230105,2018-07-16,Elliot Park,7,True,61,0,31,17319.61146951,False,False,True,286.53585181204187,27053105400,2018,7,7,2753,True,eliminated,0,0.0,downtown,0,4,99,0,3,156,32,-0.4420432241088811,-0.8744108339946742,-0.45248889789648605,-0.23210950742492997
802824410072,2018-07-16,Linden Hills,13,False,5,6,9,6307.2999205,False,False,False,1306.6119211480477,27053109100,2018,7,7,2753,True,full,2,1.0,downtown,0,4,99,12,5,157,15,-0.9854241665517796,-0.8175253124638392,-0.6725302350129622,2.1428318893717955
1302924330110,2018-07-16,Beltrami,3,False,6,12,6,2957.99273051,False,False,True,613.9066412324381,27053102600,2018,7,7,2753,True,reduced,1,0.5,downtown,0,4,99,50,4,158,51,-0.9757209354367278,-0.760639790933004,-0.7394540619696635,0.5300752582686803
3402924330213,2018-07-16,Whittier,10,False,111,52,111,22439.23214515,False,True,True,43.68478437318522,27053007700,2018,7,7,2753,True,eliminated,0,0.0,downtown,0,4,99,32,2,159,3,0.04311833164370684,-0.3814029807274368,-0.3501917394857928,-0.7975154321931095
502824220163,2018-07-16,West Calhoun,13,False,744,658,421,193410.96847496,False,True,True,206.7251599664222,27053109100,2018,7,7,2753,True,eliminated,0,0.0,downtown,0,4,99,18,5,160,15,6.18526362747147,5.364034693886907,3.066061905691826,-0.41792478303915864
2602924330122,2018-07-30,Ventura Village,6,False,43,18,24,15634.02537105,False,True,True,33.761478298739824,27053005902,2018,7,7,2767,True,eliminated,0,0.0,downtown,0,4,100,22,0,161,23,-0.6167013841798128,-0.703754269402169,-0.4861692580351734,-0.8206188762378516
1002924320077,2018-07-30,Hawthorne,5,False,11,11,0,6446.20082587,False,False,False,922.7042472704552,27053101600,2018,7,7,2767,True,full,2,1.0,downtown,0,4,100,29,10,162,33,-0.927204779861469,-0.7701207111881433,-0.6697548012806092,1.2490179330917326
1702823330433,2018-08-13,Minnehaha,12,False,109,69,72,51906.48301954,False,False,True,1137.1912455020913,27053011998,2018,7,8,2781,True,reduced,1,0.5,downtown,0,5,101,51,1,163,4,0.023711869413603318,-0.2202273363900707,0.23860501355651795,1.7483866238076675
1502924110181,2018-08-13,Sheridan,1,False,8,7,5,6440.44382818,False,False,True,544.3068041015794,27053002400,2018,7,8,2781,True,reduced,1,0.5,downtown,0,5,101,21,6,164,22,-0.9563144732066243,-0.8080443922087001,-0.66986983412034,0.3680328975259354
2602924120973,2018-08-13,Downtown East,3,True,153,103,206,24647.7199717,False,False,True,578.0878418199285,27053126100,2018,7,8,2781,True,eliminated,0,0.0,downtown,0,5,101,52,4,165,9,0.4506540384758807,0.10212395228466152,-0.30606307383764286,0.44668191921730926
1702823330434,2018-08-13,Minnehaha,12,False,68,60,50,25239.15543452,False,False,False,1315.3647038561503,27053011998,2018,7,8,2781,True,full,2,1.0,downtown,0,5,101,51,1,166,4,-0.3741206063035188,-0.3055556186863233,-0.29424536876474977,2.163210120579759
1402924440244,2018-08-27,St. Anthony Main,3,False,159,102,244,31547.16661795,False,True,True,45.81742503781876,27053103600,2018,7,8,2795,True,eliminated,0,0.0,downtown,0,5,102,11,4,167,10,0.5088734251661913,0.09264303202952234,-0.16820251126201186,-0.792550217586882
3302924430125,2018-09-17,SOUP,10,False,180,155,176,34955.0011358,False,True,True,39.09861549679838,27053007700,2018,7,9,2816,True,eliminated,0,0.0,downtown,0,6,103,40,2,168,3,0.7126412785822782,0.595131805551899,-0.10010922670116888,-0.8081929518846768
2702924430010,2018-10-01,Stevens Square,6,False,146,86,96,5651.70716423,False,True,True,28.693847791181064,27053105700,2018,7,10,2830,True,eliminated,0,0.0,downtown,0,7,104,2,0,169,2,0.3827314206705184,-0.05905169205270458,-0.6856298922512735,-0.8324173350370129
2702924241551,2018-10-15,Loring Park,7,True,87,76,82,32603.06315542,False,False,True,255.71311609770808,27053105201,2018,7,10,2844,True,eliminated,0,0.0,downtown,0,7,105,6,3,170,27,-0.18975921511753538,-0.1538608946040964,-0.14710422640805276,-0.303871009543243
1402924140110,2018-10-15,Logan Park,1,False,175,140,75,119560.04873186,False,True,True,165.76767126295525,27053102500,2018,7,10,2844,True,eliminated,0,0.0,downtown,0,7,105,13,6,171,12,0.6641251230070194,0.4529180017248113,1.590417572961866,-0.513282019969552
2302924440026,2018-10-15,Mill District,3,True,124,297,62,51801.86864625,False,False,False,665.6444061950203,27053126100,2018,7,10,2844,True,eliminated,0,0.0,downtown,0,7,105,9,4,172,9,0.1692603361393797,1.941422481781663,0.23651467253430053,0.6505311374732161
2602924220094,2018-11-13,Elliot Park,7,True,150,69,174,27265.45569434,False,False,True,485.9039101523082,27053105400,2018,7,11,2873,True,eliminated,0,0.0,downtown,0,8,106,0,3,173,32,0.4215443451307254,-0.2202273363900707,-0.25375706468926806,0.23205926310557418
2602924230147,2018-11-13,Elliot Park,7,True,350,289,192,49632.12354737,False,False,True,272.30100301082905,27053105400,2018,7,11,2873,True,eliminated,0,0.0,downtown,0,8,106,0,3,174,32,2.3621905681410773,1.8655751197405497,0.1931601405965988,-0.2652510864810374
2202924410144,2018-11-13,Downtown West,3,True,355,356,353,42412.56122415,False,False,True,594.4387903417241,27053126100,2018,7,11,2873,True,eliminated,0,0.0,downtown,0,8,106,10,4,175,9,2.410706723716336,2.500796776834875,0.04890322051882671,0.48475020224896775
2202924410217,2018-11-13,Downtown West,3,True,22,22,22,74386.01034336,False,False,True,576.859517966999,27053126100,2018,7,11,2873,True,eliminated,0,0.0,downtown,0,8,106,10,4,176,9,-0.8204692375958997,-0.6658305883816122,0.6877773084072203,0.4438221352711041
2302924340727,2018-11-13,Mill District,3,True,205,237,107,32884.55390235,False,True,True,73.50661259958673,27053126100,2018,7,11,2873,True,eliminated,0,0.0,downtown,0,8,106,9,4,177,9,0.9552220564585722,1.3725672664733122,-0.14147964885548966,-0.7280842431748787
202824210231,2018-11-13,Powderhorn Park,9,False,48,0,24,12970.05378376,False,True,True,43.06777247458887,27053008500,2018,7,11,2873,True,eliminated,0,0.0,downtown,0,8,106,37,7,178,39,-0.568185228604554,-0.8744108339946742,-0.5393991242171097,-0.798951959472145
3402924420373,2018-11-13,Whittier,10,False,51,23,32,15000.69152038,False,False,True,177.7732521669856,27053007801,2018,7,11,2873,True,reduced,1,0.5,downtown,0,8,106,32,2,179,36,-0.5390755352593987,-0.6563496681264731,-0.4988241513082466,-0.4853306230701684
3502924320146,2018-11-13,West Phillips,6,False,10,15,14,51179.17076701,False,False,True,229.66718951244883,27053126000,2018,7,11,2873,True,reduced,1,0.5,downtown,0,8,106,53,0,180,52,-0.9369080109765208,-0.7321970301675865,0.2240723007981067,-0.3645111432790783
1802823120082,2018-12-03,Longfellow,12,False,85,68,95,19193.10614523,False,False,True,439.4507582937157,27053110500,2018,7,12,2893,True,reduced,1,0.5,downtown,0,9,107,8,1,181,8,-0.20916567734763888,-0.22970825664520986,-0.4150538624190265,0.12390702164335801
702823430214,2018-12-03,Hiawatha ,12,False,54,27,47,15562.09319384,False,True,True,51.17844614070539,27053110500,2018,7,12,2893,True,eliminated,0,0.0,downtown,0,9,107,48,1,182,8,-0.5099658419142434,-0.6184259871059163,-0.4876065632171549,-0.7800686867196458
1202824210260,2018-12-03,Standish,12,False,63,31,65,19208.37920242,False,True,True,54.70884681865573,27053110200,2018,7,12,2893,True,eliminated,0,0.0,downtown,0,9,107,45,1,183,38,-0.4226367618787776,-0.5805023060853596,-0.4147486854440573,-0.7718492068500699
802824410338,2018-12-03,Linden Hills,13,False,36,36,64,27080.98333851,False,False,False,1371.5203559228084,27053109100,2018,7,12,2893,True,full,2,1.0,downtown,0,9,107,12,5,130,15,-0.684624001985175,-0.5330977048096637,-0.2574430795334003,2.2939517258053685
3302924440373,2019-01-14,Lowry Hill East,10,False,91,61,46,17602.92078732,False,True,True,94.86213771526668,27053007700,2019,8,1,2935,True,eliminated,0,0.0,downtown,0,0,108,3,2,184,3,-0.15094629065732834,-0.29607469843118417,-0.4468279827624538,-0.6783643034839357
2702924340169,2019-01-14,Stevens Square,7,False,40,25,21,38325.0635172,False,True,True,114.3351997491616,27053105600,2019,8,1,2935,True,eliminated,0,0.0,downtown,0,0,108,2,3,185,6,-0.645811077524968,-0.6373878276161947,-0.03277068208508808,-0.6330271148791766
1302924340050,2019-01-14,Beltrami,3,False,20,20,20,20800.36660696,False,False,False,754.5534977258718,27053102600,2019,8,1,2935,True,full,2,1.0,downtown,0,0,108,50,4,186,51,-0.8398756998260032,-0.6847924288918906,-0.38293855769671237,0.8575293098405513
2202924140049,2019-01-14,North Loop,3,True,198,315,358,22527.19830284,False,False,True,290.65980354326774,27053126200,2019,8,1,2935,True,eliminated,0,0.0,downtown,0,0,108,7,4,187,7,0.8872994386532098,2.1120790463741685,-0.34843405302069763,-0.2225081218231139
2702924340009,2019-01-28,Stevens Square,7,False,123,62,62,11884.57230574,False,True,True,66.29939155426432,27053105600,2019,8,1,2949,True,eliminated,0,0.0,downtown,0,0,109,2,3,188,6,0.15955710502432793,-0.286593778176045,-0.561088557427902,-0.7448640972768796
902924420172,2019-02-11,Lowry Hill East,10,False,135,135,136,5719.94106732,False,True,True,93.52169289800035,27053101600,2019,8,2,2963,True,eliminated,0,0.0,downtown,0,1,110,3,2,189,33,0.27599587840494905,0.4055134004491154,-0.6842664837420082,-0.6814851274914233
302824220075,2019-02-25,Lyndale,8,False,46,11,46,8422.74761839,False,True,True,36.05948058484964,27053008200,2019,8,2,2977,True,eliminated,0,0.0,downtown,0,1,111,17,9,190,53,-0.5875916908346575,-0.7701207111881433,-0.6302606408435588,-0.8152686666571404
1302924120007,2019-03-11,Northeast Park,1,False,164,168,83,97276.24545226,False,False,False,1188.7930095423442,27053102600,2019,8,3,2991,True,full,2,1.0,downtown,0,10,112,49,6,191,51,0.5573895807414501,0.7183837688687084,1.1451561173754128,1.8685258656258832
2602924210183,2019-03-11,Mill District,3,True,342,120,250,109449.44407902,False,True,True,90.07887252991402,27053126100,2019,8,3,2991,True,eliminated,0,0.0,downtown,0,10,112,9,4,192,9,2.284564719220663,0.2632995966220276,1.3883935967089436,-0.6895007028584893
102824210127,2019-03-11,Corcoran,9,False,432,271,217,276805.95221718,False,True,True,164.260312802608,27053108700,2019,8,3,2991,True,eliminated,0,0.0,downtown,0,10,112,28,7,71,1,3.1578555195753215,1.6949185551480443,4.732409942593721,-0.5167914523686679
2902924410018,2019-03-25,Como,2,False,29,17,20,2183.9996202,False,False,True,510.9919335613557,27053105100,2019,8,3,3005,True,reduced,1,0.5,downtown,0,10,113,54,11,193,54,-0.7525466197905374,-0.7132351896573081,-0.7549195233447425,0.29046920639219215
1702924140239,2019-04-15,Willard-Hay,5,False,64,40,46,38996.98153161,False,True,True,47.91307880198449,27053102000,2019,8,4,3026,True,eliminated,0,0.0,downtown,0,2,114,27,10,194,55,-0.4129335307637258,-0.49517402378910697,-0.01934482342994348,-0.7876711158929173
3402924110148,2019-04-15,Whittier,10,False,19,6,12,11630.27096439,False,False,True,363.2594864677864,27053106900,2019,8,4,3026,True,reduced,1,0.5,downtown,0,2,114,32,2,195,56,-0.849578930941055,-0.8175253124638392,-0.5661698527519702,-0.053481519244358754
3502924140260,2019-04-29,East Phillips,9,False,7,0,8,4769.63782225,False,False,True,970.727393677238,27053125900,2019,8,4,3040,True,reduced,1,0.5,downtown,0,2,115,20,7,196,21,-0.9660177043216761,-0.8744108339946742,-0.7032548674052118,1.3608254363107204
402824220035,2019-05-13,ECCO,10,False,17,18,18,5806.32887299,False,True,True,155.30836935161724,27053108000,2019,8,5,3054,True,eliminated,0,0.0,downtown,0,3,116,33,2,197,28,-0.8689853931711585,-0.703754269402169,-0.682540334950668,-0.5376333696752665
2202924141058,2019-05-13,North Loop,3,True,60,97,60,17431.83764498,False,False,False,660.3728013554056,27053126200,2019,8,5,3054,True,eliminated,0,0.0,downtown,0,3,116,7,4,198,7,-0.45174645522393286,0.04523843075382643,-0.45024646245502714,0.6382577855757401
3602924220122,2019-05-13,Ventura Village,6,False,110,59,50,64180.5624034,False,False,True,235.8714490344298,27053106000,2019,8,5,3054,True,reduced,1,0.5,downtown,0,3,116,22,0,199,35,0.03341510052865508,-0.3150365389414625,0.4838582310557204,-0.3500663844829876
3602924430100,2019-05-13,Longfellow,2,False,190,104,99,41959.15499277,False,False,True,230.61590565847305,27053107400,2019,8,5,3054,True,reduced,1,0.5,downtown,0,3,116,8,11,200,46,0.8096735897327958,0.1116048725398007,0.03984353191795657,-0.36230234207617484
3302924430018,2019-06-03,Lowry Hill East,10,False,10,2,6,5772.90936848,False,False,True,230.0772286151812,27053007700,2019,8,6,3075,True,reduced,1,0.5,downtown,0,11,117,3,2,201,3,-0.9369080109765208,-0.855448993484396,-0.6832081032412238,-0.36355649012265395
1302824220036,2019-06-03,Standish-Ericsson,12,False,130,130,90,23246.85953856,False,False,False,1762.9237735996478,27053111100,2019,8,6,3075,True,full,2,1.0,downtown,0,11,117,35,1,202,5,0.22747972282969026,0.3581087991734195,-0.33405421824450476,3.205217274945758
802824330103,2019-06-17,Linden Hills,13,False,42,22,26,8199.95136978,False,False,False,2091.681590955828,27053109800,2019,8,6,3089,True,full,2,1.0,downtown,0,11,118,12,5,203,11,-0.6264046152948645,-0.6658305883816122,-0.6347124204931354,3.970631319476731
302824230246,2019-06-17,Lyndale,8,False,12,0,8,5056.94320119,False,False,True,472.08160165750354,27053008200,2019,8,6,3089,True,reduced,1,0.5,downtown,0,11,118,17,9,204,53,-0.9175015487464173,-0.8744108339946742,-0.6975141053988556,0.19987816050900542
3402924330165,2019-06-17,Whittier,10,False,67,40,40,11052.82933911,False,True,True,109.31071072336536,27053007700,2019,8,6,3089,True,eliminated,0,0.0,downtown,0,11,118,32,2,205,3,-0.38382383741857057,-0.49517402378910697,-0.5777079414418733,-0.6447251316681419
3602924220121,2019-07-08,Seward,6,False,128,77,154,54255.10816986,False,False,True,355.15387505647647,27053106200,2019,8,7,3110,True,reduced,1,0.5,downtown,0,4,119,19,0,96,19,0.20807326059958672,-0.14437997434895722,0.28553381830035557,-0.07235300605376747
3402924240113,2019-07-08,Whittier,10,False,146,92,106,12866.23268242,False,False,True,256.36350456126723,27053107000,2019,8,7,3110,True,reduced,1,0.5,downtown,0,4,119,32,2,206,40,0.3827314206705184,-0.0021661705218694867,-0.5414736145598581,-0.3023567749361013
502824210226,2019-07-08,West Calhoun,13,False,20,20,24,27747.2741521,False,True,True,24.941997814812968,27053109100,2019,8,7,3110,True,eliminated,0,0.0,downtown,0,4,119,18,5,207,15,-0.8398756998260032,-0.6847924288918906,-0.24412966019557303,-0.8411523932265922
502824220159,2019-07-22,West Calhoun,13,False,49,45,29,14870.3937862,False,False,True,240.12883775080692,27053109100,2019,8,7,3124,True,reduced,1,0.5,downtown,0,4,120,18,5,208,15,-0.5584819974895022,-0.44776942251341106,-0.5014276816864615,-0.34015433085412355
2602924240113,2019-08-05,Elliot Park,6,True,119,31,54,13667.17261042,False,True,True,124.86094975645678,27053105400,2019,8,8,3138,True,eliminated,0,0.0,downtown,0,5,121,0,0,209,32,0.12074418056412091,-0.5805023060853596,-0.5254697182005204,-0.6085210606974228
1402924320154,2019-08-19,St. Anthony West,3,False,113,67,158,26713.3802557,False,True,True,176.60079697934523,27053103000,2019,8,8,3152,True,eliminated,0,0.0,downtown,0,5,122,42,4,210,45,0.06252479387381035,-0.23918917690034905,-0.2647883016068643,-0.48806033357384554
1102924420130,2019-08-19,Holland,1,False,112,119,236,40571.95554644,False,False,False,873.532348977205,27053101800,2019,8,8,3152,True,full,2,1.0,downtown,0,5,122,44,6,211,47,0.05282156275875859,0.25381867636688843,0.01212535307246875,1.1345359054016468
2202924140147,2019-08-19,North Loop,3,True,66,87,33,20105.01909506,False,False,True,611.1531832937114,27053126200,2019,8,8,3152,True,eliminated,0,0.0,downtown,0,5,122,7,4,212,7,-0.3935270685336223,-0.0495707717975654,-0.39683257037499026,0.5236646567070956
3302924430225,2019-08-19,Lowry Hill East,10,False,76,43,43,16261.81248444,False,True,True,89.27600138307766,27053007700,2019,8,8,3152,True,eliminated,0,0.0,downtown,0,5,122,3,2,213,3,-0.2964947573831047,-0.46673126302368945,-0.4736251963057132,-0.6913699476925109
402824130050,2019-08-19,SOUP,10,False,77,38,77,5384.67380366,False,True,True,95.59686523553168,27053008100,2019,8,8,3152,True,eliminated,0,0.0,downtown,0,5,122,40,2,214,44,-0.28679152626805293,-0.5141358642993853,-0.6909655910691852,-0.6766537106608153
3302924420244,2019-08-19,Lowry Hill East,10,False,85,50,50,23692.92700279,False,True,True,121.35910422944151,27053106700,2019,8,8,3152,True,eliminated,0,0.0,downtown,0,5,122,3,2,215,31,-0.20916567734763888,-0.40036482123771516,-0.3251411684423359,-0.616674058456413
1402924320157,2019-08-19,St. Anthony West,3,False,175,113,230,46251.5558747,False,True,True,66.95673848122784,27053103000,2019,8,8,3152,True,eliminated,0,0.0,downtown,0,5,122,42,4,216,45,0.6641251230070194,0.19693315483605334,0.12561168561541797,-0.743333661973247
1002924410180,2019-09-23,Bottineau,3,False,128,97,115,47270.66941044,False,True,True,244.96288338896343,27053001700,2019,8,9,3187,True,eliminated,0,0.0,downtown,0,6,123,30,4,217,34,0.20807326059958672,0.04523843075382643,0.14597499481528242,-0.3288997044148076
2202924440130,2019-09-23,Downtown West,3,True,369,347,185,64152.72481663,False,False,True,516.5628845343051,27053126100,2019,8,9,3187,True,eliminated,0,0.0,downtown,0,6,123,10,4,218,9,2.546551959327061,2.4154684945386222,0.48330199726341383,0.3034394960430362
1502824220255,2019-10-07,Tangletown,11,False,23,10,12,10682.43610672,False,False,False,687.573358755095,27053110800,2019,8,10,3201,True,full,2,1.0,downtown,0,7,124,16,8,219,57,-0.810766006480848,-0.7796016314432824,-0.5851089145937196,0.7015861311044392
1802823120097,2019-10-07,Hiawatha,12,False,26,27,13,18055.55798329,False,False,True,325.3238375254573,27053110500,2019,8,10,3201,True,reduced,1,0.5,downtown,0,7,124,24,1,220,8,-0.7816563131356926,-0.6184259871059163,-0.43778366056119483,-0.1418033079773603
2202924410217,2019-10-07,Downtown West,3,True,36,72,23,74386.01034336,False,False,True,576.859517966999,27053126100,2019,8,10,3201,True,eliminated,0,0.0,downtown,0,7,124,10,4,176,9,-0.684624001985175,-0.19178457562465315,0.6877773084072203,0.4438221352711041
2202924410036,2019-10-07,Downtown West,3,True,48,0,24,5319.77349973,False,False,True,575.515407044984,27053126100,2019,8,10,3201,True,eliminated,0,0.0,downtown,0,7,124,10,4,221,9,-0.568185228604554,-0.8744108339946742,-0.6922623896198317,0.4406927758374908
302824320170,2019-10-07,Lyndale,8,False,6,4,6,5494.05601323,False,False,True,335.1544269518127,27053109300,2019,8,10,3201,True,reduced,1,0.5,downtown,0,7,124,17,9,222,18,-0.9757209354367278,-0.8364871529741176,-0.6887799820312079,-0.11891572685925718
1602924410161,2019-10-21,Near North,5,False,112,72,60,47299.08185295,False,True,True,70.94043735135348,27053102900,2019,8,10,3215,True,eliminated,0,0.0,downtown,0,7,125,55,10,223,58,0.05282156275875859,-0.19178457562465315,0.14654271502668598,-0.7340588131228155
1402924410217,2019-11-04,St. Anthony East,3,False,20,0,10,10241.48557967,False,True,True,105.36166665605197,27053103100,2019,8,11,3229,True,eliminated,0,0.0,downtown,0,8,126,46,4,224,59,-0.8398756998260032,-0.8744108339946742,-0.5939197208574618,-0.6539192971967402
502824220160,2019-11-04,West Calhoun,13,False,744,569,422,193410.96847496,False,True,True,206.7251599664222,27053109100,2019,8,11,3229,True,eliminated,0,0.0,downtown,0,8,126,18,5,225,15,6.18526362747147,4.520232791179521,3.066061905691826,-0.41792478303915864
2102924430043,2019-11-18,Harrison,5,False,95,80,75,4727.29744277,False,False,True,709.9044236146359,27053104100,2019,8,11,3243,True,reduced,1,0.5,downtown,0,8,127,38,10,226,41,-0.1121333661971213,-0.11593721358353967,-0.7041008872143439,0.753577322706452
1402924330063,2019-11-18,St. Anthony West,3,False,29,14,15,13499.1244781,False,True,True,124.9260474857105,27053103000,2019,8,11,3243,True,eliminated,0,0.0,downtown,0,8,127,42,4,227,45,-0.7525466197905374,-0.7416779504227258,-0.5288275541617581,-0.608369500145529
2102924230253,2019-11-18,Near North,5,False,6,4,0,8000.82446504,False,False,True,189.9641101113227,27053003300,2019,8,11,3243,True,reduced,1,0.5,downtown,0,8,127,55,10,228,60,-0.9757209354367278,-0.8364871529741176,-0.638691253654534,-0.4569478641124758
2602924420059,2019-11-18,Elliot Park,6,True,10,0,23,95556.96948315,False,False,True,680.4753427847917,27053005901,2019,8,11,3243,True,eliminated,0,0.0,downtown,0,8,127,0,0,229,0,-0.9369080109765208,-0.8744108339946742,1.1108025866537723,0.6850605282893761
1502924140108,2019-12-09,Sheridan,3,False,7,15,17,11067.22444464,False,False,True,580.1617101608093,27053002400,2019,8,12,3264,True,reduced,1,0.5,downtown,0,9,128,21,4,230,22,-0.9660177043216761,-0.7321970301675865,-0.5774203071650318,0.4515103000825423
2202924410144,2020-01-13,Downtown West,3,True,346,328,353,42412.56122415,False,False,True,594.4387903417241,27053126102,2020,9,1,3299,True,eliminated,0,0.0,downtown,0,0,129,10,4,175,61,2.32337764368087,2.2353310096909778,0.04890322051882671,0.48475020224896775
3602924440163,2020-01-13,Longfellow,2,False,6,4,6,8224.33357645,False,False,True,168.15310156801382,27053107400,2020,9,1,3299,True,reduced,1,0.5,downtown,0,0,129,8,11,231,46,-0.9757209354367278,-0.8364871529741176,-0.6342252300124047,-0.5077282604500833
2602924240137,2020-01-13,Elliot Park,6,True,179,286,18,109278.40295516,False,False,True,435.2538034187549,27053105400,2020,9,1,3299,True,eliminated,0,0.0,downtown,0,0,129,0,0,232,32,0.7029380474672264,1.837132358975132,1.3849759566041788,0.11413567010138885
2902924130070,2020-01-27,Bryn-Mawr,7,False,201,200,130,103542.62532724,False,False,True,1038.922708125636,27053105100,2020,9,1,3313,True,reduced,1,0.5,downtown,0,0,130,56,3,233,54,0.9164091319983652,1.0217732170331622,1.2703671232967204,1.5195977869418795
1202824110257,2020-02-10,Howe,12,False,102,45,52,36864.71104865,False,True,True,121.06222082273165,27053110400,2020,9,2,3327,True,eliminated,0,0.0,downtown,0,1,131,57,1,234,26,-0.044210748391758994,-0.44776942251341106,-0.06195056029784855,-0.6173652624889477
702823320001,2020-02-10,Standish Ericsson,12,False,30,0,16,9847.38564214,False,False,False,1073.937137396994,27053111100,2020,9,2,3327,True,full,2,1.0,downtown,0,1,131,58,1,235,5,-0.7428433886754856,-0.8744108339946742,-0.6017943870277461,1.601118391200235
2202924130059,2020-02-10,North Loop,3,True,188,118,106,34099.27245696,False,False,False,985.59878802762,27053126202,2020,9,2,3327,True,eliminated,0,0.0,downtown,0,1,131,7,4,236,62,0.7902671275026922,0.24433775611174927,-0.11720787868380332,1.3954490208967223
2802924440005,2020-02-24,Lowry Hill East,10,False,242,238,252,90705.01364799,False,True,True,149.37547044080375,27053106700,2020,9,2,3341,True,eliminated,0,0.0,downtown,0,1,132,3,2,237,31,1.3142416077154873,1.3820481867284513,1.0138537449099447,-0.5514463466187144
2702924241551,2020-04-13,Loring Park,7,True,125,66,130,32603.06315542,False,False,True,255.71311609770808,27053105201,2020,9,4,3390,True,eliminated,0,0.0,downtown,0,2,133,6,3,170,27,0.17896356725443147,-0.24867009715548824,-0.14710422640805276,-0.303871009543243
2802924440544,2020-04-13,Lowry Hill,7,False,45,5,44,11354.50979666,False,True,True,63.991232603163496,27053105500,2020,9,4,3390,True,eliminated,0,0.0,downtown,0,2,133,59,3,238,63,-0.5972949219497092,-0.8270062327189783,-0.571679945324457,-0.750237953607932
2302924340735,2020-04-13,Mill District,3,True,328,226,330,62983.45431743,False,True,True,116.5857889068623,27053126102,2020,9,4,3390,True,eliminated,0,0.0,downtown,0,2,133,9,4,239,61,2.1487194836099386,1.268277143666781,0.45993834259838146,-0.6277872925576076
3502924440258,2020-04-13,East Phillips,9,False,36,0,18,13145.30252682,False,True,True,48.366198227937886,27053125900,2020,9,4,3390,True,eliminated,0,0.0,downtown,0,2,133,20,7,240,21,-0.684624001985175,-0.8744108339946742,-0.5358974100148475,-0.7866161631156309
2202924420127,2020-05-11,North Loop,3,True,356,348,411,7912.0268645,False,False,True,488.9060917645231,27053126201,2020,9,5,3418,True,eliminated,0,0.0,downtown,0,3,134,7,4,241,64,2.420409954831388,2.4249494147937614,-0.6404655535068945,0.23904894319501327
2602924111658,2020-05-11,Mill District,3,True,225,215,123,33709.72970006,False,False,False,654.6694943407667,27053126102,2020,9,5,3418,True,eliminated,0,0.0,downtown,0,3,134,9,4,242,61,1.1492866787596072,1.16398702086025,-0.12499148603189189,0.6249793445507253
3402924330212,2020-05-11,Whittier,10,False,95,58,58,18021.44769161,False,True,True,34.26242958461972,27053007700,2020,9,5,3418,True,eliminated,0,0.0,downtown,0,3,134,32,2,243,3,-0.1121333661971213,-0.3245174591966017,-0.4384652317424402,-0.8194525613105842
3402924330214,2020-05-11,Whittier,10,False,132,55,139,23450.36065719,False,True,True,43.71961674077371,27053007700,2020,9,5,3418,True,eliminated,0,0.0,downtown,0,3,134,32,2,244,3,0.24688618505979376,-0.35296021996201926,-0.32998798219145103,-0.7974343354649134
2602924440096,2020-06-15,Ventura Village,6,False,40,25,18,41578.46105419,False,True,True,72.66948075169685,27053106000,2020,9,6,3453,True,eliminated,0,0.0,downtown,0,11,135,22,0,245,35,-0.645811077524968,-0.6373878276161947,0.03223673629612247,-0.730033253782906
302924440102,2020-06-15,Marshall Terrace,1,False,6,0,8,7881.20571756,False,True,True,132.65823202178612,27053100500,2020,9,6,3453,True,eliminated,0,0.0,downtown,0,11,135,34,6,246,37,-0.9757209354367278,-0.8744108339946742,-0.6410814029908071,-0.5903674258939973
2102924420127,2020-06-15,Harrison,5,False,92,63,80,52520.23260676,False,True,True,96.46376921703413,27053104100,2020,9,6,3453,True,eliminated,0,0.0,downtown,0,11,135,38,10,247,41,-0.1412430595422766,-0.2771128579209058,0.25086858594325406,-0.6746353845627839
1602924410161,2020-06-15,Near North,5,False,26,9,18,47299.08185295,False,True,True,70.94043735135348,27053126300,2020,9,6,3453,True,eliminated,0,0.0,downtown,0,11,135,55,10,223,65,-0.7816563131356926,-0.7890825516984217,0.14654271502668598,-0.7340588131228155
402824420208,2020-06-15,CARAG,10,False,74,92,40,10296.92890144,False,True,True,39.3897389941042,27053109200,2020,9,6,3453,True,eliminated,0,0.0,downtown,0,11,135,60,2,248,50,-0.3159012196132082,-0.0021661705218694867,-0.5928118859944401,-0.8075151580748662
2602924220449,2020-06-15,Elliot Park,7,True,240,103,247,66220.25831497,False,False,True,448.6734109830177,27053105400,2020,9,6,3453,True,eliminated,0,0.0,downtown,0,11,135,0,3,249,32,1.294835145485384,0.10212395228466152,0.5246141989281713,0.14537920427612905
3502924330010,2020-06-15,Phillips West,6,False,40,0,36,6453.17467441,False,False,True,357.6051007055583,27053126000,2020,9,6,3453,True,reduced,1,0.5,downtown,0,11,135,61,0,250,52,-0.645811077524968,-0.8744108339946742,-0.669615454064472,-0.06664606179549883
102824120058,2020-06-15,Longfellow,9,False,18,0,55,7501.31968781,False,False,True,477.9467740941089,27053108800,2020,9,6,3453,True,reduced,1,0.5,downtown,0,11,135,8,7,251,49,-0.8592821620561067,-0.8744108339946742,-0.6486720554679043,0.21353345665580376
1402924340153,2020-07-06,St. Anthony West,3,False,49,24,27,16554.76570889,False,True,True,53.33263390855176,27053103600,2020,9,7,3474,True,eliminated,0,0.0,downtown,0,4,136,42,4,252,10,-0.5584819974895022,-0.6468687478713339,-0.4677715824723526,-0.7750533061415467
2302924210089,2020-07-06,St. Anthony West,3,False,49,29,27,18501.62623339,False,True,True,53.400435119538464,27053103600,2020,9,7,3474,True,eliminated,0,0.0,downtown,0,4,136,42,4,253,10,-0.5584819974895022,-0.599464146595638,-0.4288705950562478,-0.7748954513427079
3402924110149,2020-07-06,Whittier,10,False,72,22,60,20779.65934775,False,False,True,465.018009661765,27053106900,2020,9,7,3474,True,reduced,1,0.5,downtown,0,4,136,32,2,254,56,-0.3353076818433118,-0.6658305883816122,-0.3833523176039133,0.18343270360138367
302824440214,2020-07-06,Central,8,False,48,30,24,196444.01585802,False,False,True,691.1690024639361,27053109400,2020,9,7,3474,True,reduced,1,0.5,downtown,0,4,136,39,9,255,43,-0.568185228604554,-0.5899832263404988,3.12666642080529,0.7099575098172218
702823340168,2020-07-06,Hiawatha,12,False,210,135,106,76730.6123271,False,True,True,215.76384954231813,27053110500,2020,9,7,3474,True,eliminated,0,0.0,downtown,0,4,136,24,1,256,8,1.003738212033831,0.4055134004491154,0.734625724674055,-0.39688090337971005
1002824310259,2020-07-06,Kingfield,8,False,47,32,40,14548.11901857,False,True,True,48.38918198197148,27053110800,2020,9,7,3474,True,eliminated,0,0.0,downtown,0,4,136,62,9,257,57,-0.5778884597196057,-0.5710213858302204,-0.507867180829998,-0.7865626523329069
1402924140043,2020-07-06,Logan Park,1,False,111,67,52,29437.36359619,False,True,True,60.60452254054696,27053102500,2020,9,7,3474,True,eliminated,0,0.0,downtown,0,4,136,13,6,258,12,0.04311833164370684,-0.23918917690034905,-0.2103593169330417,-0.7581228929457322
702823340141,2020-07-20,Hiawatha,12,False,81,25,40,44087.3366143,False,True,True,68.07883433551672,27053110500,2020,9,7,3488,True,eliminated,0,0.0,downtown,0,4,137,24,1,259,8,-0.24797860180784592,-0.6373878276161947,0.08236756763417004,-0.7407211980839026
1302924230043,2020-07-20,Northeast Park,1,False,118,92,90,33990.12927633,False,True,True,103.50320332559038,27053102600,2020,9,7,3488,True,eliminated,0,0.0,downtown,0,4,137,49,6,260,51,0.11104094944906914,-0.0021661705218694867,-0.11938871159032691,-0.6582461720550191
1602924240219,2020-08-03,Jordan,5,False,20,40,20,41687.95371316,False,True,True,18.67325711541877,27053102100,2020,9,8,3502,True,eliminated,0,0.0,downtown,0,5,138,23,10,261,24,-0.8398756998260032,-0.49517402378910697,0.03442455226709035,-0.8557472771184049
1602924230250,2020-08-03,Jordan,5,False,72,83,36,61316.67649137,False,True,True,143.35781780442136,27053102100,2020,9,8,3502,True,eliminated,0,0.0,downtown,0,5,138,23,10,262,24,-0.3353076818433118,-0.08749445281812213,0.4266337979630359,-0.5654566472103069
202824110284,2020-09-08,Powderhorn Park,9,False,42,23,27,38892.57942807,False,True,True,159.15797933893293,27053008500,2020,9,9,3538,True,eliminated,0,0.0,downtown,0,6,139,37,7,263,39,-0.6264046152948645,-0.6563496681264731,-0.021430923006628598,-0.5286707066001988
1802823330026,2020-09-08,Keeywaydin,12,False,19,5,10,7565.2595462,False,False,False,1544.740409984318,27053011800,2020,9,9,3538,True,full,2,1.0,downtown,0,6,139,63,1,264,66,-0.849578930941055,-0.8270062327189783,-0.6473944479581132,2.6972427052847996
3402924130009,2020-09-21,Whittier,10,False,6,4,3,5887.34913039,False,True,True,175.5973160670209,27053106900,2020,9,9,3551,True,eliminated,0,0.0,downtown,0,6,140,32,2,265,56,-0.9757209354367278,-0.8364871529741176,-0.6809214372567121,-0.4903966381213345
2102924340090,2020-09-21,Harrison,5,False,187,199,187,72367.21106649,False,False,True,540.3428043540042,27053104100,2020,9,9,3551,True,reduced,1,0.5,downtown,0,6,140,38,10,266,41,0.7805638963876405,1.012292296778023,0.6474388844282705,0.3588039121782682
1502924240081,2020-09-21,Hawthorne,5,False,163,163,146,105786.73027333,False,False,True,417.6102665381925,27053126300,2020,9,9,3551,True,reduced,1,0.5,downtown,0,6,140,29,10,267,65,0.5476863496263983,0.6709791675930125,1.3152074686474413,0.07305798248262844
402824120101,2020-10-05,SOUP,10,False,34,0,17,11619.84118309,False,False,True,316.1031878195356,27053008100,2020,9,10,3565,True,reduced,1,0.5,downtown,0,7,141,40,2,268,44,-0.7040304642152786,-0.8744108339946742,-0.5663782543226006,-0.16327082726365164
2102924340212,2020-10-05,Harrison,5,False,17,20,17,521.81058961,False,False,True,839.272610021566,27053104100,2020,9,10,3565,True,reduced,1,0.5,downtown,0,7,141,38,10,269,41,-0.8689853931711585,-0.6847924288918906,-0.7881323774493146,1.054772371352506
1002924410181,2020-10-05,Bottineau,3,False,164,164,93,111845.05963823,False,True,True,226.08650917081596,27053001700,2020,9,10,3565,True,eliminated,0,0.0,downtown,0,7,141,30,4,270,34,0.5573895807414501,0.6804600878481517,1.436261335332175,-0.3728476842760409
1002824420178,2020-10-19,Kingfield,8,False,79,37,70,15844.49162084,False,True,True,40.48622158246328,27053110800,2020,9,10,3579,True,eliminated,0,0.0,downtown,0,7,142,62,9,271,57,-0.2673850640379494,-0.5236167845545245,-0.4819638489513879,-0.8049623269985958
2202924140147,2020-10-19,North Loop,3,True,107,71,102,20105.01909506,False,False,True,611.1531832937114,27053126202,2020,9,10,3579,True,eliminated,0,0.0,downtown,0,7,142,7,4,212,62,0.004305407183499803,-0.2012654958797923,-0.39683257037499026,0.5236646567070956
2702924340009,2020-10-19,Stevens Square,7,False,129,64,56,11884.57230574,False,True,True,66.29939155426432,27053105600,2020,9,10,3579,True,eliminated,0,0.0,downtown,0,7,142,2,3,188,6,0.2177764917146385,-0.2676319376657666,-0.561088557427902,-0.7448640972768796
2302924120252,2020-11-02,St. Anthony,3,False,229,201,230,29422.68907784,False,True,True,29.76622093094202,27053103600,2020,9,11,3593,True,eliminated,0,0.0,downtown,0,8,143,64,4,272,10,1.1880996032198143,1.0312541372883015,-0.21065253426755892,-0.8299206355858738
3302924430135,2020-11-02,Lowry Hill East,10,False,144,99,224,32108.06390398,False,True,True,60.37930794877167,27053007700,2020,9,11,3593,True,eliminated,0,0.0,downtown,0,8,143,3,2,273,3,0.36332495844041485,0.0642002712641048,-0.15699500153494284,-0.7586472376228091
302824340184,2020-11-16,Kingfield,8,False,12,0,6,7178.96571813,False,True,True,86.7541868207258,27053109300,2020,9,11,3607,True,eliminated,0,0.0,downtown,0,8,144,62,9,274,18,-0.9175015487464173,-0.8744108339946742,-0.655113137178816,-0.6972412370788728
1802823120094,2020-11-16,Hiawatha,12,False,144,116,72,62950.13543101,False,False,True,326.33545257597365,27053110500,2020,9,11,3607,True,reduced,1,0.5,downtown,0,8,144,24,1,275,8,0.36332495844041485,0.22537591560147088,0.45927258479753647,-0.13944806552700287
3402924340304,2020-12-07,Whittier,10,False,113,120,83,63968.27699643,False,True,True,84.09843403258006,27053007700,2020,9,12,3628,True,eliminated,0,0.0,downtown,0,9,145,32,2,276,3,0.06252479387381035,0.2632995966220276,0.47961647267537444,-0.7034243614808903
