GeoFIPS,GeoName,2017,2018,2019,2020,2021
10180,"Abilene, TX (MA)",6827152.0,7141273.0,7426609.0,7354374.0,7573774.0
10420,"Akron, OH (MA)",36424857.0,36883382.0,37471099.0,36099097.0,37510049.0
10500,"Albany, GA (MA)",5693673.0,5702355.0,5839867.0,5797644.0,6068572.0
10540,"Albany-Lebanon, OR (MA)",4505965.0,4802294.0,4921026.0,4788775.0,4893295.0
10580,"Albany-Schenectady-Troy, NY (MA)",61024034.0,61119269.0,64250467.0,62574116.0,66759654.0
10740,"Albuquerque, NM (MA)",41881258.0,42671307.0,43913664.0,43194744.0,45285850.0
10780,"Alexandria, LA (MA)",6081708.0,6161095.0,6146501.0,6020969.0,6127753.0
10900,"Allentown-Bethlehem-Easton, PA-NJ (MA)",44541436.0,44764523.0,46551226.0,44681775.0,46291035.0
11020,"Altoona, PA (MA)",5849536.0,5944931.0,6080921.0,5915856.0,6114417.0
11100,"Amarillo, TX (MA)",13044032.0,13439341.0,13720828.0,13809049.0,14317913.0
11180,"Ames, IA (MA)",6445208.0,6563479.0,6654268.0,6569456.0,6851748.0
11260,"Anchorage, AK (MA)",25842697.0,26029809.0,25950062.0,25373518.0,26090195.0
11460,"Ann Arbor, MI (MA)",24040003.0,24649772.0,25481406.0,24988323.0,26314261.0
11500,"Anniston-Oxford, AL (MA)",4244400.0,4342966.0,4555074.0,4461364.0,4624647.0
11540,"Appleton, WI (MA)",13810008.0,14241692.0,14583478.0,13938476.0,14309091.0
11700,"Asheville, NC (MA)",19857995.0,20527515.0,21417415.0,20262554.0,21458369.0
12020,"Athens-Clarke County, GA (MA)",9980018.0,10330759.0,10263944.0,9826824.0,10364639.0
12060,"Atlanta-Sandy Springs-Alpharetta, GA (MA)",398208502.0,413028711.0,429945844.0,414749739.0,442449357.0
12100,"Atlantic City-Hammonton, NJ (MA)",13521560.0,13616155.0,13791800.0,12986077.0,14017564.0
12220,"Auburn-Opelika, AL (MA)",6138724.0,6112260.0,6342058.0,6187153.0,6561345.0
12260,"Augusta-Richmond County, GA-SC (MA)",27076189.0,27499759.0,27974192.0,27765735.0,28260356.0
12420,"Austin-Round Rock-Georgetown, TX (MA)",141102903.0,149306992.0,158684309.0,163074856.0,180240561.0
12540,"Bakersfield, CA (MA)",43812095.0,43894460.0,45414089.0,45439983.0,45334031.0
12580,"Baltimore-Columbia-Towson, MD (MA)",198332437.0,200409767.0,201674700.0,194651261.0,204204808.0
12620,"Bangor, ME (MA)",6360893.0,6599941.0,6762485.0,6783030.0,7003554.0
12700,"Barnstable Town, MA (MA)",12764776.0,13042121.0,13537095.0,12654827.0,13490964.0
12940,"Baton Rouge, LA (MA)",52326375.0,55749428.0,54607468.0,50510254.0,51156830.0
12980,"Battle Creek, MI (MA)",6450941.0,6467348.0,6411827.0,6372022.0,6912586.0
13020,"Bay City, MI (MA)",3539706.0,3631822.0,3535699.0,3549806.0,3841031.0
13140,"Beaumont-Port Arthur, TX (MA)",24454169.0,25657246.0,25098948.0,21736691.0,22261112.0
13220,"Beckley, WV (MA)",3990112.0,4064980.0,4184828.0,3918031.0,4023333.0
13380,"Bellingham, WA (MA)",11651236.0,12557637.0,13655023.0,14158405.0,14284199.0
13460,"Bend, OR (MA)",9523750.0,9881699.0,10463829.0,10479459.0,11519814.0
13740,"Billings, MT (MA)",10233635.0,10293847.0,10047428.0,9851083.0,10488730.0
13780,"Binghamton, NY (MA)",10763033.0,10788110.0,11024592.0,10409823.0,10715948.0
13820,"Birmingham-Hoover, AL (MA)",60645897.0,61853013.0,62865011.0,62129272.0,65260617.0
13900,"Bismarck, ND (MA)",7656673.0,7518448.0,7452829.0,7152114.0,7387662.0
13980,"Blacksburg-Christiansburg, VA (MA)",7016349.0,7365216.0,7264354.0,7052736.0,7598638.0
14010,"Bloomington, IL (MA)",14476949.0,14530626.0,14906310.0,12328380.0,12368351.0
14020,"Bloomington, IN (MA)",7406889.0,7670488.0,7588407.0,7282855.0,7517075.0
14100,"Bloomsburg-Berwick, PA (MA)",4409987.0,4390928.0,4502269.0,4284974.0,4464452.0
14260,"Boise City, ID (MA)",32266790.0,34798490.0,36495225.0,37045260.0,40145338.0
14460,"Boston-Cambridge-Newton, MA-NH (MA)",433844401.0,451335935.0,467519922.0,460535204.0,492998949.0
14500,"Boulder, CO (MA)",26255861.0,27218834.0,29675687.0,29149041.0,31164647.0
14540,"Bowling Green, KY (MA)",7184469.0,7130833.0,7484003.0,7421699.0,7933371.0
14740,"Bremerton-Silverdale-Port Orchard, WA (MA)",11972570.0,12262750.0,12396819.0,12734085.0,13081004.0
14860,"Bridgeport-Stamford-Norwalk, CT (MA)",91838477.0,90874828.0,88934335.0,83855524.0,87235525.0
15180,"Brownsville-Harlingen, TX (MA)",10734203.0,10950425.0,11200319.0,10912927.0,11660469.0
15260,"Brunswick, GA (MA)",4534646.0,4697516.0,4615626.0,4508473.0,4810326.0
15380,"Buffalo-Cheektowaga, NY (MA)",66331075.0,66983121.0,68811628.0,66831543.0,69328962.0
15500,"Burlington, NC (MA)",6087842.0,6124774.0,6295903.0,6302066.0,6674694.0
15540,"Burlington-South Burlington, VT (MA)",13704166.0,13933008.0,14192895.0,13681245.0,14582139.0
15680,"California-Lexington Park, MD (MA)",7354343.0,7391917.0,7535678.0,7859546.0,7844387.0
15940,"Canton-Massillon, OH (MA)",18122356.0,17881022.0,18191600.0,17171476.0,18081547.0
15980,"Cape Coral-Fort Myers, FL (MA)",31283529.0,32564768.0,33089321.0,33048241.0,35789303.0
16020,"Cape Girardeau, MO-IL (MA)",4326578.0,4420708.0,4430209.0,4281206.0,4422321.0
16060,"Carbondale-Marion, IL (MA)",5592572.0,5744517.0,5738902.0,5490804.0,5561229.0
16180,"Carson City, NV (MA)",3397457.0,3474293.0,3694536.0,3507173.0,3582260.0
16220,"Casper, WY (MA)",5594566.0,5920361.0,5678124.0,5070249.0,5001565.0
16300,"Cedar Rapids, IA (MA)",18322704.0,18657739.0,18307608.0,17878743.0,18846932.0
16540,"Chambersburg-Waynesboro, PA (MA)",6302357.0,6400028.0,6238670.0,5947734.0,6101218.0
16580,"Champaign-Urbana, IL (MA)",11567426.0,11476322.0,11607622.0,11410051.0,11817541.0
16620,"Charleston, WV (MA)",12811681.0,13532732.0,12864407.0,12063490.0,12391989.0
16700,"Charleston-North Charleston, SC (MA)",41712863.0,43397855.0,45108303.0,44302237.0,46532802.0
16740,"Charlotte-Concord-Gastonia, NC-SC (MA)",168119917.0,171575711.0,177257582.0,179456155.0,190503528.0
16820,"Charlottesville, VA (MA)",13408130.0,13679393.0,13743783.0,13188918.0,14344675.0
16860,"Chattanooga, TN-GA (MA)",29616001.0,29878030.0,30328402.0,30203799.0,32135319.0
16940,"Cheyenne, WY (MA)",5428708.0,5727043.0,6009411.0,5664112.0,5986116.0
16980,"Chicago-Naperville-Elgin, IL-IN-WI (MA)",674568186.0,691185754.0,697333633.0,659808286.0,696359946.0
17020,"Chico, CA (MA)",9181452.0,9272932.0,9447628.0,8878582.0,9070391.0
17140,"Cincinnati, OH-KY-IN (MA)",145242197.0,145312363.0,152466652.0,149378970.0,155513292.0
17300,"Clarksville, TN-KY (MA)",12303121.0,12435834.0,12615947.0,12692257.0,13491471.0
17420,"Cleveland, TN (MA)",4678425.0,4720435.0,4722087.0,4866520.0,5103060.0
17460,"Cleveland-Elyria, OH (MA)",128644607.0,130644968.0,133967383.0,129098200.0,135547013.0
17660,"Coeur d'Alene, ID (MA)",6045951.0,6422914.0,6575138.0,6883769.0,7661498.0
17780,"College Station-Bryan, TX (MA)",12461621.0,12996849.0,13580356.0,13563901.0,14174399.0
17820,"Colorado Springs, CO (MA)",35086959.0,36241661.0,37712025.0,38854813.0,40926166.0
17860,"Columbia, MO (MA)",9957674.0,10019553.0,10422519.0,10111109.0,10610366.0
17900,"Columbia, SC (MA)",41010232.0,41651691.0,42416718.0,42243846.0,44430065.0
17980,"Columbus, GA-AL (MA)",14601270.0,14626897.0,14869675.0,14714617.0,14919089.0
18020,"Columbus, IN (MA)",6366981.0,6845733.0,6780298.0,6283094.0,6538720.0
18140,"Columbus, OH (MA)",129945459.0,131537720.0,135606719.0,134047931.0,143197874.0
18580,"Corpus Christi, TX (MA)",21073008.0,21758642.0,22343137.0,21358158.0,22092132.0
18700,"Corvallis, OR (MA)",4318847.0,4519396.0,4601570.0,4518078.0,4721965.0
18880,"Crestview-Fort Walton Beach-Destin, FL (MA)",14385761.0,14991042.0,15862463.0,16298081.0,17870178.0
19060,"Cumberland, MD-WV (MA)",3790007.0,3852561.0,3866718.0,3733268.0,3745774.0
19100,"Dallas-Fort Worth-Arlington, TX (MA)",483732021.0,506219605.0,525852321.0,519282910.0,560290164.0
19140,"Dalton, GA (MA)",6885582.0,6843613.0,6878107.0,6669749.0,7034767.0
19180,"Danville, IL (MA)",3203166.0,3211115.0,3200616.0,3045323.0,3155857.0
19300,"Daphne-Fairhope-Foley, AL (MA)",7382558.0,7758980.0,8148786.0,8102009.0,8738819.0
19340,"Davenport-Moline-Rock Island, IA-IL (MA)",21554709.0,21409425.0,21587953.0,21147871.0,21649139.0
19430,"Dayton-Kettering, OH (MA)",42546733.0,43183270.0,44585566.0,43928550.0,45492566.0
19460,"Decatur, AL (MA)",6090215.0,6217087.0,6171068.0,6296611.0,6432853.0
19500,"Decatur, IL (MA)",6950487.0,6752927.0,6477282.0,6303815.0,6870929.0
19660,"Deltona-Daytona Beach-Ormond Beach, FL (MA)",20582041.0,21185572.0,21617720.0,21845414.0,23013290.0
19740,"Denver-Aurora-Lakewood, CO (MA)",202210170.0,211192596.0,222301876.0,223271130.0,239402096.0
19780,"Des Moines-West Des Moines, IA (MA)",51811153.0,51930218.0,53815922.0,55169453.0,58996258.0
19820,"Detroit-Warren-Dearborn, MI (MA)",256207316.0,261548084.0,261186301.0,250060724.0,264723150.0
20020,"Dothan, AL (MA)",6355776.0,6409091.0,6541798.0,6593419.0,6848500.0
20100,"Dover, DE (MA)",7633026.0,7813320.0,8384005.0,8000617.0,8254518.0
20220,"Dubuque, IA (MA)",6389591.0,6378942.0,6624026.0,6772031.0,7048913.0
20260,"Duluth, MN-WI (MA)",13554938.0,13868115.0,14152130.0,13420343.0,13889180.0
20500,"Durham-Chapel Hill, NC (MA)",46431099.0,48726823.0,50043513.0,51328512.0,54380184.0
20700,"East Stroudsburg, PA (MA)",7597383.0,7669423.0,8263470.0,7897182.0,8360429.0
20740,"Eau Claire, WI (MA)",8949759.0,9144818.0,9337250.0,8846127.0,9138281.0
20940,"El Centro, CA (MA)",8039122.0,8000968.0,8285950.0,8639503.0,8201308.0
21060,"Elizabethtown-Fort Knox, KY (MA)",5939236.0,5878170.0,6049395.0,5967831.0,6322973.0
21140,"Elkhart-Goshen, IN (MA)",16441996.0,16607681.0,16064684.0,15661587.0,18720820.0
21300,"Elmira, NY (MA)",3691136.0,3741851.0,3743192.0,3525046.0,3632541.0
21340,"El Paso, TX (MA)",30409532.0,31352307.0,32635022.0,32605878.0,34497923.0
21420,"Enid, OK (MA)",2849100.0,2805923.0,2795832.0,2632022.0,2774090.0
21500,"Erie, PA (MA)",11500326.0,11600425.0,11677494.0,10980387.0,11164431.0
21660,"Eugene-Springfield, OR (MA)",15867405.0,16302256.0,16363906.0,16258193.0,17375993.0
21780,"Evansville, IN-KY (MA)",17861300.0,18372489.0,19411702.0,18468389.0,20100003.0
21820,"Fairbanks, AK (MA)",5765988.0,5667136.0,5668703.0,5462327.0,5646088.0
22020,"Fargo, ND-MN (MA)",14963357.0,15069720.0,15405125.0,14904121.0,15636755.0
22140,"Farmington, NM (MA)",5756828.0,5571010.0,5623271.0,5198248.0,5137504.0
22180,"Fayetteville, NC (MA)",20429752.0,20637146.0,21116877.0,21156903.0,21991344.0
22220,"Fayetteville-Springdale-Rogers, AR (MA)",26264981.0,27042602.0,27665953.0,28797244.0,31427375.0
22380,"Flagstaff, AZ (MA)",7898455.0,7901190.0,7675239.0,6954326.0,7483588.0
22420,"Flint, MI (MA)",15931552.0,16335674.0,16614426.0,15314342.0,15693584.0
22500,"Florence, SC (MA)",9628359.0,9651397.0,9847112.0,9613005.0,9919433.0
22520,"Florence-Muscle Shoals, AL (MA)",5105162.0,5215298.0,5216676.0,5157194.0,5305740.0
22540,"Fond du Lac, WI (MA)",5100413.0,5214222.0,5278635.0,5020548.0,5150611.0
22660,"Fort Collins, CO (MA)",18593761.0,19479555.0,20425737.0,20431541.0,21886159.0
22900,"Fort Smith, AR-OK (MA)",9252836.0,9477180.0,9627289.0,9527869.0,9841496.0
23060,"Fort Wayne, IN (MA)",22444587.0,23295008.0,23463172.0,21765351.0,23326616.0
23420,"Fresno, CA (MA)",42568888.0,43779278.0,44985158.0,44298577.0,45813064.0
23460,"Gadsden, AL (MA)",3095515.0,3131025.0,3067345.0,2835555.0,2900784.0
23540,"Gainesville, FL (MA)",14483506.0,14965419.0,15335342.0,15386140.0,16325859.0
23580,"Gainesville, GA (MA)",10517593.0,11029043.0,11294935.0,11587468.0,12133816.0
23900,"Gettysburg, PA (MA)",4038383.0,3939119.0,3856485.0,3657037.0,3773754.0
24020,"Glens Falls, NY (MA)",6115481.0,6111027.0,6491649.0,6375126.0,6675211.0
24140,"Goldsboro, NC (MA)",4893997.0,4869720.0,4868486.0,4745323.0,4947218.0
24220,"Grand Forks, ND-MN (MA)",5409304.0,5431145.0,5474118.0,5323252.0,5441765.0
24260,"Grand Island, NE (MA)",4050138.0,4106450.0,4122827.0,4078165.0,4450402.0
24300,"Grand Junction, CO (MA)",6404009.0,6686313.0,6825311.0,6634541.0,6885621.0
24340,"Grand Rapids-Kentwood, MI (MA)",58890732.0,60849854.0,61033814.0,60201782.0,64352072.0
24420,"Grants Pass, OR (MA)",2650085.0,2764830.0,2946930.0,2897886.0,3049886.0
24500,"Great Falls, MT (MA)",3715757.0,3765477.0,3719741.0,3680001.0,3780633.0
24540,"Greeley, CO (MA)",18534036.0,20592662.0,21722559.0,19737477.0,20178684.0
24580,"Green Bay, WI (MA)",20005038.0,20648388.0,20744835.0,20180973.0,20603639.0
24660,"Greensboro-High Point, NC (MA)",41215571.0,41409745.0,41097715.0,39588474.0,41004184.0
24780,"Greenville, NC (MA)",9658131.0,9399113.0,9293680.0,8989861.0,9243013.0
24860,"Greenville-Anderson, SC (MA)",43798842.0,45521410.0,46232392.0,45145826.0,47174321.0
25060,"Gulfport-Biloxi, MS (MA)",17329568.0,16998219.0,17452637.0,17818342.0,18617250.0
25180,"Hagerstown-Martinsburg, MD-WV (MA)",11326919.0,11663887.0,11464680.0,10918927.0,11597559.0
25220,"Hammond, LA (MA)",4086210.0,4096259.0,4338972.0,4222957.0,4382166.0
25260,"Hanford-Corcoran, CA (MA)",6443298.0,6336899.0,6453745.0,6550767.0,6591539.0
25420,"Harrisburg-Carlisle, PA (MA)",38684588.0,39391581.0,40622816.0,38618383.0,40605053.0
25500,"Harrisonburg, VA (MA)",7664982.0,7859692.0,7984577.0,7590097.0,8204969.0
25540,"Hartford-East Hartford-Middletown, CT (MA)",100616750.0,100887989.0,101367875.0,93964687.0,97900840.0
25620,"Hattiesburg, MS (MA)",6262313.0,6249222.0,6147668.0,6054546.0,6488415.0
25860,"Hickory-Lenoir-Morganton, NC (MA)",15103484.0,14923589.0,14772281.0,14427958.0,14896449.0
25940,"Hilton Head Island-Bluffton, SC (MA)",8876622.0,9319395.0,9661382.0,9965023.0,10392469.0
25980,"Hinesville, GA (MA)",3790848.0,3833459.0,3849010.0,3756922.0,4070118.0
26140,"Homosassa Springs, FL (MA)",3704389.0,3890477.0,4147491.0,4208962.0,4459685.0
26300,"Hot Springs, AR (MA)",3297461.0,3379134.0,3432909.0,3396356.0,3488827.0
26380,"Houma-Thibodaux, LA (MA)",9241061.0,9579891.0,9539175.0,8952035.0,8820956.0
26420,"Houston-The Woodlands-Sugar Land, TX (MA)",470676136.0,491166782.0,484359415.0,476638820.0,500984295.0
26580,"Huntington-Ashland, WV-KY-OH (MA)",14669576.0,15381602.0,15630673.0,14396110.0,14700886.0
26620,"Huntsville, AL (MA)",27520607.0,28602244.0,30151314.0,30667180.0,32306829.0
26820,"Idaho Falls, ID (MA)",7361547.0,8111156.0,8949739.0,9008901.0,9137295.0
26900,"Indianapolis-Carmel-Anderson, IN (MA)",135881902.0,140736192.0,144383679.0,142339466.0,151510429.0
26980,"Iowa City, IA (MA)",10820185.0,10918793.0,10828353.0,10362584.0,10662671.0
27060,"Ithaca, NY (MA)",6140234.0,6184849.0,6298392.0,5770441.0,6003916.0
27100,"Jackson, MI (MA)",5986766.0,6319957.0,6546808.0,6366847.0,6877822.0
27140,"Jackson, MS (MA)",27649880.0,27640828.0,27543835.0,27363955.0,28383035.0
27180,"Jackson, TN (MA)",8258298.0,8289197.0,8394582.0,8283691.0,8839508.0
27260,"Jacksonville, FL (MA)",80341696.0,82993748.0,86377683.0,87856849.0,94322715.0
27340,"Jacksonville, NC (MA)",8335011.0,8412503.0,8565803.0,8669727.0,9098987.0
27500,"Janesville-Beloit, WI (MA)",6935931.0,7300585.0,7509709.0,7466909.0,7687625.0
27620,"Jefferson City, MO (MA)",7593521.0,7670253.0,8094729.0,7874225.0,7720115.0
27740,"Johnson City, TN (MA)",7311684.0,7446435.0,7651759.0,7689661.0,8241669.0
27780,"Johnstown, PA (MA)",4692840.0,4697005.0,4682004.0,4615588.0,4626528.0
27860,"Jonesboro, AR (MA)",5105989.0,5234530.0,5408759.0,5458361.0,5936950.0
27900,"Joplin, MO (MA)",7558956.0,7656330.0,7580755.0,7268671.0,7600313.0
27980,"Kahului-Wailuku-Lahaina, HI (MA)",9606468.0,10183573.0,10407877.0,8558733.0,9459908.0
28020,"Kalamazoo-Portage, MI (MA)",13678676.0,14546835.0,14955523.0,15060387.0,16058496.0
28100,"Kankakee, IL (MA)",5940652.0,6332562.0,6262410.0,6140372.0,6679390.0
28140,"Kansas City, MO-KS (MA)",133753933.0,136390868.0,139724576.0,137218306.0,141666330.0
28420,"Kennewick-Richland, WA (MA)",14688220.0,15221366.0,15745176.0,15402986.0,16192367.0
28660,"Killeen-Temple, TX (MA)",18366880.0,18495677.0,18834637.0,19166630.0,19966937.0
28700,"Kingsport-Bristol, TN-VA (MA)",13292994.0,13679790.0,13316989.0,13289225.0,14303997.0
28740,"Kingston, NY (MA)",7233714.0,7326583.0,7630419.0,7196814.0,7429326.0
28940,"Knoxville, TN (MA)",43011276.0,44070389.0,44952370.0,45119424.0,48680233.0
29020,"Kokomo, IN (MA)",4279358.0,4391576.0,4386884.0,4135308.0,4497728.0
29100,"La Crosse-Onalaska, WI-MN (MA)",7962972.0,8098515.0,8213299.0,7905209.0,8136049.0
29180,"Lafayette, LA (MA)",21115560.0,22041983.0,21834533.0,20926340.0,21202980.0
29200,"Lafayette-West Lafayette, IN (MA)",11076645.0,11727598.0,11805244.0,11106663.0,11485626.0
29340,"Lake Charles, LA (MA)",16643123.0,16397626.0,16834958.0,13625578.0,14249067.0
29420,"Lake Havasu City-Kingman, AZ (MA)",5323399.0,5437354.0,5639351.0,5773611.0,6269010.0
29460,"Lakeland-Winter Haven, FL (MA)",25742485.0,26450032.0,27402843.0,28204116.0,29827560.0
29540,"Lancaster, PA (MA)",28779773.0,29307162.0,29549059.0,28301522.0,29558896.0
29620,"Lansing-East Lansing, MI (MA)",25569757.0,26063562.0,26363111.0,26157187.0,27549292.0
29700,"Laredo, TX (MA)",11313473.0,10859468.0,11389246.0,11017375.0,11380569.0
29740,"Las Cruces, NM (MA)",7305489.0,7447694.0,7720349.0,7420783.0,7869402.0
29820,"Las Vegas-Henderson-Paradise, NV (MA)",116332382.0,122721414.0,128047468.0,117201658.0,129198324.0
29940,"Lawrence, KS (MA)",4987674.0,5123305.0,5148011.0,5029137.0,5178674.0
30020,"Lawton, OK (MA)",5191990.0,5143664.0,5233018.0,5097650.0,5281857.0
30140,"Lebanon, PA (MA)",5749659.0,5825113.0,5826855.0,5657333.0,6021295.0
30300,"Lewiston, ID-WA (MA)",2618835.0,2610148.0,2756455.0,2795349.0,2927355.0
30340,"Lewiston-Auburn, ME (MA)",4503370.0,4703346.0,4811181.0,5018298.0,5044783.0
30460,"Lexington-Fayette, KY (MA)",28671245.0,29465225.0,30025380.0,28847390.0,29679198.0
30620,"Lima, OH (MA)",7711921.0,8163264.0,7724166.0,7584144.0,8363968.0
30700,"Lincoln, NE (MA)",19552170.0,19940034.0,20346438.0,20246348.0,20905354.0
30780,"Little Rock-North Little Rock-Conway, AR (MA)",36515427.0,37072057.0,37428270.0,37665927.0,39147275.0
30860,"Logan, UT-ID (MA)",5665636.0,6169276.0,6314872.0,6364778.0,6790728.0
30980,"Longview, TX (MA)",14585371.0,15385350.0,15222587.0,14448248.0,14959167.0
31020,"Longview, WA (MA)",4700051.0,4907501.0,5231999.0,5302398.0,5473446.0
31080,"Los Angeles-Long Beach-Anaheim, CA (MA)",965279922.0,991254189.0,1024821682.0,981305230.0,1042007410.0
31140,"Louisville/Jefferson County, KY-IN (MA)",70802465.0,71637665.0,74328652.0,72916159.0,76188675.0
31180,"Lubbock, TX (MA)",13659578.0,14001212.0,14377087.0,14473223.0,14955602.0
31340,"Lynchburg, VA (MA)",10060609.0,10501057.0,10494654.0,10064066.0,10465215.0
31420,"Macon-Bibb County, GA (MA)",10845986.0,11030811.0,10872787.0,10132044.0,10714556.0
31460,"Madera, CA (MA)",6023623.0,6027876.0,6244195.0,6240107.0,6410911.0
31540,"Madison, WI (MA)",47412823.0,49252686.0,50639094.0,49423935.0,52099292.0
31700,"Manchester-Nashua, NH (MA)",25959140.0,26455143.0,27030133.0,26988108.0,29685180.0
31740,"Manhattan, KS (MA)",7189918.0,7104990.0,6861437.0,6859746.0,7097690.0
31860,"Mankato, MN (MA)",5561722.0,5646562.0,5622012.0,5400801.0,5560800.0
31900,"Mansfield, OH (MA)",4544336.0,4591106.0,4596440.0,4413506.0,4599067.0
32580,"McAllen-Edinburg-Mission, TX (MA)",20721197.0,21184628.0,21796318.0,21420961.0,22496207.0
32780,"Medford, OR (MA)",9087979.0,9236535.0,9383009.0,9381689.0,10014915.0
32820,"Memphis, TN-MS-AR (MA)",75341736.0,75977096.0,76608304.0,75770941.0,79423586.0
32900,"Merced, CA (MA)",9136656.0,9152693.0,9229029.0,9094702.0,9236208.0
33100,"Miami-Fort Lauderdale-Pompano Beach, FL (MA)",346955899.0,359852689.0,365639679.0,353476756.0,390532653.0
33140,"Michigan City-La Porte, IN (MA)",4105788.0,4231110.0,4120823.0,3990212.0,4197586.0
33220,"Midland, MI (MA)",5482023.0,5520755.0,5351030.0,5689344.0,5840210.0
33260,"Midland, TX (MA)",21889250.0,27561089.0,33733578.0,31463771.0,31008685.0
33340,"Milwaukee-Waukesha, WI (MA)",99281237.0,100842067.0,102444804.0,98378280.0,102631128.0
33460,"Minneapolis-St. Paul-Bloomington, MN-WI (MA)",257849094.0,265734698.0,269646870.0,261228949.0,273794178.0
33540,"Missoula, MT (MA)",5530699.0,5598430.0,5759384.0,5743155.0,6373555.0
33660,"Mobile, AL (MA)",20576160.0,20912705.0,21226460.0,21415829.0,22277342.0
33700,"Modesto, CA (MA)",22191928.0,22810079.0,23293606.0,22610630.0,23527205.0
33740,"Monroe, LA (MA)",8330804.0,8467890.0,8203928.0,7969520.0,7971955.0
33780,"Monroe, MI (MA)",5999722.0,5880549.0,5928026.0,5597580.0,5738150.0
33860,"Montgomery, AL (MA)",18161538.0,18181259.0,18293634.0,17873910.0,18385455.0
34060,"Morgantown, WV (MA)",7846985.0,7912910.0,7661637.0,7593789.0,7919011.0
34100,"Morristown, TN (MA)",5112106.0,5072997.0,5197979.0,5204264.0,5553067.0
34580,"Mount Vernon-Anacortes, WA (MA)",6537005.0,6635744.0,6669840.0,6679499.0,6730598.0
34620,"Muncie, IN (MA)",4030138.0,4096420.0,4128420.0,4029329.0,4164411.0
34740,"Muskegon, MI (MA)",5986522.0,6085095.0,6118683.0,5901734.0,6155453.0
34820,"Myrtle Beach-Conway-North Myrtle Beach, SC-NC (MA)",17915888.0,18299683.0,18661012.0,18942813.0,20126573.0
34900,"Napa, CA (MA)",10996519.0,11046992.0,10987735.0,10386964.0,11381396.0
34940,"Naples-Marco Island, FL (MA)",18972217.0,19603770.0,20295361.0,20239264.0,22806993.0
34980,"Nashville-Davidson--Murfreesboro--Franklin, TN (MA)",130549166.0,134555744.0,139494691.0,138392978.0,153009022.0
35100,"New Bern, NC (MA)",5397061.0,5282920.0,5485766.0,5334062.0,5605089.0
35300,"New Haven-Milford, CT (MA)",49698505.0,50711147.0,51494190.0,49996059.0,52016888.0
35380,"New Orleans-Metairie, LA (MA)",78225064.0,78131482.0,79367490.0,72861022.0,75211932.0
35620,"New York-Newark-Jersey City, NY-NJ-PA (MA)",1714074302.0,1766287427.0,1803714884.0,1740098412.0,1823942483.0
35660,"Niles, MI (MA)",7684118.0,7498236.0,7329099.0,7508467.0,7479801.0
35840,"North Port-Sarasota-Bradenton, FL (MA)",34411905.0,36196323.0,37667744.0,37803250.0,40234292.0
35980,"Norwich-New London, CT (MA)",18942592.0,19248308.0,19209683.0,17957743.0,18262159.0
36100,"Ocala, FL (MA)",9763722.0,10173070.0,10291593.0,10698622.0,11457254.0
36140,"Ocean City, NJ (MA)",5398534.0,5417247.0,5335222.0,5221427.0,5557387.0
36220,"Odessa, TX (MA)",10478298.0,12490648.0,13040470.0,10954580.0,10605581.0
36260,"Ogden-Clearfield, UT (MA)",27303694.0,28783152.0,30087730.0,30861702.0,32136336.0
36420,"Oklahoma City, OK (MA)",74418907.0,77046911.0,78352643.0,75889236.0,76593029.0
36500,"Olympia-Lacey-Tumwater, WA (MA)",12907242.0,13734622.0,14060838.0,13747480.0,14725118.0
36540,"Omaha-Council Bluffs, NE-IA (MA)",64329518.0,65706869.0,66511603.0,65479048.0,68300165.0
36740,"Orlando-Kissimmee-Sanford, FL (MA)",136223280.0,141200311.0,146135192.0,140067077.0,156475297.0
36780,"Oshkosh-Neenah, WI (MA)",10256853.0,10515988.0,10856396.0,10683815.0,10899145.0
36980,"Owensboro, KY (MA)",5844583.0,5743200.0,5739439.0,5602414.0,5613842.0
37100,"Oxnard-Thousand Oaks-Ventura, CA (MA)",50165884.0,50754467.0,51639533.0,51144528.0,52906964.0
37340,"Palm Bay-Melbourne-Titusville, FL (MA)",24133063.0,25244764.0,26348425.0,26587950.0,29191295.0
37460,"Panama City, FL (MA)",8391383.0,8572539.0,8658254.0,8771093.0,9501883.0
37620,"Parkersburg-Vienna, WV (MA)",3610428.0,3680020.0,3537875.0,3514673.0,3672676.0
37860,"Pensacola-Ferry Pass-Brent, FL (MA)",20210863.0,20439612.0,20848405.0,20884004.0,22330360.0
37900,"Peoria, IL (MA)",21777992.0,22340533.0,21513254.0,20060453.0,20928148.0
37980,"Philadelphia-Camden-Wilmington, PA-NJ-DE-MD (MA)",425373943.0,432303107.0,436749140.0,419662826.0,437550234.0
38060,"Phoenix-Mesa-Chandler, AZ (MA)",246068032.0,257410455.0,269599619.0,272794254.0,296340472.0
38220,"Pine Bluff, AR (MA)",3510237.0,3436911.0,3395529.0,3208750.0,3390739.0
38300,"Pittsburgh, PA (MA)",150697726.0,154324237.0,155924635.0,147494188.0,152964506.0
38340,"Pittsfield, MA (MA)",7025430.0,7117760.0,6998340.0,6766260.0,6896795.0
38540,"Pocatello, ID (MA)",3168627.0,3222781.0,3293509.0,3351225.0,3373520.0
38860,"Portland-South Portland, ME (MA)",31325495.0,32448041.0,33034941.0,33896554.0,36340168.0
38900,"Portland-Vancouver-Hillsboro, OR-WA (MA)",155831974.0,162729750.0,166879269.0,165137716.0,174790074.0
38940,"Port St. Lucie, FL (MA)",16744001.0,17315295.0,17465492.0,18443057.0,19125641.0
39100,"Poughkeepsie-Newburgh-Middletown, NY (MA)",32061816.0,32619657.0,34272601.0,33252799.0,34787649.0
39150,"Prescott Valley-Prescott, AZ (MA)",7229041.0,7345912.0,7388378.0,7450732.0,8087008.0
39300,"Providence-Warwick, RI-MA (MA)",84627951.0,84716700.0,86512507.0,83975024.0,88228619.0
39340,"Provo-Orem, UT (MA)",25475443.0,27586380.0,30110498.0,31474478.0,34029795.0
39380,"Pueblo, CO (MA)",5971695.0,6176243.0,6417332.0,6179360.0,6616075.0
39460,"Punta Gorda, FL (MA)",5181236.0,5363641.0,5658676.0,5983852.0,6234758.0
39540,"Racine, WI (MA)",8168961.0,8307502.0,8287192.0,8326223.0,8430514.0
39580,"Raleigh-Cary, NC (MA)",84942031.0,89495451.0,92341921.0,92736334.0,100642564.0
39660,"Rapid City, SD (MA)",6285618.0,6389384.0,6514959.0,6676205.0,6908225.0
39740,"Reading, PA (MA)",20118171.0,20374240.0,20313332.0,19600626.0,20082366.0
39820,"Redding, CA (MA)",8147396.0,7889537.0,8349619.0,8133732.0,8172559.0
39900,"Reno, NV (MA)",29361104.0,28776037.0,29840002.0,30088205.0,32927151.0
40060,"Richmond, VA (MA)",84500969.0,86528275.0,88497657.0,86961163.0,91241142.0
40140,"Riverside-San Bernardino-Ontario, CA (MA)",171203284.0,177211054.0,184662178.0,182563278.0,193689715.0
40220,"Roanoke, VA (MA)",15918924.0,16183704.0,16072741.0,15737137.0,16634246.0
40340,"Rochester, MN (MA)",13102093.0,13555688.0,13848335.0,13672605.0,14128823.0
40380,"Rochester, NY (MA)",61031225.0,61352704.0,63572840.0,60832206.0,63207319.0
40420,"Rockford, IL (MA)",15826773.0,16253918.0,16161341.0,14490425.0,14904989.0
40580,"Rocky Mount, NC (MA)",7016832.0,6669395.0,6360941.0,6457270.0,6724348.0
40660,"Rome, GA (MA)",4173443.0,4148705.0,4087017.0,3919567.0,4138165.0
40900,"Sacramento-Roseville-Folsom, CA (MA)",131157393.0,136933816.0,141690024.0,138496151.0,146940779.0
40980,"Saginaw, MI (MA)",8198898.0,8459769.0,8429628.0,8247600.0,8783209.0
41060,"St. Cloud, MN (MA)",10581206.0,10676022.0,10581367.0,10400127.0,10531622.0
41100,"St. George, UT (MA)",6234717.0,6619509.0,6886456.0,7219195.0,7853248.0
41140,"St. Joseph, MO-KS (MA)",6080876.0,5960083.0,5978068.0,5852448.0,5853623.0
41180,"St. Louis, MO-IL (MA)",164415211.0,166573763.0,169262441.0,165804478.0,175042138.0
41420,"Salem, OR (MA)",17085587.0,18039924.0,18591630.0,18550497.0,19730167.0
41500,"Salinas, CA (MA)",25923476.0,26770519.0,27426311.0,26964076.0,27192351.0
41540,"Salisbury, MD-DE (MA)",21115455.0,21627958.0,22495198.0,21578029.0,23200229.0
41620,"Salt Lake City, UT (MA)",91954184.0,97160079.0,102823183.0,102522704.0,111487331.0
41660,"San Angelo, TX (MA)",6333829.0,6668905.0,7301861.0,7316870.0,7351026.0
41700,"San Antonio-New Braunfels, TX (MA)",118925670.0,124531674.0,128536316.0,127093787.0,134072963.0
41740,"San Diego-Chula Vista-Carlsbad, CA (MA)",224767520.0,230518588.0,236250458.0,232701672.0,250063598.0
41860,"San Francisco-Oakland-Berkeley, CA (MA)",526582864.0,560553451.0,590717591.0,591150074.0,655887146.0
41940,"San Jose-Sunnyvale-Santa Clara, CA (MA)",282663484.0,304610321.0,320852934.0,341921437.0,388071094.0
42020,"San Luis Obispo-Paso Robles, CA (MA)",16779957.0,17200943.0,17239485.0,16943323.0,17484003.0
42100,"Santa Cruz-Watsonville, CA (MA)",13941610.0,14363961.0,15339913.0,15222100.0,16385408.0
42140,"Santa Fe, NM (MA)",6940839.0,7088694.0,7137712.0,6698952.0,7327711.0
42200,"Santa Maria-Santa Barbara, CA (MA)",27474155.0,28505410.0,28901426.0,29367094.0,31365482.0
42220,"Santa Rosa-Petaluma, CA (MA)",28853518.0,30213474.0,30422053.0,29521868.0,31391109.0
42340,"Savannah, GA (MA)",21178366.0,21468332.0,22165027.0,21701199.0,23648248.0
42540,"Scranton--Wilkes-Barre, PA (MA)",26658860.0,26778970.0,27148409.0,25901903.0,26796780.0
42660,"Seattle-Tacoma-Bellevue, WA (MA)",368193333.0,395709089.0,417984875.0,419746126.0,451641468.0
42680,"Sebastian-Vero Beach, FL (MA)",6355422.0,6668941.0,6828186.0,6937570.0,7895295.0
42700,"Sebring-Avon Park, FL (MA)",2482118.0,2420183.0,2564490.0,2453455.0,2513431.0
43100,"Sheboygan, WI (MA)",7028622.0,7126252.0,6985730.0,6835019.0,6975399.0
43300,"Sherman-Denison, TX (MA)",4703414.0,4970642.0,4989540.0,4874197.0,5225085.0
43340,"Shreveport-Bossier City, LA (MA)",20077806.0,20687072.0,21298035.0,20070559.0,20807215.0
43420,"Sierra Vista-Douglas, AZ (MA)",4585054.0,4589727.0,4693345.0,4987234.0,4878561.0
43580,"Sioux City, IA-NE-SD (MA)",8106261.0,8464099.0,8536663.0,8465810.0,9092353.0
43620,"Sioux Falls, SD (MA)",22154738.0,21889463.0,22770866.0,21966538.0,23095755.0
43780,"South Bend-Mishawaka, IN-MI (MA)",14674694.0,15340527.0,15712138.0,14793552.0,15520962.0
43900,"Spartanburg, SC (MA)",14976954.0,15365922.0,16118773.0,15726873.0,16500704.0
44060,"Spokane-Spokane Valley, WA (MA)",25479986.0,26764528.0,27522137.0,27715833.0,29994778.0
44100,"Springfield, IL (MA)",11297434.0,11623760.0,11676554.0,10904258.0,11545110.0
44140,"Springfield, MA (MA)",32559931.0,32901263.0,33540389.0,32648107.0,33684892.0
44180,"Springfield, MO (MA)",19677536.0,20071555.0,20718234.0,20331696.0,21815653.0
44220,"Springfield, OH (MA)",4661428.0,4620583.0,4702941.0,4466629.0,4650364.0
44300,"State College, PA (MA)",8878239.0,8807131.0,8867458.0,8528261.0,8799416.0
44420,"Staunton, VA (MA)",5064115.0,5135189.0,5150015.0,4919741.0,5140168.0
44700,"Stockton, CA (MA)",29141656.0,30299585.0,31216949.0,30957345.0,33356039.0
44940,"Sumter, SC (MA)",4688263.0,4838506.0,4931943.0,4774230.0,4934570.0
45060,"Syracuse, NY (MA)",39834482.0,39856281.0,41019276.0,39843117.0,40906463.0
45220,"Tallahassee, FL (MA)",17109018.0,17171301.0,17533225.0,17233905.0,18305647.0
45300,"Tampa-St. Petersburg-Clearwater, FL (MA)",152661007.0,158044077.0,163322298.0,165493071.0,179026658.0
45460,"Terre Haute, IN (MA)",7517874.0,7493200.0,7463320.0,7346568.0,7868630.0
45500,"Texarkana, TX-AR (MA)",5453731.0,5422156.0,5426987.0,5402870.0,5497979.0
45540,"The Villages, FL (MA)",3208200.0,3392818.0,3769715.0,3829805.0,4464154.0
45780,"Toledo, OH (MA)",35347722.0,35981768.0,37279062.0,34834732.0,37442281.0
45820,"Topeka, KS (MA)",11518399.0,11852731.0,11634466.0,11812597.0,12179736.0
45940,"Trenton-Princeton, NJ (MA)",32454071.0,33563841.0,37149619.0,37990291.0,40960366.0
46060,"Tucson, AZ (MA)",42330595.0,43891349.0,45085532.0,44978084.0,47065575.0
46140,"Tulsa, OK (MA)",51636504.0,53149908.0,53148398.0,50271270.0,52192047.0
46220,"Tuscaloosa, AL (MA)",11192692.0,11222678.0,11853491.0,11246406.0,11281341.0
46300,"Twin Falls, ID (MA)",4697778.0,4880650.0,4987157.0,5130187.0,5329506.0
46340,"Tyler, TX (MA)",10500988.0,11028005.0,11421754.0,11144056.0,11615626.0
46520,"Urban Honolulu, HI (MA)",65758319.0,66029819.0,65648269.0,59885935.0,62531675.0
46540,"Utica-Rome, NY (MA)",12412079.0,12588500.0,12948051.0,12608471.0,12744604.0
46660,"Valdosta, GA (MA)",5414001.0,5518372.0,5707862.0,5726436.0,5926316.0
46700,"Vallejo, CA (MA)",22725056.0,25846912.0,29784508.0,30144992.0,30523673.0
47020,"Victoria, TX (MA)",4562994.0,4866382.0,4746446.0,4567831.0,4773799.0
47220,"Vineland-Bridgeton, NJ (MA)",6267992.0,6439811.0,6441352.0,6183632.0,6426886.0
47260,"Virginia Beach-Norfolk-Newport News, VA-NC (MA)",94944863.0,93851780.0,94854065.0,94096148.0,98382273.0
47300,"Visalia, CA (MA)",17426838.0,17686115.0,18501702.0,18133092.0,18291332.0
47380,"Waco, TX (MA)",12732714.0,13262378.0,13079824.0,12626527.0,13317838.0
47460,"Walla Walla, WA (MA)",3407116.0,3451733.0,3469095.0,3238194.0,3305840.0
47580,"Warner Robins, GA (MA)",7641333.0,7759664.0,8023683.0,7989580.0,8285062.0
47900,"Washington-Arlington-Alexandria, DC-VA-MD-WV (MA)",528925008.0,542396309.0,551770316.0,543129300.0,569554283.0
47940,"Waterloo-Cedar Falls, IA (MA)",9420056.0,9586012.0,9506375.0,9493121.0,10151405.0
48060,"Watertown-Fort Drum, NY (MA)",6422238.0,6376427.0,6361905.0,6162157.0,6333785.0
48140,"Wausau-Weston, WI (MA)",9711554.0,9907300.0,10361766.0,9820191.0,10111880.0
48260,"Weirton-Steubenville, WV-OH (MA)",5267564.0,5307538.0,5437583.0,5502833.0,5378564.0
48300,"Wenatchee, WA (MA)",6353998.0,6436263.0,6483516.0,6407321.0,6669335.0
48540,"Wheeling, WV-OH (MA)",9583402.0,9651377.0,9628498.0,9262538.0,8864464.0
48620,"Wichita, KS (MA)",35871059.0,35828911.0,36501383.0,35122043.0,36019714.0
48660,"Wichita Falls, TX (MA)",5924040.0,6051825.0,6267961.0,6150157.0,6170319.0
48700,"Williamsport, PA (MA)",5836494.0,5801131.0,5766772.0,5610828.0,5663667.0
48900,"Wilmington, NC (MA)",14061718.0,14486767.0,15181317.0,15191491.0,16553478.0
49020,"Winchester, VA-WV (MA)",6864875.0,7003310.0,7192529.0,7275035.0,7665904.0
49180,"Winston-Salem, NC (MA)",34907504.0,34182092.0,34801535.0,32387591.0,34268692.0
49340,"Worcester, MA-CT (MA)",47239000.0,48099536.0,48942928.0,47842426.0,50143755.0
49420,"Yakima, WA (MA)",9986455.0,10545549.0,10696037.0,10523373.0,10676322.0
49620,"York-Hanover, PA (MA)",21304241.0,21335230.0,21554288.0,20545120.0,21095422.0
49660,"Youngstown-Warren-Boardman, OH-PA (MA)",20570339.0,20514155.0,20930410.0,19772228.0,20398971.0
49700,"Yuba City, CA (MA)",6342091.0,6679728.0,6781174.0,6740300.0,7014656.0
49740,"Yuma, AZ (MA)",7543432.0,7522243.0,7747758.0,7516153.0,7658882.0
