GeoFIPS,GeoName,urban_housing,rural_housing,urban_pop,rural_pop,rural_pop_prct,rural_housing_prct
10180,"Abilene, TX (MA)",-0.05724277744516992,-0.07006605337703764,-0.05488307050989494,-0.06459376775549275,0.09580834798801319,0.08769777357313568
10420,"Akron, OH (MA)",0.003802672362945403,-0.026087733430932736,-0.0028974696204953077,-0.025096985239099312,-0.16750356839268665,-0.17054382714910032
10500,"Albany, GA (MA)",-0.05931964954489832,-0.06864232062979958,-0.05757229441199596,-0.06732213321974823,0.15734117007352189,0.13785501185180427
10540,"Albany-Lebanon, OR (MA)",-0.06140937026666504,-0.09739064941294717,-0.058350953117479065,-0.0887296692379893,0.10987784900719677,0.10323481219050334
10580,"Albany-Schenectady-Troy, NY (MA)",0.01587349533250415,0.2008873871295629,0.006398454726373792,0.1546591274037179,-0.05296813069432593,-0.04431633403333879
10740,"Albuquerque, NM (MA)",0.023218135627286474,-0.008512507465966213,0.01812710469191381,-0.0058560880720543995,-0.18527515279867401,-0.1833449116780247
10780,"Alexandria, LA (MA)",-0.061167540130160125,-0.038338467285164435,-0.058997664115292836,-0.03861753886988151,0.2796627704697916,0.26321863208762486
10900,"Allentown-Bethlehem-Easton, PA-NJ (MA)",0.003339548741291498,0.15264481504359928,0.003976635483996294,0.13153008386222576,-0.061751123068697567,-0.0414701566578739
11020,"Altoona, PA (MA)",-0.05943050312491638,-0.11313631988642736,-0.05766494392486876,-0.10948410388559904,0.005060152671333418,-0.007039666477716255
11100,"Amarillo, TX (MA)",-0.04567565730285117,-0.09019177728604844,-0.044142904904419744,-0.08434959737741388,-0.09823531480590775,-0.09920737949925573
11180,"Ames, IA (MA)",-0.06082063366444912,-0.10109282927818608,-0.05824633044890304,-0.09603768107641508,0.07833982242852655,0.07268634726873913
11260,"Anchorage, AK (MA)",-0.03541516530318134,-0.018706294807904977,-0.032736940369513245,-0.0517707932172955,-0.10776759287273918,-0.044608763671927676
11460,"Ann Arbor, MI (MA)",-0.03590791150441153,-0.06486536015888322,-0.035222069392059296,-0.05523805093944878,-0.1003289821248805,-0.10848771065123675
11500,"Anniston-Oxford, AL (MA)",-0.061517313787424865,-0.09093679415629752,-0.05944770942623201,-0.0913206251630363,0.13727646171946106,0.1297828229228848
11540,"Appleton, WI (MA)",-0.05213056146208772,-0.0414437299534568,-0.049820775652053784,-0.03501536891292223,0.07334175994170966,0.06803697386861796
11700,"Asheville, NC (MA)",-0.029371656008171154,0.14397346582094928,-0.03413461844780907,0.0899099890035926,0.08281004830454552,0.09090475578986745
12020,"Athens-Clarke County, GA (MA)",-0.054527736400768245,-0.0508933801753082,-0.052308387989881244,-0.04118678208336679,0.10187632838292493,0.08469203580076856
12060,"Atlanta-Sandy Springs-Alpharetta, GA (MA)",0.4558722651910878,0.7568567229323628,0.45351444247821404,0.7833558953706603,-0.1652406733304067,-0.1637128529446764
12100,"Atlantic City-Hammonton, NJ (MA)",-0.03983951726622248,-0.10621941998398965,-0.04295329089369171,-0.09381507123635524,-0.12792495384284153,-0.16222414124198337
12220,"Auburn-Opelika, AL (MA)",-0.05586071612812582,-0.09001178612943417,-0.053837308058558464,-0.08548468552544097,0.013115316455706738,0.00740225999055899
12260,"Augusta-Richmond County, GA-SC (MA)",-0.020308022818472105,0.13389596870301768,-0.02091969999935206,0.11388807716416083,0.019972599204246322,0.03170991678664126
12420,"Austin-Round Rock-Georgetown, TX (MA)",0.1491353807536424,0.2737395265144078,0.13866008967260757,0.3123543516699414,-0.15585240069895911,-0.164631873583998
12540,"Bakersfield, CA (MA)",-0.0032639022807908757,0.019202549788324585,0.014461987840932888,0.041477282538730176,-0.14713340575581402,-0.12086965415881501
12580,"Baltimore-Columbia-Towson, MD (MA)",0.20919346389092497,0.3020289856631473,0.19387320222556048,0.3320796554896295,-0.18029732623023587,-0.18477771822989042
12620,"Bangor, ME (MA)",-0.06233470326978119,0.014084996446220854,-0.06033533678132563,-0.016778635679666087,0.3736569650278958,0.3898934133226801
12700,"Barnstable Town, MA (MA)",-0.02819652876351353,-0.15382080571431744,-0.04408415633625973,-0.1512771752114771,-0.27186362055307156,-0.27009848025406846
12940,"Baton Rouge, LA (MA)",0.006245545464424573,0.17870522137042322,0.002491290302689464,0.16945364223908221,-0.03161692824658224,-0.03296192176627377
12980,"Battle Creek, MI (MA)",-0.05972689166078837,-0.09247254610080413,-0.05769985507794673,-0.0897401028439958,0.08655701608458699,0.07555597979279849
13020,"Bay City, MI (MA)",-0.06119085884231934,-0.114885722731628,-0.059462786249694255,-0.11207916303468335,0.044631501902936854,0.0260961089644951
13140,"Beaumont-Port Arthur, TX (MA)",-0.0348698674626321,-0.02776189859197864,-0.034710130988636956,-0.02095587153367351,-0.05079353825581878,-0.059955705333438414
13220,"Beckley, WV (MA)",-0.06314729415664755,-0.06224265501067505,-0.06114925555703721,-0.06598745612983015,0.29683567002917566,0.2743642064278793
13380,"Bellingham, WA (MA)",-0.05122592332726417,-0.05839531660435193,-0.050350351821807915,-0.053825745058869834,0.04028358867672366,0.021009429648956246
13460,"Bend, OR (MA)",-0.05444985957863413,-0.03169998378055605,-0.05259496959513332,-0.06538131695972438,0.04836438670419141,0.12346273824090903
13740,"Billings, MT (MA)",-0.05447293426170163,-0.07881195380276462,-0.0528745152487724,-0.084465125254235,-0.00039245253081188203,0.016917136307720515
13780,"Binghamton, NY (MA)",-0.05028841026638664,-0.013230014073049023,-0.04999930271766084,-0.02538179371425009,0.09556340110183514,0.09481071911558137
13820,"Birmingham-Hoover, AL (MA)",0.02399063946472202,0.3541400628587268,0.016235235434577833,0.345315219203578,0.030885825446214765,0.017183389104627356
13900,"Bismarck, ND (MA)",-0.05863851007864773,-0.11318214657497372,-0.05694303655739463,-0.1031234719922377,0.014636073772145819,-0.02252420136046096
13980,"Blacksburg-Christiansburg, VA (MA)",-0.05866786389086365,-0.05344379993353421,-0.05587788484849476,-0.06555426465367264,0.11642861913628377,0.16095896824674472
14010,"Bloomington, IL (MA)",-0.05490898236331132,-0.1051887018303247,-0.05323372699211648,-0.10074375048931472,-0.04664365190062525,-0.051947860868091
14020,"Bloomington, IN (MA)",-0.057346318415311126,-0.07235434459536705,-0.05571320930743684,-0.07718591438248301,0.07779693946170463,0.0836615009890398
14100,"Bloomsburg-Berwick, PA (MA)",-0.06517761714497139,-0.09654620463471186,-0.06253261673462995,-0.09750274428680095,0.25981009527446397,0.25763766779816577
14260,"Boise City, ID (MA)",-0.002488870263450238,-0.015892331650234293,0.00177747467097511,0.0042196506471205986,-0.15158031830319785,-0.15141469546175723
14460,"Boston-Cambridge-Newton, MA-NH (MA)",0.4066299210044797,0.3348604741162273,0.3900096485258491,0.35896731229698764,-0.22926545165238854,-0.22646773867752712
14500,"Boulder, CO (MA)",-0.03755990086177785,-0.10568113802660084,-0.036111241397085214,-0.11033874117514708,-0.19457790696331345,-0.16970381879937357
14540,"Bowling Green, KY (MA)",-0.05893282986639614,-0.028099243298283283,-0.05650370674474592,-0.033058122440126625,0.2148639947744595,0.22315385239002494
14740,"Bremerton-Silverdale-Port Orchard, WA (MA)",-0.046085849054031014,-0.08529228154454871,-0.043610019443200865,-0.0813886399003616,-0.09571667028725483,-0.08595900953868396
14860,"Bridgeport-Stamford-Norwalk, CT (MA)",0.023646052091558678,-0.0855352617113011,0.026527233502266157,-0.07352556092110363,-0.24001306105149423,-0.2349362535389622
15180,"Brownsville-Harlingen, TX (MA)",-0.036081786872346644,-0.07038939853343984,-0.031211066539781895,-0.03839190547381821,-0.09558997064391728,-0.11628647880425791
15260,"Brunswick, GA (MA)",-0.06150735789182937,-0.07491045062806023,-0.05997176797853676,-0.08775921337604198,0.17137529593215928,0.18124944652306074
15380,"Buffalo-Cheektowaga, NY (MA)",0.052646877912704726,0.124538610163629,0.036930970070120805,0.10969163491242018,-0.14059705495770414,-0.14421282491715337
15500,"Burlington, NC (MA)",-0.056361974311553764,-0.08816549298666843,-0.05406194882195525,-0.08657603599365404,0.01379217578747638,0.02101179066527803
15540,"Burlington-South Burlington, VT (MA)",-0.054769491194001874,0.002476424959213741,-0.05305629298798109,-0.011894347147224926,0.17701640190183898,0.19074904506237678
15680,"California-Lexington Park, MD (MA)",-0.06511738562748126,-0.06471407425270026,-0.062001289640247204,-0.05430830740668369,0.3702684571996786,0.3540885129196192
15940,"Canton-Massillon, OH (MA)",-0.03276754761658707,-0.0170272311528622,-0.0340542933057435,-0.024877899021906846,-0.06055534751953695,-0.056984888806261735
15980,"Cape Coral-Fort Myers, FL (MA)",0.03493911845825548,-0.10696206335967517,0.008567251718518465,-0.11236222913326144,-0.2588136322765271,-0.2546758996475449
16020,"Cape Girardeau, MO-IL (MA)",-0.06397446863510992,-0.09090749765721595,-0.06134634738177447,-0.09221688680766738,0.21554783739636618,0.22040319270441677
16060,"Carbondale-Marion, IL (MA)",-0.06070455820113674,-0.053439591885164894,-0.05976452353696804,-0.05768047887105865,0.2605370375857152,0.21474418723304
16180,"Carson City, NV (MA)",-0.06427042807625871,-0.16552074705173647,-0.06139032845668657,-0.15603724375408567,-0.23498275202029406,-0.2553676425644288
16220,"Casper, WY (MA)",-0.06230588646641799,-0.1459869619506695,-0.06008752109507243,-0.1416948592440429,-0.12392492309780045,-0.1172182705380087
16300,"Cedar Rapids, IA (MA)",-0.046224675634518375,-0.049765258053500516,-0.04549496764932681,-0.04926289070628287,-0.011099347286848804,-0.014986273602590527
16540,"Chambersburg-Waynesboro, PA (MA)",-0.06055232130163135,-0.05049350084931847,-0.05814397870283683,-0.04623609957953423,0.23265049388427905,0.21743917883397357
16580,"Champaign-Urbana, IL (MA)",-0.04901945278464659,-0.09212944596830674,-0.04859136505344186,-0.08959624438768388,-0.07129757786458335,-0.07806145235729667
16620,"Charleston, WV (MA)",-0.05329054463396887,0.0872384975303695,-0.05390044361766411,0.057965461419445585,0.30388406773310295,0.27885923645131405
16700,"Charleston-North Charleston, SC (MA)",0.011154442300397749,0.0372497001583334,0.004132703081060951,0.02477267358890778,-0.13998336568084568,-0.13611229824020343
16740,"Charlotte-Concord-Gastonia, NC-SC (MA)",0.16651469913024486,0.5889213116482457,0.15705280163919455,0.5735776706667022,-0.08811411311001116,-0.08265338118198273
16820,"Charlottesville, VA (MA)",-0.056483614282406336,0.018139455157174966,-0.054340003933431746,0.002244977734607412,0.2304970467294225,0.248438233418113
16860,"Chattanooga, TN-GA (MA)",-0.02282316206394619,0.10592581538923818,-0.02482210122161943,0.09608206092783456,0.025141267586187954,0.020570961979636593
16940,"Cheyenne, WY (MA)",-0.061116710346444725,-0.13426217233751703,-0.05890007195474101,-0.12669544953381606,-0.051632715559383424,-0.07026713073580737
16980,"Chicago-Naperville-Elgin, IL-IN-WI (MA)",0.7335850578443353,0.3038265880185662,0.7160792680776975,0.31476135493442015,-0.26932167942871865,-0.26262296229839843
17020,"Chico, CA (MA)",-0.0520773189514947,-0.08645681789415727,-0.04981736427581607,-0.08800184303227077,-0.05332361873834679,-0.033926862266171476
17140,"Cincinnati, OH-KY-IN (MA)",0.14161215731954524,0.4213726258695103,0.12870719526098928,0.41645127850390695,-0.11568370487055768,-0.11610888611025272
17300,"Clarksville, TN-KY (MA)",-0.04647844285546887,-0.012225792819576697,-0.043045249619901305,-0.015018551050354656,0.025862382883533597,0.05162245595369774
17420,"Cleveland, TN (MA)",-0.06246542546287004,-0.07455374539023762,-0.05945070413990061,-0.07498961024178519,0.19640983749690544,0.21450950061207563
17460,"Cleveland-Elyria, OH (MA)",0.16134425962138432,0.16844018212855594,0.12715266863949748,0.1826631679330324,-0.18887163309756927,-0.19969515424011053
17660,"Coeur d'Alene, ID (MA)",-0.05609168640929307,-0.0868253990333493,-0.053546630945950136,-0.09500503725267273,-0.022496815136529236,0.02036987192757289
17780,"College Station-Bryan, TX (MA)",-0.04780386501050271,-0.05261056952902132,-0.04578670523158446,-0.05842836720854605,-0.02691561198302972,-0.005286042486598919
17820,"Colorado Springs, CO (MA)",-0.0005277413666011643,-0.025682875193321242,0.0017746766091457644,-0.011944929904481816,-0.16490152916153178,-0.16316157294205813
17860,"Columbia, MO (MA)",-0.05313004902062857,-0.06394078886605692,-0.051604454180045556,-0.0602969592144359,0.04449585502979714,0.03387519557863694
17900,"Columbia, SC (MA)",0.0027646528257394554,0.19544642924810063,-0.0012231945444417525,0.1608320678894457,-0.025499538010484657,-0.01246374009139195
17980,"Columbus, GA-AL (MA)",-0.04254190304700012,-0.013981052971984598,-0.042164629754144034,-0.015296731818063014,0.016633100441077353,0.011972657937027398
18020,"Columbus, IN (MA)",-0.06395194382677682,-0.12613518572759874,-0.06120015505555587,-0.12010102017506297,0.06628074375324089,0.05626088851483635
18140,"Columbus, OH (MA)",0.13012957486380072,0.3828460478823783,0.1172072053745834,0.40905884249714175,-0.10796112082356868,-0.11931457303032111
18580,"Corpus Christi, TX (MA)",-0.027278866101346444,-0.10277168273416448,-0.027728737308083007,-0.0933085856394884,-0.18996815989672022,-0.19353130740389557
18700,"Corvallis, OR (MA)",-0.06195378914929872,-0.1377249252364049,-0.05916207079122704,-0.13132365845737415,-0.07317956588163232,-0.0722434534953772
18880,"Crestview-Fort Walton Beach-Destin, FL (MA)",-0.03661758237943491,-0.051347960003199966,-0.044128838373629686,-0.053898046947722156,-0.03398356183438722,-0.08434573812209034
19060,"Cumberland, MD-WV (MA)",-0.06370992898899319,-0.08808174641278599,-0.06165503580038967,-0.09135239816986596,0.23508662029687222,0.21905681495707152
19100,"Dallas-Fort Worth-Arlington, TX (MA)",0.5688077687941151,0.647990081931892,0.5791522458476848,0.6981819218241938,-0.21152764065751706,-0.20865453152531943
19140,"Dalton, GA (MA)",-0.06261605459054853,-0.06553770579360652,-0.05884533723421881,-0.05683839680910552,0.22872047299365006,0.24568521064010485
19180,"Danville, IL (MA)",-0.06493852141324297,-0.11425268720493686,-0.062451273435225274,-0.11328290012884368,0.17401936218636993,0.16599892449196463
19300,"Daphne-Fairhope-Foley, AL (MA)",-0.048616196868661254,0.001193518738532795,-0.052143028651068124,-0.01633188031857402,0.15051459217809682,0.09698248978649993
19340,"Davenport-Moline-Rock Island, IA-IL (MA)",-0.03401169064389564,-0.023169196935711178,-0.035642391585004374,-0.02809147470519413,-0.05536570094004123,-0.05841884667168484
19430,"Dayton-Kettering, OH (MA)",0.01596630810481403,0.00017225485171068478,0.006753897955928068,0.0064286813919669505,-0.15913943805182074,-0.16876616888103024
19460,"Decatur, AL (MA)",-0.061821224700531974,-0.021140325360218593,-0.059237457201836485,-0.027459588278341607,0.3123786882809696,0.3178170619394596
19500,"Decatur, IL (MA)",-0.059459330056987114,-0.1374889343727187,-0.058173310710716075,-0.1325829552045683,-0.10234562365035715,-0.11517206491380605
19660,"Deltona-Daytona Beach-Ormond Beach, FL (MA)",0.009113305991282683,-0.06587385633523946,-0.0036716977425749198,-0.06854747372145875,-0.20666898996015726,-0.20873969443444762
19740,"Denver-Aurora-Lakewood, CO (MA)",0.23176949585377327,0.1509132046133359,0.21900155171975233,0.11867570616249234,-0.2388047975937937,-0.22524795309492052
19780,"Des Moines-West Des Moines, IA (MA)",-0.003311503382407599,0.019860634382909303,-0.005258068214056055,0.02552598696944175,-0.11765318843844341,-0.12022918603875121
19820,"Detroit-Warren-Dearborn, MI (MA)",0.375873051248641,0.36074726288715797,0.3396172708077141,0.3758046074688024,-0.21665868386924436,-0.217334595212768
20020,"Dothan, AL (MA)",-0.06181362706717952,-0.011550672107083049,-0.0597971542944874,-0.027572486944667518,0.3326121260057502,0.3345357898838992
20100,"Dover, DE (MA)",-0.056488595193776026,-0.088977769897858,-0.05327382227157196,-0.08187274220445473,0.014127188631574139,0.020776016952410048
20220,"Dubuque, IA (MA)",-0.06255292168562143,-0.11793713457234511,-0.06008514615886418,-0.10968569963698727,0.07896842374579438,0.05101465613360401
20260,"Duluth, MN-WI (MA)",-0.050485416084386725,0.13773169594248014,-0.05035334953750359,0.055373490476861686,0.2324250969600159,0.28721443132367663
20500,"Durham-Chapel Hill, NC (MA)",-0.016449392626411874,0.15034816886919433,-0.018669794119673955,0.14238810587371997,0.03272424334311541,0.026749256202152072
20700,"East Stroudsburg, PA (MA)",-0.06201640282285037,0.02682841374017575,-0.059567806931323575,-0.002117554917144937,0.3704395059441794,0.39700282785945595
20740,"Eau Claire, WI (MA)",-0.05841153878982874,-0.054209632977553546,-0.056191317841043587,-0.050995446943362444,0.1637101504318712,0.15308572278311527
20940,"El Centro, CA (MA)",-0.058376417981016115,-0.12601890114650416,-0.05193911598037404,-0.10704758687607419,-0.08547717778489439,-0.07871348528289213
21060,"Elizabethtown-Fort Knox, KY (MA)",-0.061859736731787685,-0.03487419615613008,-0.05919016005327982,-0.02978481823320589,0.3058633349499251,0.29230415008148625
21140,"Elkhart-Goshen, IN (MA)",-0.05388136499170959,-0.10176527557883941,-0.050671308977713436,-0.08184761673583008,-0.025639439029465638,-0.05436312346006089
21300,"Elmira, NY (MA)",-0.06275463086881139,-0.12988348775117875,-0.060645405679836895,-0.12580266369154003,0.007137261486855229,-0.005999515842793679
21340,"El Paso, TX (MA)",0.010251167106454684,-0.12114433422264093,0.018916925845062105,-0.09877535267170123,-0.2536181001864225,-0.25429890818450485
21420,"Enid, OK (MA)",-0.06458758975779133,-0.14702347180083142,-0.061900223048492076,-0.14095447164604835,-0.06423602687953633,-0.06856724948271808
21500,"Erie, PA (MA)",-0.0460218150215691,-0.05884952121195042,-0.045809870164615574,-0.05363405825183487,-0.01667159093099846,-0.03369495661724298
21660,"Eugene-Springfield, OR (MA)",-0.03484885364081758,-0.04251374658711826,-0.034635294950404294,-0.04675436684854328,-0.09007693044465559,-0.08060568710575755
21780,"Evansville, IN-KY (MA)",-0.04046626788205987,-0.05763404920653126,-0.04140415920197649,-0.052660430320419005,-0.055133343157682146,-0.072216133871567
21820,"Fairbanks, AK (MA)",-0.06257125909550654,-0.1175251354040957,-0.05971113686398033,-0.12171949468283849,0.00038339468701664714,0.05360771782581941
22020,"Fargo, ND-MN (MA)",-0.04457753818734467,-0.11351125136052997,-0.0447445429296951,-0.10612397261479833,-0.14583558473177582,-0.15660139276960683
22140,"Farmington, NM (MA)",-0.06231872305529518,-0.10034091661031741,-0.05894323984303629,-0.09076038640287332,0.12157562341795569,0.120615575952004
22180,"Fayetteville, NC (MA)",-0.03024059900934284,0.08959165309762729,-0.029226665329650348,0.09652312364574356,0.053226775473217636,0.046857004537498304
22220,"Fayetteville-Springdale-Rogers, AR (MA)",-0.02807407133999751,0.08049194866111886,-0.025418128439837262,0.07906904758540434,0.01199489892826855,0.025212991899310033
22380,"Flagstaff, AZ (MA)",-0.059465095431502135,-0.05642261298296225,-0.05695501891047561,-0.08374848103006516,0.0873182204395131,0.17339306950782007
22420,"Flint, MI (MA)",-0.0301073832852633,-0.04751284625869778,-0.03273414529731444,-0.038550186028582734,-0.08801091413524875,-0.10889595974522115
22500,"Florence, SC (MA)",-0.057298086825606886,-0.0033219765882368524,-0.05569316703325089,-0.012025862188827507,0.23685979732831375,0.2311127187797717
22520,"Florence-Muscle Shoals, AL (MA)",-0.060406632405254346,-0.028048641998488555,-0.0589336355233141,-0.04202007133139363,0.26948913062489566,0.26219403038107614
22540,"Fond du Lac, WI (MA)",-0.06270774048948069,-0.10250861727246796,-0.060227950895336724,-0.0992261996100321,0.1343962702465311,0.12530290726939208
22660,"Fort Collins, CO (MA)",-0.03397622770405562,-0.0878011863240944,-0.03376942534469851,-0.10086226342431115,-0.1845399182112445,-0.15221655449976723
22900,"Fort Smith, AR-OK (MA)",-0.05427286433898071,0.023188748352475308,-0.052563035758443455,0.011671044626055505,0.20878732927930121,0.2141084670813196
23060,"Fort Wayne, IN (MA)",-0.03137065557749319,-0.05176884828457495,-0.03129451254593574,-0.039419010578544134,-0.09664489089066175,-0.1094642928135906
23420,"Fresno, CA (MA)",0.007881275930569753,-0.0016719277434750213,0.02556711086144814,0.02836707550005646,-0.17230882824878213,-0.15827312991267173
23460,"Gadsden, AL (MA)",-0.0631698212784707,-0.08858420713729942,-0.061013487591365934,-0.08770901283577659,0.2172385890509576,0.1953705835578976
23540,"Gainesville, FL (MA)",-0.04540848637332506,0.06586812264253172,-0.044999585483357474,0.048360434622400694,0.14333434195127803,0.14706420134220521
23580,"Gainesville, GA (MA)",-0.055285492924219914,-0.09078612477102932,-0.05154647113767996,-0.07421150703468748,0.007649502967139732,-0.0036988470793341
23900,"Gettysburg, PA (MA)",-0.06627688939542631,-0.056830650167149166,-0.06314266492554432,-0.05240481530081642,0.43765665928825803,0.4329733856822018
24020,"Glens Falls, NY (MA)",-0.06247983358957654,-0.00869395837902065,-0.0609271730944575,-0.049501765829684574,0.3303939602679027,0.36063854386821026
24140,"Goldsboro, NC (MA)",-0.06379767333115105,-0.056506745908135536,-0.06146022277299035,-0.057140950633515986,0.3360941026978421,0.3147810106804234
24220,"Grand Forks, ND-MN (MA)",-0.06132605365416588,-0.11486490067580812,-0.05925862723676367,-0.11452791027031006,0.025477460147044217,0.029737217899338253
24260,"Grand Island, NE (MA)",-0.06474210641548961,-0.12915735913671245,-0.06139383867305237,-0.12557196650289626,0.03893744236127272,0.07077262599455958
24300,"Grand Junction, CO (MA)",-0.055127129667495445,-0.13271197861527173,-0.05304017185228416,-0.12923660296754513,-0.15537131872838916,-0.1432875077518383
24340,"Grand Rapids-Kentwood, MI (MA)",0.016218189534790817,0.25311066885538724,0.017916903158630593,0.27848230285491593,-0.010316457809937507,-0.01598992026656798
24420,"Grants Pass, OR (MA)",-0.0648206730174169,-0.09801762172272499,-0.061911372438618106,-0.09882377891967442,0.21691493488062585,0.23325408817503224
24500,"Great Falls, MT (MA)",-0.06241512779831393,-0.1354554571224098,-0.06015505160506984,-0.13323563298528618,-0.05951948302173049,-0.047864388005462555
24540,"Greeley, CO (MA)",-0.04541924682143583,-0.06778122524434516,-0.039890214300879245,-0.052157602137592685,-0.0656916801568147,-0.05572829877216956
24580,"Green Bay, WI (MA)",-0.04540166266906309,0.041391639672974545,-0.04392311336449495,0.01233199133552576,0.07885392333372576,0.11675424271350465
24660,"Greensboro-High Point, NC (MA)",-0.006360037102970617,0.22019680246952222,-0.00938779316074112,0.2030273647766827,0.035340107367664686,0.03445554462408773
24780,"Greenville, NC (MA)",-0.05449548446394259,-0.08811943252519627,-0.05422262457730542,-0.08593497629555846,0.01882750902015906,-0.007649675406109502
24860,"Greenville-Anderson, SC (MA)",0.007731642400524041,0.26657260296984475,0.004140786257960993,0.236854767229276,0.006481338619417132,0.01506381705933646
25060,"Gulfport-Biloxi, MS (MA)",-0.0350248434450805,0.033523806677944856,-0.03640268617303588,0.03812343452035338,0.04153179467486856,0.018307705016035403
25180,"Hagerstown-Martinsburg, MD-WV (MA)",-0.05010005750256197,0.02328997607797212,-0.047730420968733256,0.016364860361616884,0.13425280900551861,0.14935583360931393
25220,"Hammond, LA (MA)",-0.06239128869029387,-0.06170035271362073,-0.059656820478621087,-0.059900422410208876,0.2501937237001499,0.24791284288022197
25260,"Hanford-Corcoran, CA (MA)",-0.059819658324897884,-0.146028263310521,-0.053053502793396934,-0.13435353039270848,-0.17652279005862503,-0.1550203000584729
25420,"Harrisburg-Carlisle, PA (MA)",-0.018749073227540047,0.07544604073284433,-0.02031743828209731,0.07192960860504183,-0.021648454832280284,-0.024785365925434455
25500,"Harrisonburg, VA (MA)",-0.06183956378600042,-0.08155415352677575,-0.05824457467750088,-0.07879829714783315,0.14173975238107217,0.17142069053835463
25540,"Hartford-East Hartford-Middletown, CT (MA)",0.04809895681470899,0.12830091130876453,0.0403934218789721,0.13157316971365196,-0.13390360175267024,-0.13721949697226765
25620,"Hattiesburg, MS (MA)",-0.06106247409363785,-0.007411131027035056,-0.058737828951609394,-0.00908691604747669,0.33043532174511814,0.31886487546358366
25860,"Hickory-Lenoir-Morganton, NC (MA)",-0.04700878906547046,0.1390686788493114,-0.046256612777552886,0.11231321421229512,0.23650003611312354,0.24306331356980015
25940,"Hilton Head Island-Bluffton, SC (MA)",-0.04944027015282393,-0.04130891791440228,-0.05102874266100077,-0.06118069716110541,0.033135657932581,0.03391611580277898
25980,"Hinesville, GA (MA)",-0.06491207115304964,-0.12159339143867154,-0.06159949340156934,-0.11497223206369622,0.11637458918581389,0.12490006375616569
26140,"Homosassa Springs, FL (MA)",-0.05452065671706274,-0.08280744170147403,-0.055163683533410945,-0.0981273979572086,-0.004402630627839299,0.007098900754374027
26300,"Hot Springs, AR (MA)",-0.06091653224207427,-0.10355661788009385,-0.06023373324781012,-0.10576381336970697,0.10423614498375922,0.06580654477555314
26380,"Houma-Thibodaux, LA (MA)",-0.05260815709830413,-0.08584944511473136,-0.050385910873667394,-0.08631995544093451,-0.04170250709121792,-0.026160033800218252
26420,"Houston-The Woodlands-Sugar Land, TX (MA)",0.5379448310294461,0.5457426344845329,0.550702746500169,0.5883663383659288,-0.22323914761640362,-0.21808733299484095
26580,"Huntington-Ashland, WV-KY-OH (MA)",-0.04311627477854851,0.08810534388074731,-0.04416131548444835,0.06938253829687446,0.15974200532578942,0.14788014270528294
26620,"Huntsville, AL (MA)",-0.027681991707515174,0.03765847571408054,-0.028569771416821044,0.037786654084629445,-0.013427918314474097,-0.019987653808185457
26820,"Idaho Falls, ID (MA)",-0.05954816879640423,-0.1073583691830573,-0.055164406751613715,-0.09212325449580694,0.01679835814445174,0.01800364005805144
26900,"Indianapolis-Carmel-Anderson, IN (MA)",0.13619666625860738,0.2617873389197811,0.124646377532323,0.25859872375366444,-0.16324988633508775,-0.16066800016114313
26980,"Iowa City, IA (MA)",-0.05506761163332474,-0.10001505213876505,-0.053219052903630604,-0.09352255245852581,-0.02296826321884471,-0.03400366376717412
27060,"Ithaca, NY (MA)",-0.06391998991712977,-0.07835060920862802,-0.06098055190408902,-0.08438643259903511,0.22825337697408554,0.2601055051273813
27100,"Jackson, MI (MA)",-0.061010857614779535,-0.03192763858865799,-0.05835394821943585,-0.03534884925951465,0.26518031038345913,0.27190764647387566
27140,"Jackson, MS (MA)",-0.025035500266518906,0.18349711667604174,-0.026337041536155126,0.16887540200669093,0.09992533736249198,0.09647711356756661
27180,"Jackson, TN (MA)",-0.059651943828358145,-0.010664560287773628,-0.05743316334814996,-0.0164364048053266,0.27598678046339464,0.27431055235030244
27260,"Jacksonville, FL (MA)",0.09451691401566142,0.08953723187001383,0.08295687364039339,0.09824357252189797,-0.1914220886696134,-0.19266849900061667
27340,"Jacksonville, NC (MA)",-0.056674984116740545,-0.037782220904024166,-0.05361782856289021,-0.03810228075334432,0.13451569533093188,0.1524717634625945
27500,"Janesville-Beloit, WI (MA)",-0.05561138735569238,-0.11397778759243082,-0.05356585125616076,-0.10750432431108026,-0.06538073072719486,-0.07145878385292537
27620,"Jefferson City, MO (MA)",-0.06238342962808874,-0.02925038345657316,-0.06001658248992392,-0.025167766425809646,0.34571743919130093,0.3209393781561216
27740,"Johnson City, TN (MA)",-0.053288446669836675,-0.038072989000369484,-0.05253688920369615,-0.05114682092269529,0.08300788325365982,0.09186572187717457
27780,"Johnstown, PA (MA)",-0.06073783508211039,-0.05581683233928514,-0.059652586677084396,-0.05944001275005095,0.25131572503083244,0.20984790021605604
27860,"Jonesboro, AR (MA)",-0.061400200241142344,-0.0759888424344477,-0.058717896910803535,-0.07341989553994333,0.17513153075345067,0.17465084984114743
27900,"Joplin, MO (MA)",-0.05728078629889577,-0.05698208182476294,-0.055153661789498765,-0.05207519632776059,0.13517812187509826,0.12156163589538749
27980,"Kahului-Wailuku-Lahaina, HI (MA)",-0.05570000342525305,-0.10685359478378753,-0.05371051898307633,-0.1033904082849657,-0.04851271476023222,-0.04672284403495919
28020,"Kalamazoo-Portage, MI (MA)",-0.0466091293239107,-0.07368918078207409,-0.04589932357278381,-0.06764779162221246,-0.045645197531744564,-0.057869909937074415
28100,"Kankakee, IL (MA)",-0.062065917055900144,-0.1146858268310893,-0.059135840292805164,-0.11127981953499277,0.038022710560294604,0.05140124041276928
28140,"Kansas City, MO-KS (MA)",0.14585723804376016,0.29114063877677787,0.13076319221015864,0.29131773108663594,-0.1570577101559777,-0.15775007620316572
28420,"Kennewick-Richland, WA (MA)",-0.04493974056289529,-0.11786222864837259,-0.03944664196598102,-0.1018436405112847,-0.16442065016375762,-0.16479834903917268
28660,"Killeen-Temple, TX (MA)",-0.030287106021210763,-0.032273330288154156,-0.026334348966524646,-0.02617384281392965,-0.10152551095257534,-0.088365695296175
28700,"Kingsport-Bristol, TN-VA (MA)",-0.04876810841461654,0.10553773349467632,-0.0493434818440025,0.06580203054630851,0.2290114817850195,0.23215329474236923
28740,"Kingston, NY (MA)",-0.06115915585778153,0.0414421940174905,-0.05884430450024103,0.00887371770435852,0.3636196289931726,0.39072634786545857
28940,"Knoxville, TN (MA)",0.005518396794940372,0.2636417479111217,0.00016454425690004548,0.22079015997082618,0.00994948792469108,0.020176108433481943
29020,"Kokomo, IN (MA)",-0.06246044810395679,-0.1319698106931303,-0.060661616086707504,-0.12635528574409105,0.0040894363818611,-0.026220327368604024
29100,"La Crosse-Onalaska, WI-MN (MA)",-0.058305389635079474,-0.10683273515059821,-0.05630526255830193,-0.10341209620508973,-0.0009965734734593834,-0.005016769138198263
29180,"Lafayette, LA (MA)",-0.030200135174976883,0.07976236556923766,-0.03202614748958987,0.07148335086978475,0.046750594368556886,0.03700094025839995
29200,"Lafayette-West Lafayette, IN (MA)",-0.052760531542116795,-0.05625434472985302,-0.05074263137112445,-0.0527091981926312,0.04889003159189387,0.04592233584446759
29340,"Lake Charles, LA (MA)",-0.05180559394811057,-0.060275059876814696,-0.050298356815627,-0.06214161126949469,0.019842358494967183,0.02426910115593306
29420,"Lake Havasu City-Kingman, AZ (MA)",-0.046992519559405976,-0.05229493275811292,-0.05032668017290021,-0.07701157839468864,-0.017291602089124947,-0.012561106831406543
29460,"Lakeland-Winter Haven, FL (MA)",0.0034084519537291857,-0.022987829242596014,-0.0002215894884460834,-0.03014199953957064,-0.1768716435972597,-0.16746973815322697
29540,"Lancaster, PA (MA)",-0.027405008059354974,0.05002471819739873,-0.025843052213341045,0.09640784954180459,0.03148912367772261,-0.008627974385836734
29620,"Lansing-East Lansing, MI (MA)",-0.025967990242935612,0.10800755037229792,-0.028103697228381463,0.11332378890426797,0.062054817824617414,0.0389559708042162
29700,"Laredo, TX (MA)",-0.04951713826672932,-0.14939672631624912,-0.041098447023973694,-0.13599249408134728,-0.23637685008891218,-0.23112805133188374
29740,"Las Cruces, NM (MA)",-0.05190945885339193,-0.09051407230299635,-0.04950351269954045,-0.07980875988335268,-0.03517476069349679,-0.046129176463579946
29820,"Las Vegas-Henderson-Paradise, NV (MA)",0.16612191702856416,-0.1208698859440247,0.16314355187982232,-0.11425663510102868,-0.28924374337083314,-0.2812035698345111
29940,"Lawrence, KS (MA)",-0.058454522269506426,-0.14044803202670253,-0.05661248242996186,-0.13311968342884173,-0.13154748993033794,-0.14242694713691018
30020,"Lawton, OK (MA)",-0.05998736944418748,-0.10597740942323353,-0.058051747474888615,-0.0968462740994197,0.06932790128971655,0.0331710274871011
30140,"Lebanon, PA (MA)",-0.05874911052051146,-0.1098688985227465,-0.05604514001818561,-0.10155659144743145,0.000691671879175848,-0.007831041293350771
30300,"Lewiston, ID-WA (MA)",-0.06418190333764406,-0.151137395796471,-0.06142491434580999,-0.14603315764652047,-0.12863369720508955,-0.11573237020957783
30340,"Lewiston-Auburn, ME (MA)",-0.06327433580351849,-0.07630351482275954,-0.06081112202391248,-0.07809104435966507,0.24273140038821528,0.23963940834459452
30460,"Lexington-Fayette, KY (MA)",-0.018783513092876514,-0.047062305174515484,-0.020948911485458077,-0.04394566978445158,-0.14311851015124866,-0.14498786192430968
30620,"Lima, OH (MA)",-0.062107833628171516,-0.11696325317770151,-0.05979880648134317,-0.10940746181452654,0.0697490487597574,0.042038514061708554
30700,"Lincoln, NE (MA)",-0.03721323618812655,-0.10410766554740791,-0.036211426234172284,-0.09293746651135071,-0.16098778934049174,-0.16809803769324416
30780,"Little Rock-North Little Rock-Conway, AR (MA)",-0.00496254075049829,0.19562095558892256,-0.011351205194712333,0.1874772187245024,0.032789176261610375,0.01312461982005697
30860,"Logan, UT-ID (MA)",-0.06064612681596848,-0.12271581634687434,-0.05531814096303911,-0.1064707663142872,-0.03275903928772017,-0.022496819228044806
30980,"Longview, TX (MA)",-0.05256645695236628,0.05094656465280778,-0.05001801324444355,0.04073991757078366,0.2066098301229935,0.2238010875759644
31020,"Longview, WA (MA)",-0.0624350373284579,-0.10817173202005215,-0.05942003409066532,-0.1013095822031812,0.09434144399347955,0.09211471969567686
31080,"Los Angeles-Long Beach-Anaheim, CA (MA)",0.8217447454332087,-0.025805177013462632,0.8593350544799154,0.0006463391549114128,-0.295273120714598,-0.28733790329132325
31140,"Louisville/Jefferson County, KY-IN (MA)",0.05368774384987196,0.19809950943664734,0.042914246143084034,0.20936800214776374,-0.09862344642879217,-0.11186886790537609
31180,"Lubbock, TX (MA)",-0.03916179313231849,-0.09465197088982935,-0.03835694248244803,-0.08978861240975444,-0.14525630465993278,-0.14347882450548222
31340,"Lynchburg, VA (MA)",-0.054900854177236114,0.0748501705349991,-0.05295481204503316,0.04717428371096544,0.27001764270092,0.2925726708854852
31420,"Macon-Bibb County, GA (MA)",-0.05285074864396322,-0.016753002840036002,-0.05211109329904651,-0.0134219183887333,0.15548238550320193,0.1254246876614702
31460,"Madera, CA (MA)",-0.06335606048034825,-0.07610632190006661,-0.05717741253341946,-0.06142765626674507,0.16283792729988433,0.24349605949381226
31540,"Madison, WI (MA)",-0.008955092021090016,0.11645389598845313,-0.013225628894122265,0.10644169415814408,-0.022328293914744002,-0.02859549559080443
31700,"Manchester-Nashua, NH (MA)",-0.03512334425374519,0.0013074612883317016,-0.0340489106773908,0.01105392700088803,-0.011046676963117341,-0.02022049563692796
31740,"Manhattan, KS (MA)",-0.05874701384307335,-0.12161417992056067,-0.056129231299969495,-0.11554961521851304,-0.05518293989577405,-0.054335198750418146
31860,"Mankato, MN (MA)",-0.06276537108430602,-0.11493569525368086,-0.059682119979651116,-0.10902423196323785,0.06747446188566553,0.07243949752405254
31900,"Mansfield, OH (MA)",-0.06065870401022644,-0.09849406867281607,-0.05852415090633312,-0.09206974958604364,0.10264275627240949,0.07804325593665684
32580,"McAllen-Edinburg-Mission, TX (MA)",0.0014946686768941841,-0.08273619149877798,0.015022516431399291,-0.03245674811081534,-0.20049298819335593,-0.21477020526112978
32780,"Medford, OR (MA)",-0.05055020941704502,-0.08526714508569422,-0.0487707408978999,-0.08548635953360995,-0.058520738349396084,-0.047460821332790726
32820,"Memphis, TN-MS-AR (MA)",0.05524921661121596,0.1948415794744578,0.049414456220628455,0.19234723869024628,-0.11653445712027322,-0.11531141704420389
32900,"Merced, CA (MA)",-0.05159287722477879,-0.10400747980643377,-0.04290870771712907,-0.08338007874406328,-0.10517552769453875,-0.08503800511883475
33100,"Miami-Fort Lauderdale-Pompano Beach, FL (MA)",0.5518591932348273,-0.12321041525267906,0.5118267888927113,-0.10192040657477552,-0.29693566859038734,-0.2907781217911761
33140,"Michigan City-La Porte, IN (MA)",-0.062022952342100535,-0.09655038539777139,-0.05971475105958868,-0.09372481002470767,0.13760605961694883,0.12543948447189357
33220,"Midland, MI (MA)",-0.06480705486396299,-0.10609007107555768,-0.062187521376508514,-0.10203054706719672,0.21778783052479556,0.19841718867671165
33260,"Midland, TX (MA)",-0.054315605724439386,-0.12473954286512712,-0.05193580869402148,-0.11456618698758503,-0.11127649239891213,-0.12228499174654717
33340,"Milwaukee-Waukesha, WI (MA)",0.09714170685714318,0.06051319528958499,0.08140558066914805,0.0713810095291203,-0.2012722188897904,-0.2048736271792686
33460,"Minneapolis-St. Paul-Bloomington, MN-WI (MA)",0.2668783652399689,0.5744533605572713,0.2573116805916562,0.5936432831244582,-0.14410525631623883,-0.1443835125899945
33540,"Missoula, MT (MA)",-0.05972951220219047,-0.11320714274759003,-0.05798512967808844,-0.11248211045694434,-0.0005937680067861217,-0.001104535208568902
33660,"Mobile, AL (MA)",-0.032412885037373496,0.027735060088216246,-0.03380834658264542,0.019375684336672583,-0.0019521962568744833,-0.004840647788176833
33700,"Modesto, CA (MA)",-0.026568775901857022,-0.1037778795254366,-0.014565542134962972,-0.08683879956986496,-0.20920295582806758,-0.1964848989275031
33740,"Monroe, LA (MA)",-0.05507049577616452,-0.02966781087929926,-0.05339204034257583,-0.037524696113007905,0.13114762075648656,0.1383642481153211
33780,"Monroe, MI (MA)",-0.059471646988635385,-0.07003245822956661,-0.057127418362168725,-0.06466933568359745,0.1521452559502532,0.1378328715213215
33860,"Montgomery, AL (MA)",-0.03955094409636506,0.054123944531531576,-0.040128600786043966,0.047875895644945876,0.08768425740797503,0.07641061069641975
34060,"Morgantown, WV (MA)",-0.06053319323021622,-0.056325859128458444,-0.05906840481778397,-0.05791241525306934,0.2337108738652991,0.2026394998856429
34100,"Morristown, TN (MA)",-0.06298567326921478,-0.021971298923393223,-0.0601888166536142,-0.03516189912090384,0.3319602125711718,0.3553181720102432
34580,"Mount Vernon-Anacortes, WA (MA)",-0.06136299603127393,-0.08212843488007038,-0.0582696718462421,-0.08851886032561262,0.10811571470560732,0.15446020866162335
34620,"Muncie, IN (MA)",-0.0599540895379953,-0.1224497883479837,-0.05819272761843031,-0.11915190446935053,-0.028091072222985902,-0.035788215534804935
34740,"Muskegon, MI (MA)",-0.055813525095943506,-0.09187419874763991,-0.05364851880441224,-0.08589312918786818,0.008458491777727506,0.0012050066871833742
34820,"Myrtle Beach-Conway-North Myrtle Beach, SC-NC (MA)",-0.010182890735163985,0.09209026177267599,-0.030666482716051657,0.06511359710105702,0.030249882892944058,-0.04312503666787548
34900,"Napa, CA (MA)",-0.05851270687840515,-0.1287465164037489,-0.05492884119462038,-0.12825152503866655,-0.13047554577781018,-0.08836486552308442
34940,"Naples-Marco Island, FL (MA)",-0.014869722354498793,-0.10066258221945135,-0.03275536712896965,-0.0893486652714115,-0.16800931378546635,-0.21267842928081904
34980,"Nashville-Davidson--Murfreesboro--Franklin, TN (MA)",0.10082293864094205,0.5134878533957683,0.09259653800539747,0.5280804763973468,-0.03653632202660928,-0.04583460352433588
35100,"New Bern, NC (MA)",-0.06252777316910452,-0.05165100141309342,-0.060362389544002304,-0.06688062496706126,0.2586960560920464,0.27785654090637
35300,"New Haven-Milford, CT (MA)",0.022041584817841686,-0.098911967427465,0.01782179913413473,-0.08783116670635072,-0.2445953869187084,-0.24338653320588532
35380,"New Orleans-Metairie, LA (MA)",0.0677332529912813,0.021526860072006215,0.053806054419734295,0.011934075692963342,-0.2092404797179398,-0.20410962160883128
35620,"New York-Newark-Jersey City, NY-NJ-PA (MA)",0.9623266457235278,0.5834533791409449,0.9619886454023696,0.5508265457020212,-0.27745438793772004,-0.26742643016561085
35660,"Niles, MI (MA)",-0.056029028775560596,-0.07908874436899693,-0.05594369222946216,-0.08471124228528004,0.0589171765797436,0.04095724261697242
35840,"North Port-Sarasota-Bradenton, FL (MA)",0.04737842566984307,-0.12298598298378915,0.01618975283638746,-0.1134793292105325,-0.26370129423476407,-0.26811726824124915
35980,"Norwich-New London, CT (MA)",-0.04701403728791298,-0.029988253200531112,-0.047573878023209115,-0.02882443480170771,0.053749198926503094,0.027817193726634715
36100,"Ocala, FL (MA)",-0.03758038531043195,0.048382863763532846,-0.03963599246041338,0.02278224270931184,0.049645620139762814,0.05389810139027196
36140,"Ocean City, NJ (MA)",-0.04646637133427045,-0.13610165590287104,-0.059075840302434846,-0.13257632844360467,-0.08313764412365032,-0.203280856877753
36220,"Odessa, TX (MA)",-0.054615052048809565,-0.1462595415147392,-0.05157437745815818,-0.13704666676122124,-0.198290524939573,-0.19905110042244611
36260,"Ogden-Clearfield, UT (MA)",-0.013667829200103898,-0.09610720558266583,-0.00017568040506610316,-0.08161478244847542,-0.2235985226378837,-0.20927668380749043
36420,"Oklahoma City, OK (MA)",0.06079905387323925,0.2769610400953739,0.05181525130051279,0.2948430952723753,-0.07289835915406606,-0.08703411567996522
36500,"Olympia-Lacey-Tumwater, WA (MA)",-0.04524077949245875,-0.0644367090368071,-0.04312313984902438,-0.05709724906162883,-0.0493575525322415,-0.050739364633503925
36540,"Omaha-Council Bluffs, NE-IA (MA)",0.02100771520496747,0.05137588826103934,0.02027699087811974,0.04524755797802471,-0.15407503993590466,-0.1428036585155944
36740,"Orlando-Kissimmee-Sanford, FL (MA)",0.1978961605069236,0.06969076732142931,0.19269043873364877,0.07641907330233622,-0.24268032485258773,-0.23588479735163803
36780,"Oshkosh-Neenah, WI (MA)",-0.05406046555043331,-0.11371536713391939,-0.05243540268462821,-0.11232892818492124,-0.09764347530443829,-0.0886482056479394
36980,"Owensboro, KY (MA)",-0.061658005002285465,-0.09343478270540873,-0.059110435873970024,-0.08822271060621989,0.13711901015494976,0.1252791129444084
37100,"Oxnard-Thousand Oaks-Ventura, CA (MA)",0.003907078776048456,-0.12860955899713666,0.01732213515059655,-0.11481580940405489,-0.2652804362626844,-0.2576322061009695
37340,"Palm Bay-Melbourne-Titusville, FL (MA)",0.002460898732333794,-0.12357197405657572,-0.0067559143747135675,-0.12291548749031378,-0.2593629276914149,-0.2522540840492412
37460,"Panama City, FL (MA)",-0.04639892802055712,-0.12320625921401462,-0.05155753031876065,-0.12065941661066493,-0.1367490335856999,-0.1707184231085096
37620,"Parkersburg-Vienna, WV (MA)",-0.0628350511535617,-0.1118863161678546,-0.060957940806789845,-0.1118893320471227,0.10335427454401458,0.08908684349067841
37860,"Pensacola-Ferry Pass-Brent, FL (MA)",-0.018817164215953253,-0.06769721051083366,-0.020757275199601577,-0.058672047035770225,-0.161633478068691,-0.16795741266924902
37900,"Peoria, IL (MA)",-0.03656321584869415,0.0581708776712655,-0.03831544702573797,0.045892081710999344,0.06787796401450152,0.05729717039492965
37980,"Philadelphia-Camden-Wilmington, PA-NJ-DE-MD (MA)",0.5143985052667348,0.4527912703112853,0.4912281778734755,0.4819830755155734,-0.22840658144493098,-0.2266495926513794
38060,"Phoenix-Mesa-Chandler, AZ (MA)",0.4070618200865992,0.14201817473991052,0.3921132994356611,0.1720109091719595,-0.2565530053703521,-0.2531011832943102
38220,"Pine Bluff, AR (MA)",-0.06486493184937181,-0.09831018220602894,-0.06226267353449977,-0.09370475176838888,0.259606581123079,0.2343308821478136
38300,"Pittsburgh, PA (MA)",0.17098089058306964,0.5858476667136816,0.1323586964097374,0.5192133106094898,-0.08467397150434552,-0.08705967017301364
38340,"Pittsfield, MA (MA)",-0.05918494606280278,-0.05818082267937108,-0.05838152376394601,-0.08753832766802838,0.11527084924257869,0.16191057516486107
38540,"Pocatello, ID (MA)",-0.062810689394449,-0.133744132182533,-0.0596269772952116,-0.12433360483087841,-0.017629620997943962,-0.027087833027750197
38860,"Portland-South Portland, ME (MA)",-0.029001678215941795,0.33296319166571453,-0.03556466242333012,0.2476930487537743,0.23557250550105646,0.2260205905590824
38900,"Portland-Vancouver-Hillsboro, OR-WA (MA)",0.17437030935672504,0.22675205284282418,0.16621881416481776,0.24585919835748493,-0.19013550061313478,-0.18951121917809077
38940,"Port St. Lucie, FL (MA)",-0.012780122333506339,-0.13014900861373957,-0.019051128718937882,-0.1233987668260913,-0.24909775783544408,-0.24880492151315758
39100,"Poughkeepsie-Newburgh-Middletown, NY (MA)",-0.02103514879442414,0.16727954507434362,-0.01612950210465347,0.17983023625338634,0.049663357416224185,0.06184352719127939
39150,"Prescott Valley-Prescott, AZ (MA)",-0.04918368907334769,-0.002313380532650622,-0.05048783233162202,-0.035832213343276464,0.08211222772015003,0.09849918865500418
39300,"Providence-Warwick, RI-MA (MA)",0.10237861727781383,0.11518819507720046,0.08987900381344649,0.10397354965881989,-0.19384193814053285,-0.18796717289488118
39340,"Provo-Orem, UT (MA)",-0.02149044560862956,-0.1290660645783438,-0.0010801822342056955,-0.10660080727834265,-0.24676925601012545,-0.23933683162701724
39380,"Pueblo, CO (MA)",-0.054125759033026966,-0.12958060527609172,-0.05199823353166022,-0.1252931201214581,-0.14963392920969976,-0.14068199565819295
39460,"Punta Gorda, FL (MA)",-0.043212875644077275,-0.1441939944926387,-0.049037059112011616,-0.1417923538524526,-0.22888234799849416,-0.23290172199715997
39540,"Racine, WI (MA)",-0.051376745944311186,-0.12116096685682609,-0.049589419688382486,-0.11488736515752429,-0.1350761238353494,-0.13552795495463466
39580,"Raleigh-Cary, NC (MA)",0.057354350161346046,0.20424229628209267,0.05578754526249985,0.21583578612585708,-0.11442593965132353,-0.11379146336705948
39660,"Rapid City, SD (MA)",-0.05797094566408445,-0.11213217833226807,-0.055779017902205075,-0.11282342128046385,-0.049957936004392356,-0.030335887155208963
39740,"Reading, PA (MA)",-0.037448548948143756,0.01828710969657177,-0.03452650770719601,0.028796738735906935,0.015155645491408354,0.016677926719097735
39820,"Redding, CA (MA)",-0.05701341015458161,-0.05256006835042393,-0.054628486244643004,-0.05936607599028065,0.10432626309984849,0.12656374413494298
39900,"Reno, NV (MA)",-0.0183247494288995,-0.12587769378532843,-0.01881969729076305,-0.12222783502169676,-0.24776086260710406,-0.23859086256745976
40060,"Richmond, VA (MA)",0.04715380715604711,0.26240438098457575,0.04255519553753828,0.26107223259669854,-0.07298239927292449,-0.07342372807144548
40140,"Riverside-San Bernardino-Ontario, CA (MA)",0.30736085604198493,0.26304477729762055,0.36585304037224553,0.25237726206305666,-0.24139217706354443,-0.22010040300253475
40220,"Roanoke, VA (MA)",-0.043568821845419325,0.019000058846842638,-0.04409377540087467,-0.006835807138780958,0.05056153118616691,0.06834041520244183
40340,"Rochester, MN (MA)",-0.053840981663072274,-0.028031774866599357,-0.051979423441216976,-0.028165614584087395,0.12381659345777929,0.12039598129744977
40380,"Rochester, NY (MA)",0.0266028462968817,0.3231341913115402,0.017981238050288617,0.2814693680992999,-0.008841996114249073,-0.004658077623419965
40420,"Rockford, IL (MA)",-0.03704751679978335,-0.09590232655176323,-0.03654944118015968,-0.08984883058835336,-0.15379192906770212,-0.15430660387317952
40580,"Rocky Mount, NC (MA)",-0.06112640471110975,-0.04191977286064952,-0.059360449196268705,-0.046712300634959125,0.27355629414466054,0.2541571231289017
40660,"Rome, GA (MA)",-0.0639770877946394,-0.10425794019684109,-0.06084622661385586,-0.0985282045383934,0.16430725748324537,0.16769288020968487
40900,"Sacramento-Roseville-Folsom, CA (MA)",0.1511106699245346,0.19040829127437275,0.16073118911633255,0.14694496551086744,-0.21477619669038284,-0.18927326217471452
40980,"Saginaw, MI (MA)",-0.05492759850399642,-0.05837849374600568,-0.05385218783631762,-0.05859978409083888,0.08990509321158391,0.07438286936743865
41060,"St. Cloud, MN (MA)",-0.05727790287443235,-0.03306586246668364,-0.0545973859747555,-0.03039640229076701,0.17295721264825215,0.17488402214695098
41100,"St. George, UT (MA)",-0.0538346881414451,-0.12360521919754375,-0.0512309174118325,-0.11749583381190398,-0.12876812534754545,-0.12292546378972857
41140,"St. Joseph, MO-KS (MA)",-0.06046689970723995,-0.10608172586134934,-0.05822794647165275,-0.10265462919726764,0.05029854187977101,0.04430590079759744
41180,"St. Louis, MO-IL (MA)",0.21088908780395332,0.5179176375110592,0.17930567936442432,0.5004159512431248,-0.12720860141833867,-0.1322388695291824
41420,"Salem, OR (MA)",-0.034830466521452164,-0.05904297134206693,-0.029615985278633183,-0.04356023912914353,-0.11039055561524369,-0.10469734813649745
41500,"Salinas, CA (MA)",-0.038481144334683304,-0.07936132922052441,-0.028160546304775047,-0.0576451836577514,-0.1362148628172538,-0.11972899529006442
41540,"Salisbury, MD-DE (MA)",-0.02185451893115853,0.11496749170317999,-0.03971752611426482,0.09488732706190373,0.13923693363870737,0.023543390801972208
41620,"Salt Lake City, UT (MA)",0.04587947982410845,-0.1349002968950581,0.060769568491960024,-0.12455607378675182,-0.2832935330456844,-0.2748099625938184
41660,"San Angelo, TX (MA)",-0.059104751915359355,-0.13048503168865444,-0.05675875416658904,-0.12396666977508719,-0.08259875509316739,-0.08713747308541742
41700,"San Antonio-New Braunfels, TX (MA)",0.15611799352697897,0.42764139694313497,0.15723544077246654,0.44421653459657295,-0.12893396206417185,-0.1245723614542732
41740,"San Diego-Chula Vista-Carlsbad, CA (MA)",0.2351432939410547,0.03577463415584026,0.253959556646296,0.08104281405618274,-0.2534179299464199,-0.250350325049953
41860,"San Francisco-Oakland-Berkeley, CA (MA)",0.3881996880447063,-0.08186435604437658,0.3968630470944665,-0.08089612271769098,-0.2919965735049531,-0.28272066525842965
41940,"San Jose-Sunnyvale-Santa Clara, CA (MA)",0.11150608949209628,-0.11023993838634671,0.13514070444446258,-0.09526405297997975,-0.28086087835585427,-0.272880101402709
42020,"San Luis Obispo-Paso Robles, CA (MA)",-0.04383656170366135,-0.07733972810339074,-0.04347224298796848,-0.07220043191731418,-0.07708755046034799,-0.08566146448641987
42100,"Santa Cruz-Watsonville, CA (MA)",-0.04655900679045444,-0.10661578939378624,-0.04281643758403131,-0.10215904114663399,-0.14785618829075697,-0.12998337993264508
42140,"Santa Fe, NM (MA)",-0.0573282316005298,-0.05803782374381272,-0.05669739470897961,-0.07163339984737627,0.11955765396544948,0.11998472832304041
42200,"Santa Maria-Santa Barbara, CA (MA)",-0.03163023419220501,-0.12709024904054966,-0.023313054296971836,-0.12054807578546745,-0.23976431657917063,-0.22206043370911244
42220,"Santa Rosa-Petaluma, CA (MA)",-0.02603737328012601,-0.02151996164565617,-0.02342129086232647,-0.05080874914254452,-0.14374948773266172,-0.09282576965779787
42340,"Savannah, GA (MA)",-0.03239055415644165,-0.044274426664286604,-0.033292010798632976,-0.03185366565943071,-0.07515676212441791,-0.09483881591673204
42540,"Scranton--Wilkes-Barre, PA (MA)",-0.017901470661492946,0.09480937086851893,-0.022360859980867343,0.0645006712478795,-0.01888209071885405,-0.011631727194587493
42660,"Seattle-Tacoma-Bellevue, WA (MA)",0.3259967363089791,0.2274924984865785,0.31397443023813154,0.22877172452614203,-0.23654580649354173,-0.2296614077154211
42680,"Sebastian-Vero Beach, FL (MA)",-0.04974039352078963,-0.1509765673674699,-0.05177499052201684,-0.1427374129383684,-0.22015462962569532,-0.23547094918430023
42700,"Sebring-Avon Park, FL (MA)",-0.0584238572482253,-0.12168901757183126,-0.05870767268517585,-0.12858654636810707,-0.06738061187173283,-0.059987789818799264
43100,"Sheboygan, WI (MA)",-0.06059634189975405,-0.10875142540556537,-0.05847354487988754,-0.10441463774629911,0.04981997640774183,0.03689832801499038
43300,"Sherman-Denison, TX (MA)",-0.06251834245493837,-0.0517225514711146,-0.05976204524636708,-0.05417716055861199,0.2698370391250309,0.27735188863141524
43340,"Shreveport-Bossier City, LA (MA)",-0.034288561311485166,0.006228019320262401,-0.03615398563651451,-0.00444803887882983,-0.017262234786479147,-0.019149994687597593
43420,"Sierra Vista-Douglas, AZ (MA)",-0.06094849818479109,-0.07658460930479893,-0.05889253304255959,-0.0852469714697307,0.14059795571554967,0.1591547542827909
43580,"Sioux City, IA-NE-SD (MA)",-0.05882878387891688,-0.10394068813968327,-0.05540709484360784,-0.100710366047708,-0.009125198584327476,0.015567217932966892
43620,"Sioux Falls, SD (MA)",-0.04621995188604655,-0.07050277580339681,-0.044611537886912966,-0.06326869048643002,-0.04854884204665466,-0.05464173499795255
43780,"South Bend-Mishawaka, IN-MI (MA)",-0.04084513857797223,-0.04242528430947634,-0.0403260111373579,-0.05260829886891594,-0.06330453497753452,-0.044974731760337394
43900,"Spartanburg, SC (MA)",-0.04506388402543593,-0.0016592674754757342,-0.04319575417215871,1.733759572419835e-05,0.051743822390848404,0.0534729351408505
44060,"Spokane-Spokane Valley, WA (MA)",-0.019133167203296053,0.042819717361817444,-0.01893675999461364,0.039561388603806646,-0.059306657852134737,-0.05284964444146156
44100,"Springfield, IL (MA)",-0.05021968028446688,-0.08076600052749716,-0.0506328566902593,-0.07980205751768465,-0.020597800022815194,-0.04021924668499277
44140,"Springfield, MA (MA)",-0.007447984506008587,0.07193300036703842,-0.008163990742359295,0.05538693975345388,-0.083732364642782,-0.06774564503586766
44180,"Springfield, MO (MA)",-0.03183831437481699,0.08425588026905961,-0.03340411970708512,0.08883935783574137,0.07583758458800194,0.05177745968229086
44220,"Springfield, OH (MA)",-0.0583376276660339,-0.1084803549471659,-0.05660432171765317,-0.10463146581299765,0.0006825450532796928,-0.010403559000773721
44300,"State College, PA (MA)",-0.05943024106144301,-0.07253065867569519,-0.0564090821706138,-0.0706971924980252,0.11480907228444948,0.12980124231468126
44420,"Staunton, VA (MA)",-0.06327381192464643,-0.05388563442043781,-0.06098437203763574,-0.05127128221215005,0.32863784887657355,0.30016492646725257
44700,"Stockton, CA (MA)",-0.01000907050842359,-0.08150384892532614,0.0073128626265122065,-0.06130165766089113,-0.2141576007667022,-0.1991099834280815
44940,"Sumter, SC (MA)",-0.061851615162287876,-0.04560949648878698,-0.05950966880133379,-0.0563408411794496,0.25433583511517566,0.26880825500903605
45060,"Syracuse, NY (MA)",-0.015349047955511952,0.1911646586617004,-0.018312488717781794,0.15673897677773585,0.042625333928639986,0.05206210829507407
45220,"Tallahassee, FL (MA)",-0.03787556795269453,0.03352802203564731,-0.03901495365672847,0.026806721241533937,0.04940772119782055,0.03858481431233973
45300,"Tampa-St. Petersburg-Clearwater, FL (MA)",0.29111855662563824,0.06900619902304062,0.2429181856581999,0.06459639165430531,-0.2550159437941092,-0.25154870846503297
45460,"Terre Haute, IN (MA)",-0.05838663972386626,-0.018659889900123683,-0.05657023258446303,-0.022887478130571237,0.23845744011332903,0.22827303838070212
45500,"Texarkana, TX-AR (MA)",-0.06073416677114274,-0.0518235624135851,-0.05848738410882215,-0.05479420692536807,0.22194510562376357,0.21953463930987027
45540,"The Villages, FL (MA)",-0.05404315876667232,-0.11707979788049261,-0.05657560421420704,-0.11550469194793112,-0.04640323444574457,-0.09956493477896988
45780,"Toledo, OH (MA)",-0.004835781478355505,0.05402295825018899,-0.012770242127555953,0.041751678557591765,-0.08060894161693422,-0.08924272815283718
45820,"Topeka, KS (MA)",-0.05242666833423393,-0.021055960909466265,-0.05169840457410724,-0.021249162546985945,0.1326361003485803,0.11119289625408668
45940,"Trenton-Princeton, NJ (MA)",-0.03292202029870206,-0.13919433994778785,-0.029070417137207483,-0.12933774976211343,-0.24548836021339937,-0.24067345138498086
46060,"Tucson, AZ (MA)",0.04327000643990053,-0.014217331650638765,0.031380705979999535,-0.007653634943529997,-0.20124417602216393,-0.20501555572272812
46140,"Tulsa, OK (MA)",0.01920011113920661,0.2295163718643649,0.014266266918991244,0.219946224787547,-0.03385484293822816,-0.03616988808516097
46220,"Tuscaloosa, AL (MA)",-0.05170461310456431,0.040565888898385305,-0.050923829267216614,0.02600627236728248,0.20067000088854337,0.19666623329711452
46300,"Twin Falls, ID (MA)",-0.06336418051402892,-0.10239169468459663,-0.059730033926566284,-0.09035731341348485,0.15173211089918537,0.15027130941973188
46340,"Tyler, TX (MA)",-0.05366030344701733,-0.029937657452655753,-0.051390297615165004,-0.025722210268967705,0.11817535448118743,0.11377918367571205
46520,"Urban Honolulu, HI (MA)",0.025589964115377617,-0.14881904785509115,0.03636672595431967,-0.13348408403538037,-0.28447536284858777,-0.28055488281453433
46540,"Utica-Rome, NY (MA)",-0.048681526980541734,0.0574895077027997,-0.04839864883834333,0.024595716669225887,0.15686154957517195,0.1762115956049639
46660,"Valdosta, GA (MA)",-0.06199177658267807,-0.04744968745452183,-0.059156287696231824,-0.04287686738737129,0.27537557659750744,0.26924134228202035
46700,"Vallejo, CA (MA)",-0.02991557178533566,-0.1377373453752776,-0.022275509544159577,-0.12844225859709757,-0.2527035500194963,-0.24221622516303032
47020,"Victoria, TX (MA)",-0.06299248394060564,-0.11165294279719262,-0.060269769603356615,-0.1082643414046125,0.0933282092411929,0.09570065610843614
47220,"Vineland-Bridgeton, NJ (MA)",-0.05922399457053085,-0.11050673458408755,-0.055062742368190754,-0.09924289686360377,-0.010384066293430805,-0.00090308941341255
47260,"Virginia Beach-Norfolk-Newport News, VA-NC (MA)",0.10723162049989843,0.17498912736095007,0.09870355362581584,0.16550850277386475,-0.17689289977967748,-0.17021178730720643
47300,"Visalia, CA (MA)",-0.0393705496887059,-0.03559072275345565,-0.027977261746036652,-0.0032204077496279515,-0.06516776668068036,-0.044262177822486315
47380,"Waco, TX (MA)",-0.04857972726782056,-0.045407351154705955,-0.04607192003246019,-0.03814437776845825,0.017232512662478383,0.01650895782400741
47460,"Walla Walla, WA (MA)",-0.0652210882929748,-0.14890570611001874,-0.06192964501679976,-0.14091645641286932,-0.06274439506493601,-0.06379143739658766
47580,"Warner Robins, GA (MA)",-0.05257694757238207,-0.12652139176423483,-0.04996560300631514,-0.1190022866330448,-0.14518668227733733,-0.1429245518575042
47900,"Washington-Arlington-Alexandria, DC-VA-MD-WV (MA)",0.48622188462794647,0.6200228028072508,0.49001915617790504,0.657131568402668,-0.20136279237194654,-0.19795133690029953
47940,"Waterloo-Cedar Falls, IA (MA)",-0.05603243694272453,-0.08872656282458491,-0.05434992324686594,-0.08685553569447446,0.018302452034841377,0.013904349413047745
48060,"Watertown-Fort Drum, NY (MA)",-0.06321461338757373,-0.027749248041998076,-0.060982410347659055,-0.06594380229915031,0.2891209530129719,0.35303894951191217
48140,"Wausau-Weston, WI (MA)",-0.060070437604390015,-0.018229586043420953,-0.05803253681441434,-0.030379554547853793,0.26575825684228516,0.27176277714294805
48260,"Weirton-Steubenville, WV-OH (MA)",-0.06118457065685301,-0.08355342226224305,-0.059616960701107,-0.08780606681146086,0.15728680554732866,0.14446643054372466
48300,"Wenatchee, WA (MA)",-0.06125662249085706,-0.08868469388079026,-0.05835560068903123,-0.0996820145412145,0.06667981474165452,0.12963583361595954
48540,"Wheeling, WV-OH (MA)",-0.060989634500869916,-0.03862922300515492,-0.05989132842207823,-0.04539302087140662,0.29698787293788875,0.25721591579310954
48620,"Wichita, KS (MA)",-0.008223238326983129,-0.009141253508477054,-0.010181850991366814,0.0013478523323504632,-0.12627697149106087,-0.1335234300043644
48660,"Wichita Falls, TX (MA)",-0.05728838804971881,-0.1104692173302031,-0.055316591236078794,-0.10519517218500585,-0.02785080069965129,-0.035521168951834214
48700,"Williamsport, PA (MA)",-0.06217882932257346,-0.08214939302435909,-0.06006057069208004,-0.085159918822996,0.18481187546175804,0.18085830896773492
48900,"Wilmington, NC (MA)",-0.03777235982398397,-0.09207505003366412,-0.041734381716113766,-0.09450367997569353,-0.13689833221663927,-0.14478624750134295
49020,"Winchester, VA-WV (MA)",-0.061754155689714096,-0.05540033428047575,-0.05846001546271051,-0.06345176271017072,0.19687194774206662,0.24236864558460525
49180,"Winston-Salem, NC (MA)",-0.01651775205967243,0.23008398069634173,-0.0191757527665688,0.1930941401957642,0.0758945471433452,0.08493940844382109
49340,"Worcester, MA-CT (MA)",0.009641611157516605,0.23131459392344422,0.009203917948425122,0.23920117882579506,-0.00810952867827508,-0.010804136218223293
49420,"Yakima, WA (MA)",-0.05360234931214469,-0.06049370497259565,-0.048634064026171764,-0.03147462149459557,0.06305363325695446,0.04861366864115846
49620,"York-Hanover, PA (MA)",-0.0351932137471036,0.05140535095143828,-0.03332762073675033,0.055739976060955154,0.038671845515042325,0.03984315039737174
49660,"Youngstown-Warren-Boardman, OH-PA (MA)",-0.020523060899533596,0.09420710414810496,-0.025977787250717754,0.0789383347081749,0.015112208059855137,-0.0006256117317631205
49700,"Yuba City, CA (MA)",-0.05790594250189729,-0.10295957783623333,-0.052404605135612736,-0.09701833425430362,-0.046504247338502336,0.0012673621501972931
49740,"Yuma, AZ (MA)",-0.04942793971824366,-0.12062453017144359,-0.04920329769477516,-0.11086010648333322,-0.12591182072982687,-0.14738051685795972
