GeoFIPS,GeoName,mexican,puerto_rican,cuban,other_hispanic_latino,white,black_african_american,american_indian_alaska_native,asian,native_hawaiian_other_pacific_islander,other_race_races
10180,"Abilene, TX (MA)",0.10859616185709965,0.003167067067638281,0.0011156065076095205,0.009321448747724562,0.3155654213340485,0.036652381577370594,0.0007104501800377765,0.009498347989340393,0.0001654863873180363,0.015207628351812646
10420,"Akron, OH (MA)",0.004709849899781341,0.0031816577077259474,0.0002491230867346939,0.003198028653425656,0.3923389668367347,0.05911762026239067,0.0004569629190962099,0.016625763028425656,4.982461734693878e-05,0.020072202988338193
10500,"Albany, GA (MA)",0.006302830580449839,0.0020596391110396656,0.0009042318048466825,0.0054890219560878245,0.2045372342563196,0.26279655454192286,0.0005726801430695655,0.007257297485565781,0.00013730927406931104,0.00994320084662889
10540,"Albany-Lebanon, OR (MA)",0.041898584905660376,0.0009984276729559749,0.0002751572327044025,0.005172955974842767,0.4184591194968553,0.0018278301886792453,0.0028812893081761005,0.004925314465408805,0.0005856918238993711,0.02297562893081761
10580,"Albany-Schenectady-Troy, NY (MA)",0.0030425319922294646,0.012332106894958615,0.0011165969953187533,0.010742932208201366,0.39281114147829427,0.03585133563035407,0.0005093151798188731,0.022629179585089032,0.00012635469488402642,0.02083850534085153
10740,"Albuquerque, NM (MA)",0.14500354723293934,0.003376987654753511,0.001790586256880975,0.09857311460189974,0.18834876306673615,0.011166667396549987,0.025507232413826325,0.010790595015480825,0.00022553394614336953,0.015216972414789772
10780,"Alexandria, LA (MA)",0.009888994400602508,0.0021349749500638527,0.0009659779298601788,0.005281770850388028,0.3140639837584728,0.1442843577065392,0.0030551098595238877,0.005776220570418154,3.6019516028684635e-05,0.014512590458102754
10900,"Allentown-Bethlehem-Easton, PA-NJ (MA)",0.006723799733565502,0.046500745340601425,0.002040799676455745,0.03653975480100746,0.354634689864883,0.025671418431532977,0.0002727282263224697,0.0142273224731555,0.00015559494963269103,0.01323314650284325
11020,"Altoona, PA (MA)",0.0014212389955494916,0.0027937497969658578,0.0005075853555533899,0.001843550011369912,0.4692606308676867,0.007967059740766008,0.0003614007731540136,0.002972419842120651,4.060682844427119e-05,0.012831757788389696
11100,"Amarillo, TX (MA)",0.13036048392507063,0.0014591548455867554,0.0007975967738328625,0.017670122919353277,0.29000655967440164,0.030172638703569805,0.0020014461100385382,0.0163842776531274,0.0006354684576565564,0.010512250937362563
11180,"Ames, IA (MA)",0.013430587933700241,0.0009252805883342546,0.0003364656684851835,0.002843936007434289,0.42600158619529427,0.010498529965472214,0.0006008315508663991,0.030057599718009725,0.00019226609627724772,0.015112916276126159
11260,"Anchorage, AK (MA)",0.020594613273503076,0.006483002463991666,0.0019256195035958251,0.012994801578557263,0.30950765239688294,0.020652206574650934,0.03289328712514273,0.03697489933692582,0.010911426510947736,0.047062491235802
11460,"Ann Arbor, MI (MA)",0.014008076728924785,0.0022796352583586625,0.0010538949810433157,0.007600126735906001,0.34601721675062025,0.05752118530293104,0.001044497191403439,0.04540743445712997,0.00015304971699227772,0.024914882876690258
11500,"Anniston-Oxford, AL (MA)",0.012282585355379,0.003963925273781405,0.00045952329826068285,0.0032639038007300837,0.35676615847111876,0.10517500536826282,0.0008030921193901653,0.003727721709254885,0.0007945028988619282,0.012763581704960275
11540,"Appleton, WI (MA)",0.017181114218111422,0.0015718847725730927,0.00011582308850538578,0.004246157155384947,0.43637589556066647,0.006088985224283138,0.005127239935800916,0.01629382662938266,8.89355858166355e-05,0.012910137829475322
11700,"Asheville, NC (MA)",0.0208126592175411,0.0032079783829297315,0.0013789903728429111,0.01082894075496501,0.4220655643335524,0.02133246555746008,0.0013134775903324613,0.00550414771091894,0.00036622719403382606,0.013189548885423513
12020,"Athens-Clarke County, GA (MA)",0.023517200751802362,0.004196160571519407,0.002078209887510169,0.014615262336010772,0.3262298607669506,0.09794002412500116,0.0004090964345492459,0.016380221239351803,0.00016130087990798837,0.014472663007396464
12060,"Atlanta-Sandy Springs-Alpharetta, GA (MA)",0.027725796426389483,0.005619378588801165,0.002008716495534729,0.019516872654409503,0.22752472566401635,0.1685754672431204,0.0005937710209211159,0.030823577081716232,0.0001943009265051353,0.01741739389858587
12100,"Atlantic City-Hammonton, NJ (MA)",0.024815146148649884,0.033543899366476185,0.001776422690011502,0.03684297007649755,0.2775016887882716,0.06608000292114728,0.0009201613933872529,0.03888412173881292,0.00021726032899421248,0.01941832654775163
12220,"Auburn-Opelika, AL (MA)",0.008965120802680245,0.002691278168421175,0.0011148336749446939,0.006236100869221881,0.33547203335210746,0.11033369526718266,0.0006503196437177381,0.02147216109346603,0.0,0.01306445712825813
12260,"Augusta-Richmond County, GA-SC (MA)",0.012119182520862372,0.007323840289102856,0.0009635116254959493,0.008507042438943313,0.26677094424139297,0.1739611600317934,0.0004665338101248533,0.009315865605350245,0.00014070067289479704,0.02043121876403921
12420,"Austin-Round Rock-Georgetown, TX (MA)",0.13142572617822137,0.004782258425457638,0.002461621089379224,0.02483551895448239,0.2534491787136911,0.03443830282415074,0.0006829879604350356,0.030601978248220918,0.0002504139999104865,0.017072013606051113
12540,"Bakersfield, CA (MA)",0.2492226526096347,0.002798008930661496,0.000555405876922941,0.0211197777493143,0.16088551351303604,0.025357093957449065,0.002207269081449223,0.023307171471350772,0.0005879793826271692,0.013959127427554315
12580,"Baltimore-Columbia-Towson, MD (MA)",0.006870064079948203,0.005019848535740934,0.0012367666148439486,0.017914611997517302,0.2764465922303988,0.1432169748244507,0.000777516999813551,0.02864864655296685,0.00018803504959226177,0.019680943114727463
12620,"Bangor, ME (MA)",0.0028677296647417073,0.0020793503754656367,0.0002365137867828212,0.002440690883050502,0.4633994914953584,0.004447773156999166,0.005433247268594254,0.004214544283921661,3.284913705316961e-05,0.014847809948032665
12700,"Barnstable Town, MA (MA)",0.0034175360398697916,0.0034943099560414493,0.0006098042484491669,0.009612094304691544,0.4360056505602302,0.014227303436839195,0.002375604320397294,0.007844100692281369,4.1677268778899895e-05,0.022371919172421054
12940,"Baton Rouge, LA (MA)",0.006901575329519103,0.0013629112937802838,0.000712286832605679,0.012466748422134832,0.2786153743309345,0.17464397184046618,0.0008050685316748653,0.009859064022830061,6.857777757287686e-05,0.014564421618481654
12980,"Battle Creek, MI (MA)",0.02068073945472293,0.001449253764706759,0.00041354027733277697,0.00533876772448531,0.38354929325594045,0.04936031652596362,0.001449253764706759,0.012756413599886742,3.353029275671165e-05,0.02496889133949794
13020,"Bay City, MI (MA)",0.025679961556943777,0.0002402691013935608,0.00037001441614608363,0.002051898125901009,0.44721287842383467,0.006506487265737626,0.001071600192215281,0.0026333493512734263,0.00025468524747717443,0.013978856319077367
13140,"Beaumont-Port Arthur, TX (MA)",0.06865758285501754,0.0021197515103386576,0.0008984127622360049,0.012656939516088499,0.27087333259617413,0.12033830580713906,0.0008506649510961892,0.013335461042812195,0.00022240427820387811,0.010047144680893839
13220,"Beckley, WV (MA)",0.001758848126912963,0.0016855627882915894,0.0011251454929516748,0.00303487519937923,0.44416950467732896,0.03280165538647239,0.00039229210673794024,0.0024442815881363968,8.621804543690995e-05,0.012501616588351942
13380,"Bellingham, WA (MA)",0.03586555205693595,0.002540829187691787,0.0007860759888301497,0.010372640101900388,0.38771806371446516,0.004504905737686665,0.010626500336253468,0.02099245990567088,0.0012381253535115105,0.025354847617054064
13460,"Bend, OR (MA)",0.032770152438398883,0.0007437270470445825,0.00024619929833199973,0.007824521450113867,0.43020506349890236,0.002231181141133748,0.002733838041894914,0.005388174227036786,0.000648837734145791,0.017208305122997068
13740,"Billings, MT (MA)",0.020549517205200086,0.001117504658546315,0.0003879845024781827,0.006721421662650207,0.42998792329928903,0.0021284501931725657,0.017770783127592255,0.0034618053847877287,0.00018033082509549337,0.017694279141188107
13780,"Binghamton, NY (MA)",0.002615735683247154,0.0095809158513987,0.00047742739462206365,0.007570056401168483,0.4235873408912518,0.020853057558323018,0.0005806002637988655,0.019366154443716165,0.000184092766570372,0.01518461874590343
13820,"Birmingham-Hoover, AL (MA)",0.01515909162578442,0.002068213659850707,0.0006946603057045936,0.0055680942791885716,0.3060798544006415,0.15012275936011965,0.0007059226323210754,0.007397546614769866,0.00012208362052266205,0.012081773501096951
13900,"Bismarck, ND (MA)",0.0074060952352236155,0.0028795199794966115,2.261403125259119e-05,0.005050466979745366,0.4348150549144059,0.009822027574042108,0.019376455778261886,0.0037727742139739636,0.0009384822969825344,0.015916508996615432
13980,"Blacksburg-Christiansburg, VA (MA)",0.0064397313368160045,0.0015768314114446664,0.0002467560605695852,0.006409639134307518,0.4289252268952069,0.022758732757167964,0.0010020703435325838,0.02085088711812995,0.0008034618069765763,0.01098666313584824
14010,"Bloomington, IL (MA)",0.01909538946079146,0.0016680761715902133,0.0004578460820623487,0.004593041906039486,0.39436003616109183,0.04094952028228981,0.0006240704558047301,0.025616050858825932,3.499460499839608e-05,0.012600974016505789
14020,"Bloomington, IN (MA)",0.00928970886052431,0.0017836241012206678,0.00025701527847450597,0.005214623240374313,0.4238150976348401,0.014705609126209985,0.00040255405062272016,0.02873616607522187,4.0255405062272014e-05,0.015755346227449233
14100,"Bloomsburg-Berwick, PA (MA)",0.006597685402170386,0.00422420112725481,0.00024035283796613427,0.004266262873898884,0.45991515544819794,0.008346252298374013,0.0001982910913220608,0.007901599548136665,0.0012378171155255915,0.007072382257153501
14260,"Boise City, ID (MA)",0.057615939914929214,0.002283296632736932,0.00035701487606388437,0.010162268589751276,0.3939812354046857,0.004733111397966347,0.00230527702622594,0.009453567417863266,0.0008925371901597109,0.018215751549617742
14460,"Boston-Cambridge-Newton, MA-NH (MA)",0.0035490418421711594,0.014099567795799293,0.0012919302202958859,0.03903864593660869,0.34227966848736674,0.03646638965967228,0.0004704775825880542,0.04122470750382225,0.00016459590026933875,0.02141497507140632
14500,"Boulder, CO (MA)",0.049301366237416835,0.002745556153848494,0.0013765807862786078,0.016404888154712468,0.38336938301801265,0.0040445616692981416,0.0014800144807172214,0.023331903514616094,0.0003452860093759602,0.017600459975723504
14540,"Bowling Green, KY (MA)",0.01306068453682216,0.000980952701263467,0.001101469747418693,0.008556710277021044,0.4077399970851691,0.03258724873597238,0.00059697978676891,0.01758147512864494,0.0016508032601262345,0.016143678740793057
14740,"Bremerton-Silverdale-Port Orchard, WA (MA)",0.026101174781742544,0.0039019013300521472,0.0006756459834768852,0.01066934727837347,0.3764959424620613,0.012694454209878712,0.004575716294603621,0.024196915099314466,0.0047075496572332575,0.03598135290326361
14860,"Bridgeport-Stamford-Norwalk, CT (MA)",0.01286742795725007,0.028092542600418633,0.0025908415111778396,0.05908958791191557,0.29886266448916093,0.05348393950102776,0.0004553315085221748,0.026988977945435498,0.00018087795860926805,0.01738780861648227
15180,"Brownsville-Harlingen, TX (MA)",0.42990317533539096,0.0016192926473175859,0.0004470293945605083,0.017964399339918297,0.04255577167260328,0.0019569425091664804,0.00046961864588138504,0.003352720459203812,0.00014980240349634055,0.0015812475924613723
15260,"Brunswick, GA (MA)",0.013465393542941548,0.004875325314764015,0.0007385524372230429,0.009069248083280579,0.33766793275655904,0.11105982274741506,0.001292466765140325,0.0066997256805233175,0.00033850320039389466,0.014793029471759162
15380,"Buffalo-Cheektowaga, NY (MA)",0.002950479259335084,0.016852569798619037,0.0007384800128685626,0.006169770404542534,0.381946421705205,0.05677177999919141,0.002248557662945163,0.0169175147502458,0.00010967524943592514,0.015294751157611506
15500,"Burlington, NC (MA)",0.042376688240683275,0.003974938676596625,0.0005437834323373822,0.01864822531548305,0.31066879451488016,0.09777167006531312,0.0008600053196205338,0.008307474066849898,0.00013594585808434555,0.01671247451015161
15540,"Burlington-South Burlington, VT (MA)",0.002952913719691436,0.0015677611302132512,0.000852915501238175,0.006173059450214676,0.444636208155921,0.010045696673852238,0.001028843241702446,0.015782277173041634,0.00012916213856870536,0.016831162815556466
15680,"California-Lexington Park, MD (MA)",0.009548710791544842,0.003997032038088845,0.0003356623589997262,0.013439744189949563,0.36354441784663766,0.06980893745196937,0.0001987474494077326,0.012476923212818769,9.716541971044704e-05,0.026552659240873074
15940,"Canton-Massillon, OH (MA)",0.004554532369801134,0.002213766690406347,0.00024030200857616703,0.0038809396929114642,0.43116903814451985,0.034120395041561044,0.0004544571664782433,0.004055252030738736,4.23329963294802e-05,0.019268983858677518
15980,"Cape Coral-Fort Myers, FL (MA)",0.027212326736687623,0.023150517579903516,0.02855031099991891,0.03412757178122728,0.3260241594893194,0.03886136409257017,0.0004220665708653096,0.00824924127718009,0.00020671291895923036,0.01319572855336849
16020,"Cape Girardeau, MO-IL (MA)",0.007299757530925081,0.0008424772942095097,0.0002619898902724695,0.0031695639666296798,0.42487054617186537,0.040361854271976326,0.0004726092138248469,0.006195290346443102,0.00041096453376073645,0.016114946780092877
16060,"Carbondale-Marion, IL (MA)",0.012982076983269367,0.0012035622461526996,0.00019376234303387116,0.003204531057867869,0.4124529567388307,0.04364124156947498,0.0009427283228378731,0.010358832954503112,0.00010060737042143309,0.014919700413608078
16180,"Carson City, NV (MA)",0.10230860810600963,0.0007246751902272374,0.0011819107269182324,0.020152871956795555,0.32462860396500853,0.009705471297686216,0.00825612091723174,0.01263868040098694,0.00025881256793829907,0.020144244871197613
16220,"Casper, WY (MA)",0.03490715779395833,0.0005857751127459626,0.00044720465596734775,0.008717341462800132,0.4291023153863596,0.003539845304980978,0.003942959361064221,0.002324204479604948,0.00018895971378902018,0.016244236728729437
16300,"Cedar Rapids, IA (MA)",0.011816981386026243,0.000660237685566804,0.00021826039192291043,0.0034376011727858392,0.42958374105587105,0.02494716279678866,0.0005383756334098457,0.01001633315266223,0.0006293174633777251,0.018151989261588716
16540,"Chambersburg-Waynesboro, PA (MA)",0.010578950074553962,0.007799244177078513,0.0006298524345724716,0.012356033729240578,0.4327953879376832,0.017047791660239602,0.00017353077279037482,0.0038112499357293435,0.0,0.014807959278111986
16580,"Champaign-Urbana, IL (MA)",0.018683341769430272,0.002826465753179214,0.00029115732798201097,0.007729107222045537,0.3411468015247685,0.06004112037339807,0.000210529144848531,0.049572894596567926,0.0001522976792521288,0.019346284608527775
16620,"Charleston, WV (MA)",0.0022812317884857223,0.0007859706162009631,0.0005789344538846119,0.001334233046038708,0.45103403061068,0.024064119866269974,0.0006536975124988498,0.004428273471766402,0.0003661472870594731,0.014473361347115295
16700,"Charleston-North Charleston, SC (MA)",0.013510656613480655,0.004143394621309176,0.0005557440387273841,0.011421869224186386,0.31916038342540876,0.12266562185099476,0.0010171761619987543,0.009475499156889455,0.0008886840892633796,0.017160970817741275
16740,"Charlotte-Concord-Gastonia, NC-SC (MA)",0.022844783912737754,0.005303811171523669,0.002036924033303851,0.022810120969861524,0.29801903186019635,0.11216547403288485,0.0009964643798266244,0.019758448806642487,0.00016322056068643294,0.015901720272336457
16820,"Charlottesville, VA (MA)",0.009485568498560935,0.0031777448906401794,0.001995169827766227,0.012942500976021645,0.3739865263616637,0.05686574481800601,0.001057735085027374,0.02291381047929472,0.00024060068457704216,0.01733459837844218
16860,"Chattanooga, TN-GA (MA)",0.010905404922659236,0.002630121816168328,0.0006171185653556247,0.010232022291287108,0.3873057550101811,0.0642357017825885,0.0005813953488372093,0.008052906083663772,0.00017415068052727467,0.015265423498731825
16940,"Cheyenne, WY (MA)",0.05609829337870977,0.0014964216005204944,5.5052299684700464e-05,0.01883289124668435,0.38660227215855064,0.010740203193033381,0.0031529953455782995,0.005520244232020419,0.0002552424803563385,0.01724638406486162
16980,"Chicago-Naperville-Elgin, IL-IN-WI (MA)",0.08756497775588795,0.010954638414914853,0.0013602615649034406,0.012795815777556173,0.2592463491043808,0.08031189739158474,0.00040384228876159993,0.03394055045993786,0.00011740569632038267,0.013304261545752157
17020,"Chico, CA (MA)",0.07362862807732555,0.0020033595858346643,0.0005255089864331479,0.011003561528152595,0.35145536156854107,0.00894283196563309,0.0033297534467881993,0.024363881698518476,0.0011864111178425216,0.023560702024930696
17140,"Cincinnati, OH-KY-IN (MA)",0.007788742203126191,0.002070329260995157,0.0007331812760072164,0.006752352262079223,0.3918794882568465,0.059214803177252535,0.0002900644246008495,0.013760905820848905,0.00017377131427700663,0.017336362003966443
17300,"Clarksville, TN-KY (MA)",0.023707639514840995,0.01205465154893496,0.0011385739361449785,0.00976801556051046,0.32410297768711355,0.08904755127536094,0.0011891772221958663,0.00976801556051046,0.0022312886443063397,0.02699210905008144
17420,"Cleveland, TN (MA)",0.01804989349565606,0.005544608167726391,0.0009054863698373316,0.005660287043168165,0.42715820881233696,0.020495105586890792,0.0011009437800665353,0.004938291303341923,8.37674615268016e-05,0.016063407979449048
17460,"Cleveland-Elyria, OH (MA)",0.007132775747411083,0.017729035117934507,0.0005677724036226134,0.00558633354793707,0.3437935064299565,0.09597848269721396,0.0005063656713338981,0.011590760589543008,9.97859399691623e-05,0.017015181855078193
17660,"Coeur d'Alene, ID (MA)",0.018512687369665572,0.0014229103417955405,0.0001396175074413161,0.005142083093211024,0.4415685878431769,0.0013664692217660724,0.004761848179328291,0.0038231432356802936,0.0004931171539416696,0.02276953605399336
17780,"College Station-Bryan, TX (MA)",0.10907458371137824,0.0021722680059182067,0.0016922607775740623,0.01572729565809932,0.27602674487333456,0.0571058011226522,0.0003689467323743228,0.025472383584129267,0.0003011810060198554,0.01205853452851996
17820,"Colorado Springs, CO (MA)",0.05454724269846643,0.006966680627235419,0.0018144279132874732,0.02441181626107423,0.34114991376115117,0.028074792966549494,0.0015153684452788078,0.012830788540201754,0.0011995830562405749,0.027489385730514636
17860,"Columbia, MO (MA)",0.010650218869507996,0.0009489113745386574,0.00028848813145521997,0.004904298234738739,0.3963660032234376,0.04269147505650553,0.0011253421326187093,0.019281020818829455,0.00043392429689958703,0.023310317861468477
17900,"Columbia, SC (MA)",0.014228230504599653,0.00536192380207381,0.0011467348330090105,0.00843219430798125,0.27590900229225873,0.16665617208530156,0.0008137336935396568,0.01104110687156933,0.000546727325346957,0.015864174284320007
17980,"Columbus, GA-AL (MA)",0.013009086247186457,0.008908145687026534,0.0012083265521699211,0.01358638076258149,0.22333467421243824,0.20680654799374804,0.0007323656485197616,0.010449644871751566,0.0006018602394543953,0.021362967785123612
18020,"Columbus, IN (MA)",0.02723247593537103,0.004892427744957742,0.0002629679912914786,0.005265475360510769,0.40061644589586465,0.008029697036411893,0.00044031849704619677,0.039854939517362006,0.0,0.013405252021184212
18140,"Columbus, OH (MA)",0.01051293769552599,0.0037635219177565866,0.00032886057819154954,0.007755078964230523,0.3559324469488523,0.07818471787720026,0.00043369077682710793,0.022700096113979874,0.00011778674003995327,0.020270862387395876
18580,"Corpus Christi, TX (MA)",0.2936055462654609,0.0024680597071488463,0.0009865133090474995,0.021169178150328996,0.14930813796501136,0.016195161466055888,0.0005909605536791144,0.009551296323491096,0.0002581751517075089,0.0058669711080688025
18700,"Corvallis, OR (MA)",0.028631941436825927,0.0014788680321548163,0.000364435336495294,0.00896827828071028,0.3957556487477157,0.0054084316604519,0.002091541931190383,0.03646994200724645,0.001172531082637033,0.01965838148457224
18880,"Crestview-Fort Walton Beach-Destin, FL (MA)",0.015870966372583006,0.008613797641199069,0.0031448320751646702,0.017038339358864604,0.3749142157729778,0.04010633706656856,0.0008507672824264378,0.013113489879229959,0.0004545679658702589,0.02589268658511564
19060,"Cumberland, MD-WV (MA)",0.001640046380929499,0.0020840079808626434,0.0002507077270210699,0.004476177542855352,0.4411150226159262,0.03399178932194006,0.00042829236699432776,0.0034837927900636173,2.0892310585089157e-05,0.012509270962822134
19100,"Dallas-Fort Worth-Arlington, TX (MA)",0.11805214931316897,0.004051123242489401,0.001592530629668025,0.02269704136363998,0.2224343593156347,0.07844635135099307,0.001085527100727264,0.03645063062250939,0.00041447157360002335,0.014775815487569167
19140,"Dalton, GA (MA)",0.12134346423748854,0.0034982403850863015,0.003491243904316129,0.023791532858971936,0.3191479685718084,0.0132793205017876,0.0005492237404585493,0.006282839731614998,1.7491201925431507e-05,0.008598674866542129
19180,"Danville, IL (MA)",0.021813669899803878,0.0009005643536616279,0.0006003762357744187,0.003155310661347778,0.3882499699811882,0.07171827678678638,0.0005003135298120155,0.004662922097847985,6.670847064160206e-05,0.008331887983136098
19300,"Daphne-Fairhope-Foley, AL (MA)",0.012845010148328498,0.0023422606337311948,0.0013538442572788392,0.006868283061317038,0.4128630614050922,0.04347491095447121,0.0023686771070439527,0.0047879857879373575,1.9812354984568378e-05,0.013076154289815128
19340,"Davenport-Moline-Rock Island, IA-IL (MA)",0.04009191391857937,0.0016482014294827564,0.0003515121532072229,0.003520329119527151,0.388108474046686,0.03651690513077554,0.0006040801447709312,0.01166759969275234,0.00017575607660361145,0.017315228287615055
19430,"Dayton-Kettering, OH (MA)",0.00741667262581404,0.0020571387708703723,0.0004000848253805429,0.005345971657473141,0.376336801146129,0.07538547463992366,0.0005733110748904545,0.011111754973011227,0.00013808782879081913,0.02123470245771677
19460,"Decatur, AL (MA)",0.02423938804215881,0.003070065576086887,0.0007354027373680931,0.008587191789180267,0.3751517370276884,0.0615426116110137,0.007065004463798275,0.0019364534962138,0.0008863369236401472,0.016785808332851627
19500,"Decatur, IL (MA)",0.007730204828861987,0.001073506436246178,0.0009057710555827127,0.0024249743604489557,0.37677200448572334,0.08072385005415457,0.0007907525088420508,0.00643624617802954,0.00029713124574671,0.022845558846363977
19660,"Deltona-Daytona Beach-Ormond Beach, FL (MA)",0.014167663893545969,0.03322915896425225,0.005279392036168778,0.019224471872165826,0.35292626356065077,0.051687036251775016,0.0007658400624140787,0.00936890251723706,0.00015543157916975391,0.013195839262620516
19740,"Denver-Aurora-Lakewood, CO (MA)",0.08768875578249477,0.0030177088636259156,0.0011366635281858843,0.024948879085629448,0.31425034860973244,0.027120389966169108,0.0016706025372318599,0.021219308296996763,0.0006175372403730082,0.018329806089560776
19780,"Des Moines-West Des Moines, IA (MA)",0.027698722002860252,0.0016117407084536976,0.000419494156994798,0.0072766923633545855,0.4000898814305819,0.026653191574221264,0.0006203385581366197,0.02067486567640406,0.0002556848936521774,0.014699388635340638
19820,"Detroit-Warren-Dearborn, MI (MA)",0.01589360486552987,0.0028546610958394025,0.0005117695590431027,0.00438666140979166,0.32645250833251194,0.1084821412274073,0.0010227405476641587,0.0229691669678418,0.00015458041741047798,0.017272165576960284
20020,"Dothan, AL (MA)",0.011197410140950147,0.002551224321227785,0.0010058351762542964,0.0029042658069329355,0.34302976206336094,0.11942460898990168,0.001205669979483627,0.00398337374437132,0.00015320668247582,0.014544643095041433
20100,"Dover, DE (MA)",0.0074578793633869765,0.017447994757827164,0.0006413887315496618,0.01208365263941181,0.29822910072302,0.12604815690978355,0.0018547518297626585,0.010348293517253634,9.718011084085786e-05,0.025791601417163672
20220,"Dubuque, IA (MA)",0.007614984749764407,0.001261564339781329,0.0007397124241288113,0.003739094308267553,0.44918276976704125,0.014697984536970422,0.0006839806661465036,0.006095027713883288,0.0031463110642739166,0.01283857042974252
20260,"Duluth, MN-WI (MA)",0.005039045739294602,0.0005492147944735262,0.00032781258045138593,0.003233502102462885,0.4520432506650648,0.007898395263022398,0.009746846305672359,0.005037329443061873,7.036814554192053e-05,0.01605423496095426
20500,"Durham-Chapel Hill, NC (MA)",0.029568289892519983,0.004013573146339375,0.0014623819937893516,0.02161663644358661,0.2736475495956852,0.12721011137140145,0.0011604106188078357,0.02252566367548973,0.00033076761434830995,0.018464615648032128
20700,"East Stroudsburg, PA (MA)",0.007485368290826037,0.0425628092881614,0.0012639179672630377,0.03492279691663495,0.31732965359725923,0.06533415017129805,0.0006869765892653217,0.012264465169394747,0.0,0.01814986200989722
20740,"Eau Claire, WI (MA)",0.008151014419901452,0.001294693219080797,0.00034778440873727955,0.00222406668108462,0.45143877533127197,0.006359486331195969,0.0012713127546278707,0.013972750068680114,0.0013385315899300339,0.013601585195489908
20940,"El Centro, CA (MA)",0.4090563229307252,0.0018966848281875691,9.441769276482775e-05,0.014437576020127631,0.04862511177388629,0.012349278815446734,0.0035628794063904115,0.006198243830914574,0.0002832530782944832,0.003496231623262298
21060,"Elizabethtown-Fort Knox, KY (MA)",0.012296539637990907,0.007999379191267291,0.0007986445676002509,0.00534477518317091,0.39774762831663835,0.04569734280928885,0.000679009551401023,0.007482038580676035,0.0013159851781915065,0.020638656983774904
21140,"Elkhart-Goshen, IN (MA)",0.05634857547233828,0.00741830413835222,0.0013353432147115562,0.018527584167821864,0.36863954942466337,0.02552904795602819,0.0007367410839787896,0.004793664026677783,0.00026658394486074626,0.016404606570567193
21300,"Elmira, NY (MA)",0.005109169271573364,0.00712205171923842,0.00029009188216349343,0.0042388936250828835,0.4264350667803353,0.028932225063938617,0.0006571469167377096,0.0073411006914843235,0.0,0.019874254049445865
21340,"El Paso, TX (MA)",0.390693754507662,0.00468796849296197,0.0009330788011673904,0.01802891155084411,0.05745091206716315,0.014254920369943748,0.0013290005753600052,0.005272589826199602,0.0006824441107793755,0.006666419697918632
21420,"Enid, OK (MA)",0.06170562687615763,0.0006865938557833557,0.00019959123714632433,0.004183432330586958,0.3636632177300888,0.010897681548189308,0.007863894743565178,0.005500734495752699,0.019312448106278343,0.025986779076451427
21500,"Erie, PA (MA)",0.0048454779829571575,0.013037737722643737,0.00028686700771966475,0.004646877746843543,0.4155158273354836,0.033353806320636406,0.0008275009838067252,0.00934340555271549,7.355564300504223e-05,0.018068943704188625
21660,"Eugene-Springfield, OR (MA)",0.032914446091261707,0.0019958899645759094,0.0008054513155266837,0.011280260267204861,0.40349431848044315,0.004911544889785879,0.0029787245225105907,0.012959488295333901,0.00109846215298582,0.02756141402037148
21780,"Evansville, IN-KY (MA)",0.008274540684088207,0.0009691621529427142,0.000564281911417304,0.003025443694548144,0.4282549023983575,0.03565337150471988,0.0003108332562891929,0.006766600886910891,0.0006200724958794669,0.015560791014846672
21820,"Fairbanks, AK (MA)",0.022944137356020133,0.0075502578513417535,0.0008800914059846215,0.00988172806719575,0.341846030324553,0.021724361547725658,0.0352757105065415,0.01649528044550124,0.0029233445532120764,0.04047905794192426
22020,"Fargo, ND-MN (MA)",0.01179794085503313,0.0016675606028221496,0.00011291825121891219,0.0034581214435791857,0.4216085204886134,0.028402972976242807,0.00528094464182734,0.014070420660813737,0.0003790827005206338,0.0132215173793287
22140,"Farmington, NM (MA)",0.06459906274407706,0.0013342879458474355,0.0008176581619369956,0.04026864748763343,0.18279744858109867,0.003242156990367092,0.188386813329862,0.003148594116115595,0.00016271804217651652,0.015242612600885186
22180,"Fayetteville, NC (MA)",0.0271912494579097,0.01903917505902761,0.0016681925504746303,0.01579434298655616,0.23010745434395027,0.15980822049824123,0.008100033730063124,0.009993735845419939,0.0013925697489519588,0.026905025779405387
22220,"Fayetteville-Springdale-Rogers, AR (MA)",0.057975553048620704,0.0026084306112852955,0.0008781499564177429,0.022595867026723636,0.3404313249563713,0.012120327916991133,0.003951210174273273,0.016514794735932408,0.007447083334107716,0.03547725823927681
22380,"Flagstaff, AZ (MA)",0.05074788536104097,0.0013798622897434837,0.0015695933545832126,0.019093844434325453,0.26514743828565907,0.006785472809813581,0.1253432407445737,0.008586193097928827,0.000676132521974307,0.020670337100357386
22420,"Flint, MI (MA)",0.013186515748031495,0.0016756889763779527,0.0012057086614173228,0.0024544783464566927,0.3579601377952756,0.09603715551181102,0.0013053641732283464,0.004781003937007874,2.706692913385827e-05,0.02136687992125984
22500,"Florence, SC (MA)",0.008136157322292474,0.0017313623205735668,0.00014697895958825963,0.0033755337329168097,0.2584039579689999,0.21147033765302004,0.0010662202492165275,0.005433239167152445,0.00010712025868296888,0.01012909236755701
22520,"Florence-Muscle Shoals, AL (MA)",0.01038759483384511,0.0008592495886925418,0.0011156922953953548,0.002451192625107406,0.4076739647374626,0.061050016319081336,0.0015286649659297547,0.0024212188022460384,0.0004296247943462709,0.012082781037893573
22540,"Fond du Lac, WI (MA)",0.020045240157859273,0.0009866204639522572,0.00017326017903551835,0.007002598902685533,0.44135624217922803,0.008499374338242372,0.0014245836942920398,0.007204735778226971,0.0004235248820868226,0.012883819424391183
22660,"Fort Collins, CO (MA)",0.043938026898243436,0.002227422674598923,0.0009558180844164998,0.012972622437759044,0.406627287337525,0.004533791975639327,0.0018947190345955395,0.01015169030366256,0.00045112357966560463,0.01624749767389404
22900,"Fort Smith, AR-OK (MA)",0.035735111219850346,0.0015841947519725976,0.00042816074377637775,0.01597447346422819,0.3620139865842967,0.019340632454584377,0.021589495789752687,0.014174159479682754,8.359328807062613e-05,0.02907619222378535
23060,"Fort Wayne, IN (MA)",0.027755135409378028,0.002174869616025507,0.0003642816438119008,0.006524608848076521,0.37096615186336673,0.051147306840560056,0.00052898984579946,0.020905919155924567,0.00019356219357662057,0.019439174583480608
23420,"Fresno, CA (MA)",0.24801525195633753,0.002416886806559338,0.0006080845337187858,0.018781837212779744,0.1395304789911778,0.021195733439665056,0.00216318596421273,0.051969296715346655,0.0007780491451926431,0.01454119523500972
23460,"Gadsden, AL (MA)",0.011481810801407198,0.0021117640236594888,0.0007296942049715854,0.00701666215641551,0.3853655236401593,0.07659856187420265,0.0009181582711562995,0.003344029071790312,9.664823906908416e-06,0.01242413113233077
23540,"Gainesville, FL (MA)",0.00831197483364157,0.013692235417248946,0.009571184757464572,0.018801921967638156,0.31851618389519565,0.08675763107973906,0.0009767425265073352,0.02496714458168065,0.00021705389477940783,0.018187927046104627
23580,"Gainesville, GA (MA)",0.10854077529833468,0.0039017763741739093,0.0031952920878717717,0.029136899302439727,0.2976257170195783,0.0341021204444158,0.0004214116795486433,0.009243789135511122,5.205673688542064e-05,0.013780161921240637
23900,"Gettysburg, PA (MA)",0.020624963866566457,0.00717850879728662,0.0012815324430055309,0.007294135784625465,0.4417818118748916,0.006836445626409204,0.0003613343354338903,0.0037723304619298142,2.4088955695592685e-05,0.010844847854155827
24020,"Glens Falls, NY (MA)",0.0022406364980030818,0.005019811943771817,0.00024764929714770907,0.006603981257272241,0.4603485958677946,0.009481430233655146,0.0006879147142991918,0.0035103305135381615,0.00011006635428787069,0.011749583320230196
24140,"Goldsboro, NC (MA)",0.03793800768106583,0.0038447812935458654,0.0004928117459130613,0.020154301056996227,0.2604977398633722,0.15179876287258268,0.0006202630595112667,0.005416680827923733,0.0007647078815892329,0.018471943717499915
24220,"Grand Forks, ND-MN (MA)",0.017925558407723842,0.0022700279682770774,0.0008907704685644229,0.00542124822803724,0.41645913949657104,0.017465805907819622,0.010698823799854412,0.011867361403777633,0.0018102754683728592,0.015190988851001877
24260,"Grand Island, NE (MA)",0.07348496691157314,0.0010812359960398104,0.008265593246834454,0.04084596946485332,0.34886144546923037,0.011906622896149237,0.001654421343338023,0.004950237090302746,0.0005731853472982127,0.0083763222343807
24300,"Grand Junction, CO (MA)",0.041238646281152015,0.0021269030610595726,0.0005656657077286098,0.03083686200989107,0.401231535055112,0.0034327827520444776,0.0028347932895885185,0.005672818954649772,0.00033939942463716586,0.011720593464136795
24340,"Grand Rapids-Kentwood, MI (MA)",0.03380898891985966,0.004712642084194274,0.0016044708851631513,0.009538997748840908,0.3866895018328225,0.031514378296422646,0.0009374436632413918,0.012895397373493642,0.00011417583077940028,0.01818400336518238
24420,"Grants Pass, OR (MA)",0.02860775950550829,0.0021782268549141253,3.99151517916201e-05,0.008541842483406701,0.426037223730128,0.0029366147389549074,0.003187509978787948,0.004584540291494651,0.0002394909107497206,0.023646876354264077
24500,"Great Falls, MT (MA)",0.016061203639905913,0.0025838104968043908,0.0013245741167525957,0.004395447741690228,0.4196702226234883,0.007282187745016513,0.019215234384280928,0.004205374325833353,0.0001366152676471287,0.025125329658580626
24540,"Greeley, CO (MA)",0.12268162419670993,0.002550988760141925,0.0008792769768999826,0.024035121454978537,0.3215021214301665,0.006012269558097412,0.0010002357144629432,0.008166265538545518,0.0005396620598962856,0.012632434310100984
24580,"Green Bay, WI (MA)",0.030432652561315412,0.0045408616307909,0.0002526103065005052,0.005121099849964787,0.409640527878992,0.010992375761658348,0.008054441348479746,0.01336538167120855,6.123886218194065e-05,0.017538810128907806
24660,"Greensboro-High Point, NC (MA)",0.028685417965120873,0.004813080903037378,0.0010929691053202394,0.009651429023091644,0.2842438817701564,0.13412227518979566,0.001361190332114892,0.0193825469613904,0.00019501108518161947,0.016452197664790846
24780,"Greenville, NC (MA)",0.023994724501758498,0.0035609613130128956,0.001271981242672919,0.004015240328253224,0.26704572098475965,0.1755158264947245,0.0007678780773739742,0.008645955451348183,0.000287221570926143,0.014894490035169988
24860,"Greenville-Anderson, SC (MA)",0.015471058610316652,0.0042372512160110485,0.0014044301357270907,0.015442741290790554,0.3592808925619115,0.07749905790456192,0.0006768928494411686,0.009579422457376988,0.0006926852007153391,0.015715567773147775
25060,"Gulfport-Biloxi, MS (MA)",0.009821725729665592,0.006570728483848718,0.001193800917417917,0.010903381712416976,0.336355217271767,0.10542588546264006,0.0013180044472098822,0.010693562157234434,0.0002833769854476874,0.017434316832351762
25180,"Hagerstown-Martinsburg, MD-WV (MA)",0.006029633694608314,0.006053642474962272,0.00036699135683907256,0.013396899437508575,0.4023391411716285,0.042534984222801483,0.000706544107559336,0.006947112086705996,0.0002400878035395802,0.021384963643846892
25220,"Hammond, LA (MA)",0.00878920991456088,0.0012189415209974941,0.0012868701506506053,0.011019533254838027,0.312962292062917,0.14934863991788183,0.0007057029858406546,0.003211514657488754,0.00016227394861576547,0.01129502158620898
25260,"Hanford-Corcoran, CA (MA)",0.25941983184867695,0.0030911137885401645,0.0003390678596588253,0.0148860666153127,0.1542594165399277,0.030246169849954242,0.004042478948165412,0.018721154542521743,0.0008427317676957211,0.014151968239546505
25420,"Harrisburg-Carlisle, PA (MA)",0.006257969292369397,0.01721026674679228,0.0013321166951248784,0.010224527630568716,0.3747912449715787,0.05119073357495859,0.00046475125593494165,0.022920067891135848,4.085725326900586e-05,0.01556746468826767
25500,"Harrisonburg, VA (MA)",0.021597904581508228,0.010980229667337516,0.0014428199360719783,0.028567834734225167,0.3927059902924115,0.01973703681780514,0.00014798153190481828,0.008594027465372321,0.00018497691488102285,0.016041198058482302
25540,"Hartford-East Hartford-Middletown, CT (MA)",0.005042758570670324,0.05068349426863723,0.0016664963356860987,0.02053985580108858,0.325451816662326,0.05272952649086312,0.0005480811390856853,0.026139349423566993,9.024794696222938e-05,0.017108373361113767
25620,"Hattiesburg, MS (MA)",0.00856492957335744,0.0023242250153101395,0.0004053541745647546,0.004488058091044298,0.3230002041351958,0.14533551077542212,0.000419935259980753,0.004467644571461899,0.0003820244378991572,0.01061211396576361
25860,"Hickory-Lenoir-Morganton, NC (MA)",0.023199598768900206,0.0029078292136802265,0.00022336294148439062,0.012857757545693481,0.39861514976279677,0.032156041624985955,0.0007111985682846548,0.015266788534218381,0.00025351008696081147,0.013808762952995119
25940,"Hilton Head Island-Bluffton, SC (MA)",0.03144096655315576,0.008713905863693614,0.0012641694266921678,0.016315249335261465,0.323489760694127,0.09833232261976955,0.0005434529085226478,0.005289919298409293,0.0002752250781359332,0.014335028222232588
25980,"Hinesville, GA (MA)",0.026569390080761035,0.02464326413318139,0.0017650993410295794,0.008868850022295992,0.20807114898677104,0.18439404449289007,0.0016412327206064509,0.008540603478174702,0.00266313233909726,0.03284323440519249
26140,"Homosassa Springs, FL (MA)",0.006024175708416728,0.012696855577794165,0.004269593384599178,0.007847887917412831,0.43454387443379333,0.011752080480353946,0.0009085642052038344,0.008328505214368481,9.217318023807016e-05,0.013536289897819445
26300,"Hot Springs, AR (MA)",0.021696390956326358,0.00016049110277448995,0.0003109515116255743,0.00783397195417979,0.40554597067025094,0.041191044596465186,0.003520773567115373,0.003470620097498345,0.00040122775693622484,0.01586855778682769
26380,"Houma-Thibodaux, LA (MA)",0.013692564624573461,0.0016917175625791113,0.0005294137464685696,0.008311795819556544,0.3549671041549353,0.0813612671277379,0.01967975281190892,0.004560177497990634,4.331567016561024e-05,0.015162890984083898
26420,"Houston-The Woodlands-Sugar Land, TX (MA)",0.13638342653392263,0.0036904766295822048,0.003253745165594782,0.04622189334758037,0.17372499522624207,0.08390606606313504,0.0007359247911108513,0.03919482238073904,0.00022024544350835598,0.012668404418584658
26580,"Huntington-Ashland, WV-KY-OH (MA)",0.003880368904996719,0.0006354225213676397,0.00018965770245613648,0.0016390855453143473,0.46657871348397045,0.009968796462676194,0.0005274422236188905,0.003310011434836659,0.00010382720937379733,0.013166674511389153
26620,"Huntsville, AL (MA)",0.01578514003881117,0.0041097222394624365,0.0006744371759701758,0.00639370580471113,0.3321561715139253,0.1085895573954312,0.0024732811161728378,0.01197643193770352,0.0002896355970424068,0.01755191718076985
26820,"Idaho Falls, ID (MA)",0.056974497806436604,0.0008044142636540437,0.00031659677846625016,0.00651284801416286,0.414011668852692,0.001301923486958151,0.0023906287353573988,0.003598865420524517,0.0005265844376530486,0.013561972204095083
26900,"Indianapolis-Carmel-Anderson, IN (MA)",0.02293264561074455,0.0027803960784501362,0.0005509595739692535,0.009078990808568463,0.3541397327259939,0.0752752405513902,0.0004234470021387662,0.017575203709108655,0.00010000047847118886,0.017143383461164886
26980,"Iowa City, IA (MA)",0.01700810975120155,0.0030311198797875636,0.0006337535415639088,0.009182257194966677,0.39330572729671137,0.031251792289427496,0.0008775049037038736,0.026609045756432168,0.00027816331914795996,0.017822526067057434
27060,"Ithaca, NY (MA)",0.005514114239194229,0.0062477517559968955,0.0017465306045173139,0.012983017474772336,0.3846295840511937,0.01725231450803688,0.00020825839186656316,0.046664079213919234,0.00018459266551809007,0.02456975709498476
27100,"Jackson, MI (MA)",0.013429540011818493,0.0022797250645351912,0.0005473828258638385,0.002404130252231518,0.41783037352657604,0.03834167884800796,0.0012316113581936367,0.003956084968743196,4.976207507853078e-05,0.019929711068951576
27140,"Jackson, MS (MA)",0.006684253710765423,0.0006422801955760009,0.0005018864879042835,0.003724216317279691,0.2255597253327415,0.25009331557815306,0.00042454384655219953,0.005739328396855181,3.698995890751838e-05,0.006593460175265151
27180,"Jackson, TN (MA)",0.012565229714184094,0.0010920246080659772,0.0012142869051522444,0.00616035256000578,0.3251093413952351,0.13380774809520898,0.0006113114854313359,0.0033399836613112075,0.00020840164276068266,0.015891319932644588
27260,"Jacksonville, FL (MA)",0.009259458297506448,0.015049820444084771,0.006485509078954023,0.01744821961458702,0.305366129684892,0.10439058469475494,0.0007055788781548733,0.01933893075716959,0.0002592180466339588,0.021696550503262354
27340,"Jacksonville, NC (MA)",0.028802511942141996,0.01695213718458112,0.0020213594448330085,0.017505220811817636,0.3268873048706082,0.06866669642901432,0.0013988303397371984,0.00961075809659866,0.0008358259299493544,0.02731935495071851
27500,"Janesville-Beloit, WI (MA)",0.03817529139809934,0.0020333655410281187,0.0003913846454911266,0.006265212020400925,0.40656303127407933,0.02350754026981079,0.001018211616785509,0.005898288915252994,5.5038465772189674e-05,0.01609263585327968
27620,"Jefferson City, MO (MA)",0.00962863350910199,0.001493812766633986,0.00013580116060308965,0.002600095392034765,0.4275749224939718,0.03780240599909908,0.001964148493600784,0.004945149580010069,0.0003809056943745197,0.013474124910569967
27740,"Johnson City, TN (MA)",0.009279010238907849,0.0015586216258144587,0.0010714008687558176,0.005352156376047161,0.44914239450822213,0.015331697952218431,0.0005502443375736891,0.005703634036611852,3.878374185541421e-05,0.011972056313993173
27780,"Johnstown, PA (MA)",0.0030847159226545717,0.0033234363809978517,0.00038792074480783003,0.002017933874433039,0.45994718309859156,0.017221443065170684,0.00015293029362616376,0.00226784435426116,8.579016471711625e-05,0.011510802100740033
27860,"Jonesboro, AR (MA)",0.020065821605416007,0.0015591304935869018,0.0,0.003208427569935456,0.3799394381119118,0.06719664580312126,0.0011871933396950867,0.0046135234846378685,2.629858663881521e-05,0.022203521005056844
27900,"Joplin, MO (MA)",0.01934496632409667,0.001660274609420398,0.00019923295313044778,0.01651143099068586,0.4149275290132988,0.007897372892143028,0.005501043205879586,0.006488906598484723,0.002675809245515875,0.024793434167344613
27980,"Kahului-Wailuku-Lahaina, HI (MA)",0.023595109620339314,0.016862330465218026,0.0004709299499295124,0.018196125613728065,0.14841281415585048,0.003284356618540664,0.0009570511885664284,0.14384023625492198,0.05324546691944971,0.09113557921345583
28020,"Kalamazoo-Portage, MI (MA)",0.017052587262706673,0.0015290110226576852,0.0010467697489283526,0.006898729332516841,0.38190638395590937,0.05310012247397428,0.0007654623392529087,0.011654164115125536,0.00014735150030618493,0.02589941824862217
28100,"Kankakee, IL (MA)",0.04901761266928143,0.0021183304965588694,0.0002867608969140827,0.0033532524235920964,0.3546862280766669,0.07241175164656256,0.00021275808480722267,0.004171908532524236,0.0,0.013741397173092577
28140,"Kansas City, MO-KS (MA)",0.034884501067034786,0.0020975367212530166,0.0011031080949431191,0.008951236234699862,0.35753546213359166,0.05944123588545506,0.001146533929132715,0.01465909111796938,0.0009257284970893202,0.019255566318831095
28420,"Kennewick-Richland, WA (MA)",0.14814049035562787,0.0008287090147533549,0.0017457914254462024,0.01276411973427954,0.29573406610996983,0.008222060667502602,0.0020475949096923937,0.013007563428754369,0.000695315209561668,0.016814289144412135
28660,"Killeen-Temple, TX (MA)",0.0821855001090121,0.022827346218135338,0.0010815709711481324,0.015931796904056533,0.23713016044015237,0.09613797938602679,0.0012953201749323483,0.01310710117604812,0.002741333538532569,0.027561891081955718
28700,"Kingsport-Bristol, TN-VA (MA)",0.005654020799765637,0.0014615171785231842,0.00027667919860683887,0.0021108995329004116,0.46757808049737154,0.009286655925003662,0.0006038116628419837,0.0027537717884868903,0.00014810474748954317,0.010126458669010302
28740,"Kingston, NY (MA)",0.0095759421979303,0.02145307980776633,0.004184491537539453,0.018214360339158263,0.3801673796615016,0.027823294586004774,0.0003574138632589546,0.008599927417492385,5.2237410784001055e-05,0.029571873178563968
28940,"Knoxville, TN (MA)",0.011470950406035138,0.002103417653144369,0.0010379759583253225,0.006393794574601518,0.4278223333058676,0.028094587418861637,0.0006145458540470763,0.007942175469435212,0.00026378551090847503,0.014256433848773654
29020,"Kokomo, IN (MA)",0.011745791791143266,0.001679684219366759,0.0014757225641579383,0.003179402272372794,0.41981907401408536,0.03923262426663787,0.0006118849656264622,0.006250824844929153,0.0,0.016004991061680404
29100,"La Crosse-Onalaska, WI-MN (MA)",0.005111540867164641,0.001153871039634212,0.0005823274405630603,0.0032818824273708274,0.44824475006650033,0.007778744329496682,0.0010388433970538544,0.019364184705637073,0.00013659532556417465,0.013307260401015118
29180,"Lafayette, LA (MA)",0.009206314806788251,0.0008116477178008202,0.0005417930850531791,0.009884598072883673,0.3332715133531157,0.12162212849664922,0.0006511936118427633,0.008267554095955722,0.0002198429633581169,0.015523413796552529
29200,"Lafayette-West Lafayette, IN (MA)",0.02870624893672269,0.0016743819560720969,0.0016609510847667057,0.007749612743210695,0.38806040310521744,0.023640571976039325,0.00036934896089825666,0.03291011165531012,0.00012087784174852036,0.015107491740014148
29340,"Lake Charles, LA (MA)",0.010824751713270055,0.0006321691648037527,0.0002565324147029721,0.00846327921720966,0.33619489134019864,0.12184602557994649,0.0011314911862791805,0.007164583867775864,0.0,0.013486275515813391
29420,"Lake Havasu City-Kingman, AZ (MA)",0.06869278756496304,0.002163067864479302,0.0011241326429186744,0.01379014928481498,0.37961131043100427,0.005040847430351108,0.00782869638478942,0.0056230298096310955,0.0011122996677300568,0.015013678919318043
29460,"Lakeland-Winter Haven, FL (MA)",0.03667331325334994,0.05338162625429785,0.009086472934089417,0.025278062898584867,0.28001971540269344,0.07250107971977766,0.0009535187646883957,0.008309635587563872,0.00019280710315390355,0.013603768081800692
29540,"Lancaster, PA (MA)",0.0047131594245022525,0.03423466792617352,0.0023924574916436565,0.013937836070338614,0.40372674756576077,0.016570992588286586,0.000223441360267403,0.011667998837378289,8.901322482197355e-05,0.012443685510826915
29620,"Lansing-East Lansing, MI (MA)",0.024157790781385562,0.001970538829306112,0.002279733446550865,0.004030605652262197,0.387058128588042,0.038916065198530636,0.001333690214682591,0.02028224392224909,5.8147047422147566e-05,0.01991305631956879
29700,"Laredo, TX (MA)",0.4518266576267123,0.002131381502305563,0.0006068256649797912,0.022830879185505106,0.016719545405168505,0.001668770578694426,0.00012923139161606664,0.0024404130909526788,1.8729187190734298e-05,0.0016275663668748105
29740,"Las Cruces, NM (MA)",0.3037651782890304,0.0021360763120138247,0.0006898701393950228,0.037972652722580526,0.13216628391479532,0.008067584354386979,0.0036006179036198703,0.0051660042996557526,0.0003827518713587004,0.006052980193163639
29820,"Las Vegas-Henderson-Paradise, NV (MA)",0.11667070793632155,0.005554542125642103,0.007266890079407587,0.029327292195449245,0.20281944667921925,0.057486799390627334,0.002056789624350166,0.04891183772292906,0.0036185423909764797,0.026287151855077233
29940,"Lawrence, KS (MA)",0.022499789367259247,0.0038461538461538464,0.0002822478726093184,0.005944055944055944,0.38702081051478643,0.019500379138933356,0.00790715308787598,0.025233802342236076,0.0,0.027765607886089814
30020,"Lawton, OK (MA)",0.04273632036505252,0.011604578891467683,0.000369773022304394,0.01350458282522324,0.2787813225286181,0.0700759214822391,0.02161992053813776,0.011883875535974194,0.0020140828448920183,0.047409621966091026
30140,"Lebanon, PA (MA)",0.004705725474783488,0.04973120166191766,0.0003649481352553935,0.015605041898853221,0.4023974285192931,0.009572870317083784,9.47461504989964e-05,0.007291944471737574,5.6145866962368234e-05,0.01017994750361439
30300,"Lewiston, ID-WA (MA)",0.017424537867561034,0.001021761173075423,0.0003119881444505109,0.0035410654395132985,0.4355198502456907,0.001708135090866547,0.018610092816472974,0.0050074097184306995,0.0005693783636221823,0.016285781140316667
30340,"Lewiston-Auburn, ME (MA)",0.004230915581003461,0.002813060573665042,0.00043486926742647994,0.002351011977024407,0.4475846636105021,0.013476417402018518,0.0005073474786642265,0.004978347134392723,1.3589664607077498e-05,0.02360977731069597
30460,"Lexington-Fayette, KY (MA)",0.020907206955007078,0.0026264016547691256,0.0006697227017527489,0.007459291746372416,0.3822415589667024,0.05345339740897992,0.0003071587427487208,0.01402918396864648,4.0824896188121124e-05,0.018265252958832953
30620,"Lima, OH (MA)",0.010599051355624525,0.0023472116491967754,0.00041966777927426754,0.003996603618902617,0.3985575140051922,0.055483984306377,0.0005660635162304074,0.004182038219047062,7.319786847806992e-05,0.02377466768167711
30700,"Lincoln, NE (MA)",0.024566003563121105,0.0017120145839375448,0.0012059566861789964,0.008659212917201826,0.4039451800204791,0.017564056276005754,0.0017948778654418684,0.019749575325682292,0.00030777790273034514,0.020495344859221203
30780,"Little Rock-North Little Rock-Conway, AR (MA)",0.018681010490833604,0.0008930224818913022,0.0006092144354299792,0.0073280176913725036,0.3287584102455376,0.11859419072437476,0.0010251978605033132,0.008278741099967526,0.00026300887520765625,0.015569186094881794
30860,"Logan, UT-ID (MA)",0.03750883428594954,0.0018286114217882653,0.00014066241706063579,0.01306445083333905,0.4191877260033347,0.002751494109332437,0.0010360987793246832,0.008295651815917496,0.0017565648179279397,0.014429905516025222
30980,"Longview, TX (MA)",0.07351762610195947,0.001704340644149772,0.000486454516502707,0.0052390101525507365,0.3111121610129453,0.08674113970343773,0.0008206732670495309,0.003965129260414152,0.00030797120469236124,0.016105494136298255
31020,"Longview, WA (MA)",0.038805192906803586,0.0015759613364152133,0.0006121125190714162,0.00669669367879624,0.4092246270224837,0.004015275404953543,0.004805540075097984,0.005906429008651799,0.001187681007153494,0.02717048704057301
31080,"Los Angeles-Long Beach-Anaheim, CA (MA)",0.17255004674094218,0.0023378424090240695,0.0019563633047474586,0.04893441861796782,0.14366749988903665,0.03091639514100222,0.0009086875437320555,0.08067205612730503,0.0011174349697990343,0.016939255256443485
31140,"Louisville/Jefferson County, KY-IN (MA)",0.01212883551612515,0.0021644260421990785,0.006555409150375834,0.005729730828085411,0.3719456154253748,0.07361080501487237,0.0003047937015553857,0.010969837927903004,0.00016685501354378167,0.016423691379965206
31180,"Lubbock, TX (MA)",0.15240332840792406,0.0027564552079941897,0.000629241904380275,0.028923213704325178,0.25914435623231236,0.032418480302537,0.0012224824062711313,0.011162000050088907,0.000358448746525082,0.010981993037641814
31340,"Lynchburg, VA (MA)",0.006741134317388375,0.0027485147302015065,0.00043830771115330435,0.005971703313529736,0.3764584736938813,0.08381247320389539,0.0011196943712868256,0.006993783303730018,9.761438108654377e-05,0.015618300973847001
31420,"Macon-Bibb County, GA (MA)",0.007353256718134457,0.0026713757263138018,0.001141503523212002,0.004550994309647851,0.2386922489335954,0.22307382008874546,0.0006394136276638658,0.008428244058602903,0.00011586689897264683,0.013333276115111618
31460,"Madera, CA (MA)",0.27739533217320095,0.0021144692394308526,0.00033268502405568636,0.01573536185894155,0.16203999897635377,0.014059141160814822,0.004369689835192958,0.010729092025795885,0.0003550772852902037,0.01286915242092333
31540,"Madison, WI (MA)",0.01865068657654639,0.0026915994816947516,0.0006716026247357325,0.00844988776971591,0.40370359937495,0.021446806996527828,0.000999991104600997,0.025125795767569153,0.00014677408355151772,0.018113256220107753
31700,"Manchester-Nashua, NH (MA)",0.005682466754180698,0.012574196678271789,0.0010630101021631185,0.017557502425660634,0.4141910659589445,0.011178252763350646,0.0003959534273157925,0.02096769590776782,6.658676255160474e-05,0.01632326921979339
31740,"Manhattan, KS (MA)",0.030935632423732096,0.007760920431004933,0.0006482958017258082,0.01125203058167782,0.36489739042310615,0.04039553495581156,0.0017399663184250137,0.017220822963084397,0.0019448874051774243,0.023204518696254787
31860,"Mankato, MN (MA)",0.01637989695732478,0.0005249343832020997,6.318654612617868e-05,0.004510547292699524,0.43460678526295327,0.019291338582677165,0.0006270049577136191,0.010435501117915816,9.72100709633518e-05,0.013463594828424224
31900,"Mansfield, OH (MA)",0.005634357129088222,0.0027589475036946605,0.0002128445672428195,0.0018152027244104608,0.42400244168862045,0.04073363104799846,0.0004819122277195913,0.004160508899312472,0.0005582149971085266,0.019641939214804345
32580,"McAllen-Edinburg-Mission, TX (MA)",0.4427898627317117,0.0015664040976022234,0.00033615309174207005,0.017786657148104894,0.028572435215444097,0.0022231155500261647,0.00037716145860407517,0.004648962603834917,8.663739477888404e-05,0.0016126107081509617
32780,"Medford, OR (MA)",0.05635156228852938,0.0017865037760193448,0.0006473820501484242,0.009602457796103978,0.39611209860057206,0.0029955517860526387,0.0033339047739350904,0.005754256480587561,0.0018090606418781749,0.021607221806173364
32820,"Memphis, TN-MS-AR (MA)",0.01904079335515629,0.0012667650721827676,0.0007455303750268668,0.00794808023120054,0.21181188220395405,0.23601035279950214,0.0004781729226063832,0.010891633359320177,0.00020969211954547734,0.01159709756150532
32900,"Merced, CA (MA)",0.2913523195414652,0.001153501701594125,0.0003922622246104245,0.012905248074511912,0.12970804227118038,0.013263478416621888,0.0015994984775210461,0.036571735626007525,0.0013415726312018628,0.011712341035285689
33100,"Miami-Fort Lauderdale-Pompano Beach, FL (MA)",0.01269829805514243,0.01907557562795442,0.09322929947884807,0.10290265295991727,0.14702983034269984,0.09918485359317394,0.00048412215273202285,0.012200746262179004,0.00013593416331785486,0.013058687364035128
33140,"Michigan City-La Porte, IN (MA)",0.025253155530200386,0.003414034086857306,0.00022730514155316266,0.006168437566854454,0.3896901518933181,0.05259662696997789,0.0009270484204521144,0.002923768095272053,2.228481779932967e-05,0.01877718747771518
33220,"Midland, MI (MA)",0.008961625552613608,0.00070087579522446,0.00020367330801394562,0.005301496399774761,0.45192111852588446,0.007643739441935136,0.001863011729186385,0.01098038745851654,0.00014975978530437178,0.012274312003546312
33260,"Midland, TX (MA)",0.21344023882400087,0.00218089524152471,0.004614437468419127,0.011456233991764288,0.2179704606306301,0.02964100896170801,0.0016204254923712226,0.009557025618985113,0.00017133531191738734,0.00934793845867915
33340,"Milwaukee-Waukesha, WI (MA)",0.03725002926610781,0.012833824494968775,0.000849671456128832,0.005341382785420897,0.3259980378983372,0.08115269019152759,0.0014693494780453295,0.01935316811979254,0.0001463305390562571,0.015605515770614791
33460,"Minneapolis-St. Paul-Bloomington, MN-WI (MA)",0.018957923630476537,0.0017584656133818838,0.0006770687010884477,0.008933480835471349,0.3698231231464305,0.04329891920431925,0.0020495163365541126,0.03396712247305116,0.00011792336812095467,0.020416456691105818
33540,"Missoula, MT (MA)",0.0107600166980465,0.0007539679158963698,0.00016612852384157302,0.0059976656812547385,0.4391373243936309,0.002670835498683751,0.010700380817693114,0.009137068811286517,0.0005622811576176318,0.02011433050204892
33660,"Mobile, AL (MA)",0.005732297521583286,0.0022722306680241938,0.0009507338549584606,0.005553308507324602,0.28259924592160746,0.17706430122223926,0.003634406802512355,0.00963402557915731,8.252090917121112e-05,0.012476929013421852
33700,"Modesto, CA (MA)",0.22072481764280866,0.00309526143612869,0.00037941914378351687,0.015451799245518679,0.19809945501613893,0.01406573935901765,0.0021185748363414555,0.028096078367299517,0.0026995036689286584,0.01526935128403426
33740,"Monroe, LA (MA)",0.008408447511707202,0.000610076633341532,0.0002556052297794561,0.0026211592902855544,0.2857377104523248,0.18746232234230845,0.0006679495155557484,0.004543021253815993,1.2056850461295098e-05,0.009681650920419964
33780,"Monroe, MI (MA)",0.012251083936962899,0.002664407923773918,0.0005971389256691851,0.003508191188306462,0.4523522081158969,0.01126126126126126,0.0009249162707375964,0.00266765324402212,0.0,0.01377313913336968
33860,"Montgomery, AL (MA)",0.009806622296259528,0.001975098170175498,0.0004236065812350081,0.004511540030821927,0.23785899358352977,0.22197374678721696,0.0007978357082156287,0.011572515989199332,2.0790507054478926e-05,0.011059250346291884
34060,"Morgantown, WV (MA)",0.003540271932895592,0.0015075628210715843,0.00044655296832689107,0.0047084544980387395,0.4418480862525989,0.019148191281857088,0.0005180014432591936,0.013457320253499189,1.0717271239845386e-05,0.014814841277212937
34100,"Morristown, TN (MA)",0.029161000288897187,0.0019024936759700955,0.0012260514800696172,0.005112070970060387,0.43442033836202343,0.011295175416963198,0.0007046272873963318,0.0032166235669642542,0.0017862301735497008,0.01117538877810582
34580,"Mount Vernon-Anacortes, WA (MA)",0.08091056555510497,0.002881585925070967,0.0010060205259381726,0.010052406650653524,0.36359843403936737,0.0027607074897838227,0.006656112549521165,0.009650778301151075,0.0006862775680818542,0.021797111395327074
34620,"Muncie, IN (MA)",0.009419452347083926,0.0008890469416785206,0.0001555832147937411,0.0024937766714082502,0.43108108108108106,0.03191678520625889,0.00020003556187766713,0.007232396870554765,0.00011557610241820768,0.01649626600284495
34740,"Muskegon, MI (MA)",0.024075771637448545,0.0016625577197907,0.0002732971594176493,0.0036980521883700672,0.379060313266869,0.06503333655975813,0.0033308091304026007,0.0032169353139785803,9.109905313921643e-05,0.019557827970825527
34820,"Myrtle Beach-Conway-North Myrtle Beach, SC-NC (MA)",0.014886535994685096,0.002919645505939572,0.000855524031972991,0.010682037546954586,0.3908888257488708,0.05798969610616437,0.0014258733866216516,0.005378624225432149,9.610282166241168e-05,0.014877134631696381
34900,"Napa, CA (MA)",0.1485860441658561,0.002438848661695306,0.0006052091213660434,0.022000072048704924,0.25476061817788825,0.009906696927122736,0.0011779963255160487,0.038405562160020175,0.001066320832883029,0.021052631578947368
34940,"Naples-Marco Island, FL (MA)",0.05350364943923905,0.009782804046169899,0.03450269181350708,0.044840757838716515,0.3090274331606746,0.032744362213215236,0.0004922249910809368,0.007352526978489634,8.047275058543926e-06,0.007745502243848529
34980,"Nashville-Davidson--Murfreesboro--Franklin, TN (MA)",0.02157956225372884,0.002754463413800823,0.0014347279116409544,0.012586186938392115,0.3544683092648186,0.07473716202812954,0.0006394699844314046,0.014329941014758294,0.00012621118113777724,0.017343966009161656
35100,"New Bern, NC (MA)",0.021495805696449474,0.0071490115749772406,0.0018085901937833267,0.005303843152555599,0.32802542593315126,0.10771881909220965,0.0016704057744830276,0.011619683964104566,0.0005933801534659904,0.014615034464819873
35300,"New Haven-Milford, CT (MA)",0.011151186873446807,0.052889213195474766,0.00217808363332335,0.029790656501119974,0.30397073839752714,0.06342692867657858,0.0003307310428088548,0.02013932334278885,9.077757643529755e-05,0.016032360760496373
35380,"New Orleans-Metairie, LA (MA)",0.008383916308192747,0.00241718720573159,0.003233554262011273,0.031314295800674054,0.2538298725726673,0.16971333381138612,0.001137476685076952,0.01388493794901173,0.0003006216524813697,0.015784803752766863
35620,"New York-Newark-Jersey City, NY-NJ-PA (MA)",0.014323140753071235,0.02968854094771628,0.0038417810441153453,0.07636170077951962,0.22469549484074705,0.07704094961515728,0.0006854951465664379,0.05698242118204988,0.00011990418458858198,0.01626057150646828
35660,"Niles, MI (MA)",0.020772965649572483,0.0027777237574791104,0.0005931428793683514,0.0048521032263083175,0.3706203042855383,0.06956626021793949,0.001828046906905739,0.007778923008109527,0.0001523372422421449,0.0210581928265365
35840,"North Port-Sarasota-Bradenton, FL (MA)",0.024853790526111436,0.011776232770335857,0.007424529217627645,0.02125800815375655,0.38168377499514655,0.03029933508056688,0.0007504610755193166,0.009700179576781208,0.00017047660648417782,0.012083211997670356
35980,"Norwich-New London, CT (MA)",0.0062813276805719145,0.028842831186299607,0.00151227469150711,0.02059591797303172,0.36984219580798944,0.025974339633858604,0.002242402398831796,0.020211346890547727,5.016144554139062e-05,0.02444720229182071
36100,"Ocala, FL (MA)",0.014853984642467573,0.03198540926419924,0.007466817146004558,0.01744057326147765,0.34429438510470556,0.06124383052714568,0.001131295022301902,0.007604516540127224,0.00017144924562331927,0.013807739245947317
36140,"Ocean City, NJ (MA)",0.01403841320375335,0.016211461126005362,0.0017593833780160859,0.009006367292225202,0.42360296581769435,0.018546833109919572,0.0001832691018766756,0.0037648709785522787,0.0,0.012886435991957105
36220,"Odessa, TX (MA)",0.29053752371975344,0.0009580920016371281,0.0040618139875231,0.01808902504061814,0.15005457093601557,0.022696548388297013,0.0014014808567636954,0.005106723387366828,0.00012092423321633655,0.006973297448808741
36260,"Ogden-Clearfield, UT (MA)",0.04779825804555388,0.0017583962146101846,0.0002859121689457189,0.016236610143843647,0.40186082988735206,0.00503656474710232,0.0017969543442644417,0.007500647485573439,0.0023382231831845816,0.015387603779569721
36420,"Oklahoma City, OK (MA)",0.05473984233555151,0.001871009021328158,0.00047279516786351793,0.012363098195592812,0.3150210139049908,0.04980982026705849,0.015624181632615506,0.015389907380275947,0.0002813414359666892,0.03442699065875655
36500,"Olympia-Lacey-Tumwater, WA (MA)",0.030692398208104817,0.004839286820211807,0.0006623268488380894,0.011691359129100406,0.36445696079713186,0.014008642935294968,0.004610482999704103,0.028430164945190302,0.004576076410154073,0.03603230090626957
36540,"Omaha-Council Bluffs, NE-IA (MA)",0.04121052093909555,0.0023094820630747644,0.0006843488938878731,0.010702007492916754,0.3742987117770555,0.03678753181987812,0.0014468793064986564,0.015285008120453745,0.00025695659153596455,0.01701855299560307
36740,"Orlando-Kissimmee-Sanford, FL (MA)",0.013809287045607948,0.07521381870695755,0.012711183600541038,0.05748311347841264,0.22374114081970706,0.07592240119632881,0.0006261582598383953,0.021266400807377614,0.00041440015861916245,0.01881209592660977
36780,"Oshkosh-Neenah, WI (MA)",0.015530869098211367,0.003283636108905805,0.0001284266567038715,0.003079320973240555,0.4352875589595106,0.012556624480455797,0.0017775416802876757,0.01488581702703965,0.0005107878391631252,0.012959417176481577
36980,"Owensboro, KY (MA)",0.009493041749502983,0.0010934393638170974,0.00023194168323392977,0.004622266401590457,0.44132703777335985,0.020667660702451955,0.000567428760768721,0.008511431411530814,0.0001656726308813784,0.013320079522862823
37100,"Oxnard-Thousand Oaks-Ventura, CA (MA)",0.19121507710690858,0.0022076178194745965,0.0012416371390882041,0.021963194538926124,0.22070854357560737,0.00836848051771359,0.0009464599440405558,0.03538577115781628,0.0008399832003359933,0.01712323500008873
37340,"Palm Bay-Melbourne-Titusville, FL (MA)",0.009001401326189838,0.02044556520987478,0.007058162517267231,0.018564662975233265,0.36396663414082747,0.04567193008994752,0.000684040008444528,0.011876364132033851,0.0003449290443553816,0.02238631055582614
37460,"Panama City, FL (MA)",0.01218685220306091,0.008253208662285539,0.0018441538393684119,0.012126207383231157,0.37662638380452523,0.05152880077625369,0.0012101398138755347,0.010877475411282141,0.0005954218674193975,0.02475135623869801
37620,"Parkersburg-Vienna, WV (MA)",0.0036690311534099754,0.0010951502079117653,9.4505347890863e-05,0.0008894620977963576,0.4749672010851438,0.005798181050010006,0.0010673545173556292,0.0018567521291498966,0.000567032087345178,0.009995330323986569
37860,"Pensacola-Ferry Pass-Brent, FL (MA)",0.011051864865563137,0.005858819928732265,0.0024882098204792387,0.01054905569257492,0.3489505597478402,0.07888738068219081,0.0010950508075751283,0.012871318612087691,0.0006985668944875818,0.027549172948469015
37900,"Peoria, IL (MA)",0.012871512470746563,0.0014620534057680605,0.00014719488602910253,0.0038505687412487073,0.4114431036103566,0.04381459876405773,0.0004514801126102725,0.01154675849648464,9.02960225220545e-05,0.014322433490176287
37980,"Philadelphia-Camden-Wilmington, PA-NJ-DE-MD (MA)",0.009499982462412444,0.02284190331415354,0.0012661655528957774,0.016063384381121062,0.3025687578014108,0.09956410245683903,0.00045155265572171036,0.03043809215503485,0.00011383342381012295,0.01719222579660067
38060,"Phoenix-Mesa-Chandler, AZ (MA)",0.13525063959291625,0.00373354336668678,0.0014331183916825455,0.016941980374747458,0.26953747756542606,0.026230463149025725,0.00831831081051445,0.019445525314178026,0.0010043211814334358,0.018104620253389284
38220,"Pine Bluff, AR (MA)",0.008816616623370781,0.001675606985819192,0.0006410040147093553,0.0008040664395038404,0.22941758600137196,0.24197339271054732,0.0011976653959043218,0.0032443799691868245,0.001220156764841492,0.011009525094744892
38300,"Pittsburgh, PA (MA)",0.0031993911797118498,0.002335050605439831,0.00033762313314267554,0.003697374737169476,0.42173502795637857,0.039894884692615054,0.0002626192456172376,0.012400994868466422,0.00010859717799457775,0.016028436403464293
38340,"Pittsfield, MA (MA)",0.003087017484061384,0.00981106058610726,0.0005422615404875705,0.012607580816336016,0.43430114107321305,0.012530114881980648,0.0005112751667454237,0.00872266420841435,8.521252779090395e-05,0.01780167171486339
38540,"Pocatello, ID (MA)",0.04553366731765305,0.0027543092468370555,0.00047762588095440266,0.007864906173049163,0.40330198692366476,0.0029772013246157766,0.01176021057994396,0.008204551243950073,0.0005360023775154963,0.016589538931816254
38860,"Portland-South Portland, ME (MA)",0.002828628384496305,0.0021349344276659753,0.0005266597540672372,0.004789226567748343,0.4523505272074072,0.010495772117884161,0.0008954128574349389,0.008357186669392763,9.0362765429214e-05,0.017531289248473872
38900,"Portland-Vancouver-Hillsboro, OR-WA (MA)",0.04718381794709214,0.0020634235023335333,0.00127775846033715,0.011910305045782334,0.35724097217125494,0.013512716824902574,0.0023618077755572747,0.03394421898518065,0.0025144088722799003,0.027990570415279522
38940,"Port St. Lucie, FL (MA)",0.022414592832797016,0.0226765398967121,0.010821623367748829,0.03448693577844869,0.3107209859977388,0.07462074620746208,0.0007164718111827583,0.009121555862023267,0.00017290576946173502,0.014247642476424764
39100,"Poughkeepsie-Newburgh-Middletown, NY (MA)",0.019440751617842138,0.035761044752257345,0.0023203593892456888,0.03148904850861817,0.3276358980194127,0.04969328334454384,0.0006704700780222645,0.01513490779776145,9.362095611481674e-05,0.01776061553618162
39150,"Prescott Valley-Prescott, AZ (MA)",0.06158116934500768,0.0022071183845262183,0.0008982458541676469,0.010205783847828597,0.39687495989973864,0.003143860489586764,0.005111446646334943,0.0053039279007994385,0.0003143860489586764,0.014359101583051384
39300,"Providence-Warwick, RI-MA (MA)",0.004332684459829294,0.0221274457904856,0.0008354221384768399,0.04136733454475039,0.3672988736938848,0.024181678985671026,0.001043453341958335,0.014960561000803948,0.0001729596605314448,0.02367958638360834
39340,"Provo-Orem, UT (MA)",0.037670874797132346,0.0014501911615622059,0.000577348832346082,0.02069894061792994,0.4071400320951398,0.0029109897819864132,0.0015411122375222188,0.006736494053003956,0.003703518494104526,0.017570497929272497
39380,"Pueblo, CO (MA)",0.14216825019557727,0.005058135715693359,0.0014421957205902553,0.06886111326760344,0.25436391106758316,0.007978358106453752,0.0029560533403402748,0.0035502499208733196,0.00016123927310946953,0.013460493392175714
39460,"Punta Gorda, FL (MA)",0.009584120062541591,0.011207171724275983,0.006673447415831246,0.011580473606474894,0.4149277471501918,0.02655583027207756,0.0010766242689504808,0.006673447415831246,0.00025427809367172156,0.011466859990153486
39540,"Racine, WI (MA)",0.05632058121684678,0.00771611974931477,0.0006687641542413327,0.00596568023953916,0.3508427948261973,0.056128058202747,0.0015680492858916096,0.006186068426732327,0.000458508757263944,0.014145375141225764
39580,"Raleigh-Cary, NC (MA)",0.027845216377916097,0.00681742576704572,0.0018576649966482277,0.01761889810396745,0.30036765313432023,0.09547629294705205,0.0011172574240139216,0.030639078431471164,0.00017998262682667997,0.018080530190738475
39660,"Rapid City, SD (MA)",0.017198484103335552,0.0037246506783926866,0.00018442445106604566,0.005637602337489513,0.4001938264819047,0.006415077964532646,0.03305175456360112,0.005883501605577574,0.0004917985361761217,0.027218879277924032
39740,"Reading, PA (MA)",0.015251764187864636,0.05560499991802645,0.0013619319525864997,0.04084507702000389,0.3484367644337853,0.020320071574618178,0.0002693416587230395,0.006690212592542281,6.674988933570979e-05,0.011153086772514035
39820,"Redding, CA (MA)",0.04073157995987578,0.001882540467749471,0.00037925632780938246,0.010679638332371452,0.3901063566658422,0.005567922609723253,0.009497897600791491,0.01633550443839833,0.0005468986176381675,0.024272404979800478
39900,"Reno, NV (MA)",0.09673732185487954,0.0035747873626771117,0.0018664544599580409,0.023180826986079102,0.306306259753413,0.011374417378902657,0.005138433873151373,0.026313287378179225,0.003250276454356611,0.022257934498403284
40060,"Richmond, VA (MA)",0.008243862088439947,0.005037169700708711,0.0011598266437080076,0.019179918539731066,0.28219890547355303,0.1441837552140404,0.0009541809007283542,0.02006465563546069,0.00022866578883558468,0.018749060014794216
40140,"Riverside-San Bernardino-Ontario, CA (MA)",0.2253973559525998,0.003925637968021148,0.001995130558409502,0.03024625349478059,0.15042893615014577,0.0340172107164393,0.0016847866191657414,0.034556792176756536,0.0013740060370246979,0.01637389032665692
40220,"Roanoke, VA (MA)",0.006990438822134111,0.003885520236819597,0.0011383111659422386,0.008643851688865854,0.38711641616401854,0.06500138314345583,0.0007440357900292845,0.012071503747205892,0.0003290927532821835,0.01407944648824646
40340,"Rochester, MN (MA)",0.01473721749208755,0.0017920028529398654,0.0004836624615521776,0.006445861008335933,0.4128337716756564,0.024579860027637856,0.000592876565773637,0.021762581910578165,0.00022957250479204743,0.01654259350064637
40380,"Rochester, NY (MA)",0.003368330526391228,0.02492941298617294,0.0021674554587443827,0.00848652070567719,0.37824394761722313,0.05244203963163364,0.0004681299517720487,0.014280949637670173,7.717942286330146e-05,0.015536034061851956
40420,"Rockford, IL (MA)",0.06369907657279031,0.004275016737302507,0.0010897679782223362,0.005922203248363874,0.33952392328269376,0.0559143875916865,0.00041585192132435563,0.012593529815992897,0.0001268200894818957,0.01643942276214155
40580,"Rocky Mount, NC (MA)",0.021478538793790775,0.003390253541047027,4.506471987076825e-05,0.0078724599097319,0.2189382751998447,0.23082496169498812,0.0020487114956633874,0.003258525898347858,0.00029812045452969765,0.011845088292185777
40660,"Rome, GA (MA)",0.027914672640260665,0.0020364524997454436,0.00034619692495672537,0.027833214540270847,0.35077894308115265,0.06998778128500152,0.0003971082374503615,0.006216271255472966,0.0,0.01448935953568883
40900,"Sacramento-Roseville-Folsom, CA (MA)",0.08887780284512525,0.0036194485258270264,0.0008863698259369715,0.01763472485130505,0.2519141637611332,0.033340366013159796,0.0014052050796682144,0.07040966340641716,0.00402249673022416,0.027889758961203142
40980,"Saginaw, MI (MA)",0.03923848010916343,0.001750288653301144,4.723417655085547e-05,0.003532066757636192,0.34264196494174454,0.09244515587278261,0.000789860396767083,0.0059803715755222,9.446835310171093e-05,0.01348010916343025
41060,"St. Cloud, MN (MA)",0.011583847024782991,0.0013460812680840357,0.0008026166813435653,0.003670902000251604,0.4241715939111838,0.034233236885142786,0.0006742986539187319,0.009014970436532897,7.799723235627123e-05,0.014424455906403321
41100,"St. George, UT (MA)",0.035140738558796375,0.0026510624075951803,0.0013566868517500977,0.015600482629310101,0.41583160089048504,0.0028351639636781793,0.004984903672401194,0.004616700560235196,0.003197702412580084,0.013784958053168529
41140,"St. Joseph, MO-KS (MA)",0.017656978070318356,0.002460164879924403,0.002113949623643651,0.005343934308709961,0.422622926781583,0.024145459285085862,0.0012626674052592134,0.005258398774805305,0.001555932092932321,0.01757958877773795
41180,"St. Louis, MO-IL (MA)",0.009818772159806678,0.0013865472947943744,0.0005647054812302908,0.004257133491048353,0.3621067350185234,0.0888066849763836,0.000506991870727195,0.013541033666746341,0.00013620412078730598,0.018875191919952464
41420,"Salem, OR (MA)",0.11033054202758467,0.0019122458083943642,0.0006447730398899587,0.011690722703446225,0.3302550745380869,0.004256663816498755,0.0036734636975352245,0.010133973381910109,0.004552910888880627,0.022549630097773152
41500,"Salinas, CA (MA)",0.2745168617141243,0.003339765305169346,0.0008372194745223292,0.01969914774474716,0.14392884887448087,0.011531986340223213,0.0007814048428875073,0.02794604433732085,0.002043498962303481,0.015375222404220953
41540,"Salisbury, MD-DE (MA)",0.013486188058606645,0.00510105592340212,0.0009796729919116654,0.01728664363067776,0.35289220701503776,0.08295972240989904,0.0010870509429955794,0.008427359419338648,8.566106210065054e-05,0.01769443854603015
41620,"Salt Lake City, UT (MA)",0.06572700737785327,0.0025086950688173824,0.0007676727424355512,0.02326679098332009,0.35224770240489256,0.008468101209074527,0.0028055606662322815,0.01926653710096885,0.007196279177389045,0.017745653269016472
41660,"San Angelo, TX (MA)",0.18757889732281915,0.002700952505860944,0.000344279226847222,0.014058068429594898,0.2593119333737725,0.01881240060986606,0.0005737987114120366,0.006807711854681378,0.00028280079348164664,0.009529157171664181
41700,"San Antonio-New Braunfels, TX (MA)",0.2409791761301752,0.007049943209065359,0.001558044367695308,0.030176880139698187,0.16293759955215614,0.03127988541396104,0.0006843376809136204,0.012519109862883399,0.00044357416405839525,0.01237144947939337
41740,"San Diego-Chula Vista-Carlsbad, CA (MA)",0.14935926975469896,0.0039987052216155184,0.0011659982944601506,0.017100145404704704,0.22072695071499496,0.022946518796584187,0.0015829788215150425,0.05843552061285368,0.0019010610933353801,0.022782851285237434
41860,"San Francisco-Oakland-Berkeley, CA (MA)",0.07050186812889159,0.0033957707661106014,0.001109175077620036,0.03493906784854528,0.18971210754057063,0.034617308675499156,0.0010993350239885695,0.13387604579666768,0.0032134652563577328,0.027535855885748726
41940,"San Jose-Sunnyvale-Santa Clara, CA (MA)",0.10758658501687172,0.00248227003670031,0.000790337138678859,0.02035481476692572,0.14969020488124646,0.011403006288116727,0.0008141424741812343,0.18410044147621146,0.0015380752559324149,0.021240122665135107
42020,"San Luis Obispo-Paso Robles, CA (MA)",0.10037097156356203,0.002440137072047699,0.0007285046910751103,0.012434089775825668,0.3367053198524601,0.006850065954429556,0.0015242015623950123,0.017010230893549905,0.0004084577272775497,0.02152802090737735
42100,"Santa Cruz-Watsonville, CA (MA)",0.1514966671321168,0.0017619737045175608,0.0004685122989071721,0.01648244640586761,0.2806866369268533,0.004168840808707347,0.0003839963547905842,0.02366997626204352,0.000613659246411747,0.020267290859784372
42140,"Santa Fe, NM (MA)",0.12864507394292857,0.002183789835450948,0.0006151062278691939,0.1235387158925224,0.2114338158716934,0.003772000624869819,0.012191470526973548,0.00628775255155176,0.0006704332430743595,0.010661841283066027
42200,"Santa Maria-Santa Barbara, CA (MA)",0.20800579022497437,0.0023600974866581333,0.0008388231010318306,0.02062097482190367,0.2151262925806041,0.008767991135951891,0.001717856097718982,0.026483800996758636,0.00046464768312815116,0.015613725871270252
42220,"Santa Rosa-Petaluma, CA (MA)",0.11362178120520286,0.0021614300971780596,0.0011482280131086826,0.02081835865323311,0.3084306941347985,0.007299522028515852,0.0019086371924352992,0.021354401439193663,0.0014020361504006108,0.021854911085933345
42340,"Savannah, GA (MA)",0.01448918043238424,0.007877153267038733,0.0022662691979150325,0.008063933695438324,0.2720755788325476,0.16413143365185623,0.0008255694935261904,0.01161898784931053,0.0005640768937667636,0.01808781668621635
42540,"Scranton--Wilkes-Barre, PA (MA)",0.009386088579832481,0.018096385839789817,0.00047375971119184535,0.028847290570858396,0.4055956579966581,0.01636367806924832,0.0002973128913811022,0.008814400883645674,0.000179975756206958,0.01194544970118731
42660,"Seattle-Tacoma-Bellevue, WA (MA)",0.03625962416191885,0.0029756051496742106,0.0008294878655292896,0.012663414019956562,0.30410223803078473,0.028840819666970947,0.0028700934873618937,0.07188504516981964,0.004096698038968806,0.03547697440901508
42680,"Sebastian-Vero Beach, FL (MA)",0.023651599346843712,0.011683396412703637,0.007395476006632828,0.02174656017012443,0.369634561587828,0.04107226490803914,0.0004082226807255604,0.007189782407817622,0.0003702484778673688,0.016847888001417705
42700,"Sebring-Avon Park, FL (MA)",0.04101844347361971,0.032241484966493365,0.019165002866349062,0.013288987289224504,0.32563207938798505,0.043983632158459685,0.000553501887836796,0.007719374542866745,0.0001828533022317987,0.016214640124933285
43100,"Sheboygan, WI (MA)",0.027197774147437206,0.0037693145463208767,8.08318017834048e-05,0.003271560819549384,0.4138588251310326,0.010180552719351985,0.0010337962017561773,0.02980566333129127,1.2762916071063916e-05,0.010788918385406032
43300,"Sherman-Denison, TX (MA)",0.05765433478633434,0.0015759472448865542,0.0009239596140233226,0.010744756156626057,0.370138966506464,0.02675012108341716,0.0029656123095264707,0.007741887411050259,7.078722849372229e-05,0.021433627659178122
43340,"Shreveport-Bossier City, LA (MA)",0.013079430807469766,0.001089636180477162,0.00019109763443908416,0.006644123051690012,0.258981588818637,0.19794804169218855,0.0018831343049361404,0.006888373670542616,0.00022273631563760803,0.013071837523982121
43420,"Sierra Vista-Douglas, AZ (MA)",0.15579733316279218,0.007498481117897228,0.0005076263869791834,0.01476513286221341,0.2696415438237457,0.016507850222236435,0.0035773670578454256,0.009217216128929109,0.0016587791385540241,0.02082867009880728
43580,"Sioux City, IA-NE-SD (MA)",0.07712439875506932,0.002152355802266205,0.0007039786583312001,0.01556837013783161,0.34784629687015806,0.018263025289338597,0.007801026663612724,0.011637541935570796,0.001573004944692203,0.017330000943129302
43620,"Sioux Falls, SD (MA)",0.011332016709860726,0.0009122144970522807,0.00025512638851160364,0.010462017370619718,0.4201124024462766,0.024058969069137418,0.007004045313383307,0.008923917272974223,0.0002000631391925525,0.01673922779299155
43780,"South Bend-Mishawaka, IN-MI (MA)",0.03167779387730513,0.002556529422486955,0.0006194370383185915,0.007105761536821747,0.36722266676141013,0.05628998921777923,0.0014566811150484582,0.011256453112786972,0.00020853865379802955,0.021606149264244735
43900,"Spartanburg, SC (MA)",0.022549742306358096,0.0038081049606026067,0.0014866940879131772,0.00875291144258883,0.3360408716983002,0.10095582040735418,0.0005869344367907231,0.011173435254472472,0.00015486396749095593,0.014490621438128747
44060,"Spokane-Spokane Valley, WA (MA)",0.020955476214387377,0.002082994247957696,0.00046490769374616904,0.006719950686885967,0.4164170421135379,0.008134586015715092,0.006050726017862152,0.01014312577268178,0.0028197474088105636,0.026211443828415296
44100,"Springfield, IL (MA)",0.006922458895658578,0.002046847949804402,0.00039932664441277464,0.002539430517163872,0.40161500129123584,0.0599037790169391,0.0003634589817409685,0.010090769098334784,7.651768036651969e-05,0.016042409924343144
44140,"Springfield, MA (MA)",0.0035878768808284226,0.07624220493163224,0.0013008467303621488,0.016257365982035584,0.3441236626809314,0.0289361519537731,0.0004684192459522856,0.015042336518107444,0.00012157446078150923,0.013919560615595858
44180,"Springfield, MO (MA)",0.011303275980379699,0.0021856812463466086,0.00021284977253666098,0.004035674045458781,0.4439368524495726,0.010515414135766387,0.0013692276412432967,0.0069668589727298145,0.00011542599605221914,0.019358739759913927
44220,"Springfield, OH (MA)",0.011541402023053399,0.003131616090331687,0.0004447482945189367,0.0031904257821689015,0.4174091390261115,0.040203775582215946,0.00031242648788520346,0.003032374735356387,0.00017642907551164433,0.02055766290284639
44300,"State College, PA (MA)",0.003914928971103796,0.00476148515536981,0.0007741740569867635,0.00569615871197578,0.4233945329464561,0.016503125019669055,0.00024232277393488127,0.031118020632053323,3.776458814569578e-05,0.013557487144304785
44420,"Staunton, VA (MA)",0.011634727411514202,0.0023622996263709777,0.0003937166043951629,0.007227511952111205,0.4239926077698767,0.033976135952754005,0.0011972198786710055,0.004620143827086095,0.000546382226507573,0.014049254750713109
44700,"Stockton, CA (MA)",0.18858616603967301,0.0037619619240711116,0.0008633585945662855,0.018210903207908677,0.14790979069387586,0.03350764707559962,0.001039660049312554,0.08055550514255788,0.002800081928323088,0.02276492534411192
44940,"Sumter, SC (MA)",0.012336857455340867,0.0019431279620853081,0.0006926722566532993,0.004979948960991615,0.2262923806051768,0.2302442581115567,0.0007218374043018593,0.005741888443310244,0.00023332118118847976,0.016813707619394824
45060,"Syracuse, NY (MA)",0.002647079288344078,0.009937135648443668,0.0017001812114849964,0.00802745701899544,0.40323715107713437,0.03875853493993399,0.0015874912646383485,0.015046754983315837,6.504251965645448e-05,0.018993172048052807
45220,"Tallahassee, FL (MA)",0.009763629760651291,0.005960856649431609,0.0053390359689298676,0.013319503484024695,0.27512037978089965,0.16047023229443994,0.0004820416619855936,0.013920422629047387,0.0002129343926928232,0.015410963377897149
45300,"Tampa-St. Petersburg-Clearwater, FL (MA)",0.018584273605770238,0.031393730725977835,0.021345651755171682,0.03128708987773333,0.3048586905457405,0.05720399456592566,0.0008644106909119112,0.01744269206636589,0.00032405467894270766,0.016695411487460243
45460,"Terre Haute, IN (MA)",0.007459830644596204,0.0010753151832347853,0.00012936122505080122,0.002654600139063317,0.4438733984810836,0.023492537474329882,0.0005309200278126634,0.006160828343044409,0.0003126229605394363,0.014310585521244886
45500,"Texarkana, TX-AR (MA)",0.02675481289206143,0.00044275903093229506,4.731775903093229e-05,0.0037617618429591176,0.3244173155959334,0.12365482370754921,0.0036231884057971015,0.004305916071814839,2.0279039584685268e-05,0.012971825654337011
45540,"The Villages, FL (MA)",0.011544351513723643,0.007217183021164644,0.0035496917579612834,0.007609848038638237,0.42218164683708326,0.034507401735579375,0.0010327089959555503,0.004920092668944124,1.570660069894373e-05,0.0074213688302509125
45780,"Toledo, OH (MA)",0.027001686445004874,0.003496665789921557,0.0006714836074451132,0.00463462936889824,0.3723562266953414,0.06491884950412329,0.0005987653365927623,0.007414942831061532,0.00023207958782665202,0.018674670833784598
45820,"Topeka, KS (MA)",0.04517978091276353,0.0030888130132848946,0.0007946946102140749,0.004900973768651761,0.38522553475878557,0.03120943523131825,0.004348328999284561,0.005479322945896505,2.14203398979535e-05,0.019751695419902925
45940,"Trenton-Princeton, NJ (MA)",0.007511345599829589,0.024923951360043228,0.0015417546648794263,0.058299627744829864,0.23991495021444287,0.09670841223947983,0.00038316564965411185,0.05878280612337674,0.00011819686141872601,0.011815789542045612
46060,"Tucson, AZ (MA)",0.16843370886603037,0.004653339941626741,0.001088339550346211,0.01584154780916717,0.25193538944006305,0.015826089812890617,0.011105121137553946,0.013721387007360905,0.0006801518361684264,0.01671492459879254
46140,"Tulsa, OK (MA)",0.04049082062848645,0.0021391470343035818,0.0004985237360665834,0.009597200742191446,0.31687693444041576,0.03840860530187667,0.03601796863706482,0.013365089674865493,0.00044060191171723854,0.042165107893011956
46220,"Tuscaloosa, AL (MA)",0.01180154595550206,0.0017039363562844408,0.0009986646856369073,0.004387730153655188,0.28763423670797994,0.17800868894698238,0.00037426416655695775,0.006990652799458351,8.65133249327641e-05,0.00801376690301104
46300,"Twin Falls, ID (MA)",0.09574327129468505,0.0012499006262752961,0.00011483185965780105,0.01023328533950481,0.3653993940411098,0.0026411327721294242,0.0011439019865911722,0.006412917700889505,0.0004107447287759807,0.016650619650381154
46340,"Tyler, TX (MA)",0.08961279701333887,0.0010780844233004507,0.00014043183870647154,0.009793500382406698,0.29454605948260587,0.08442546094050443,0.0007345665409261588,0.008341651219164409,0.0004385794347294419,0.010888868724317177
46520,"Urban Honolulu, HI (MA)",0.0157525806098898,0.017307004660316972,0.0006353634426650985,0.01742865952104432,0.08873219874168486,0.011642419424587285,0.0008038086344414268,0.20778206935410626,0.04757837872980505,0.09233751688145891
46540,"Utica-Rome, NY (MA)",0.0031251067901445512,0.015509346273451116,0.0003400198202508287,0.008146806547517343,0.4181697023545091,0.02384581211769128,0.000888494002665482,0.0165669958650856,0.00021016300447664285,0.013197553224208044
46660,"Valdosta, GA (MA)",0.015486635519095996,0.005921660237952953,0.0027604987233117834,0.009184685174118542,0.27037268430488404,0.17507266257402077,0.0008760254251100125,0.006621122399087304,0.0003293583962622915,0.013374667246156354
46700,"Vallejo, CA (MA)",0.10533369366814936,0.005133663541795885,0.0010178720161619025,0.025986195041556647,0.18161650038100977,0.06573304506548051,0.0016691328926615747,0.07602584663913944,0.004186677063212178,0.03329737369083273
47020,"Victoria, TX (MA)",0.21472068316982668,0.002383978040969857,0.0003202358562496823,0.018385604635795253,0.2210389874447212,0.027275961978345958,0.0013571900574391297,0.005611752147613481,0.00031515274742032227,0.008590453921618462
47220,"Vineland-Bridgeton, NJ (MA)",0.05224275598530864,0.08784799994836077,0.0020720238056816053,0.01740887290941835,0.22355264941486305,0.09164348280736634,0.002723968990646846,0.007181079388849801,0.0001452353134823555,0.015181931436022231
47260,"Virginia Beach-Norfolk-Newport News, VA-NC (MA)",0.011950102668716692,0.009614794121029613,0.0017203569901261613,0.01272137418643835,0.27108895833961405,0.14783513603744533,0.0007944403689597689,0.019290162226621513,0.00029644963873340634,0.02468822542231512
47300,"Visalia, CA (MA)",0.3119008745241497,0.0012123167989740954,0.0008704901708920826,0.014824872239643822,0.13495039267599293,0.006734621517243136,0.0024479882122891983,0.01737158677619273,0.0005838653585251774,0.009102991726097083
47380,"Waco, TX (MA)",0.11907635266534596,0.0033768924592428346,0.0011795496265062432,0.010592319296268698,0.2728758110539612,0.07224877773940859,0.0007778848076189091,0.007895167299758274,0.00010723178422784028,0.011870013267661439
47460,"Walla Walla, WA (MA)",0.08946725003217089,0.0029677647664393255,0.0008284004632608415,0.01655192381932827,0.3531157508686141,0.008742439840432378,0.001512031913524643,0.007865783039505855,0.0008042722944280016,0.018144382962295716
47580,"Warner Robins, GA (MA)",0.015989502589960795,0.005280451219318621,0.002058211948211366,0.010984185101508474,0.26718130783760763,0.16557230461536834,0.0010714342403928064,0.014470976036910247,0.0006481515775215742,0.016743474833200177
47900,"Washington-Arlington-Alexandria, DC-VA-MD-WV (MA)",0.011316443329976347,0.006105587289083552,0.0015653651278910573,0.06207039121020318,0.22041721276252674,0.12325173651771641,0.000819321457173003,0.052070579142457225,0.00021146326737753489,0.022171899895594947
47940,"Waterloo-Cedar Falls, IA (MA)",0.013547258222367211,0.0017794122008363237,0.0001304902280613304,0.004555295234140989,0.41521397431715057,0.03757525430766037,0.0008007354903763457,0.011210296865268839,0.0011566179305436105,0.014030665203594413
48060,"Watertown-Fort Drum, NY (MA)",0.012207355016406822,0.013775779111481375,0.00039529387762041586,0.012275362565244741,0.40439838822109253,0.027568560110172228,0.0007523335090195011,0.007723107264906405,0.0010966217250114763,0.019807198599044493
48140,"Wausau-Weston, WI (MA)",0.010254556409097755,0.0014188883868052418,0.0002319626449766531,0.0022684139177586984,0.44436812773007983,0.0030396143997589997,0.0007079379424612141,0.022985389365868355,0.00015966259978912486,0.014565446603404126
48260,"Weirton-Steubenville, WV-OH (MA)",0.0037123443965737446,0.0008642269638812731,0.00040869846567784344,0.002567137237538954,0.4569802292117228,0.01923862881664765,0.0001745483030499123,0.00269485550806328,0.00048532942799243907,0.012874001668852069
48300,"Wenatchee, WA (MA)",0.13378188722859738,0.0016593742260381408,0.00019813423594485264,0.01391067448196153,0.3264302815157269,0.002266160323619252,0.003339387434987204,0.003793445059027491,0.0006274250804920333,0.013993230413605218
48540,"Wheeling, WV-OH (MA)",0.0021591500217340185,0.0012292190717792678,0.00012826633792479316,0.002027320729977981,0.4636828115981273,0.012876515146116737,0.0003705471984494025,0.002633022881289504,0.0005308801208553939,0.014362266893745592
48620,"Wichita, KS (MA)",0.05754251489572989,0.002038077209533267,0.0006128972194637538,0.007990938430983118,0.3529132013406157,0.03455809334657398,0.002639337140019861,0.01782832671300894,0.000295587140019861,0.02358102656405164
48660,"Wichita Falls, TX (MA)",0.08125661794956532,0.0028090455989370814,0.0007688624208375205,0.007348031644758584,0.3352071544671581,0.0445265763365729,0.0023605425201151946,0.009219604642849917,0.00037094239601810196,0.01613262202318727
48700,"Williamsport, PA (MA)",0.004287939513800165,0.002883420550606437,0.00048567478166512066,0.0032159546353501232,0.44594133398673363,0.02392495230761153,0.0005994364422353292,0.004091044332044035,0.0002537760120412342,0.014316467437912386
48900,"Wilmington, NC (MA)",0.012620160693556476,0.005001069653747821,0.0015974664987953243,0.011957326076054134,0.38162790779233985,0.0629061615562936,0.0008855330207372544,0.005742813154286155,0.00036473439269970085,0.01729682716148966
49020,"Winchester, VA-WV (MA)",0.02044885140618935,0.0034510744909841563,0.00038815766258513,0.025117329475281416,0.4024700942164508,0.02241786936730301,0.0006386957902537139,0.007127986167472388,0.0002964113059740993,0.017643530117505912
49180,"Winston-Salem, NC (MA)",0.03344558145617419,0.005295624700927607,0.001035793578377029,0.01415782700315345,0.33482659002487686,0.08683204688860686,0.0011086112044035345,0.008934276891252077,0.00016049599205842055,0.014203152260169948
49340,"Worcester, MA-CT (MA)",0.004595931006070718,0.03575497682771346,0.000812648133631818,0.020094291840334677,0.37609170698230154,0.021682602857521514,0.0005547787511519365,0.02303359185338225,0.00013304416347069588,0.017246427584421402
49420,"Yakima, WA (MA)",0.24000297862834166,0.0010425199195770347,0.00034293418407139304,0.01160489278897594,0.20768094187363562,0.004591398818738708,0.013086368464164357,0.004542408221014223,0.0021849806585120183,0.014920576442969066
49620,"York-Hanover, PA (MA)",0.007848571837089341,0.020886263899429176,0.0007808977024009855,0.011630976342099185,0.4084358948977684,0.02691237447894326,0.000271664411962033,0.007100669812254595,0.00017927651477656428,0.015953410103276472
49660,"Youngstown-Warren-Boardman, OH-PA (MA)",0.0038113479544076142,0.011575068346179157,0.0005392112583623832,0.0031762769167808075,0.4099102420643772,0.050230524334558005,0.000384360845704468,0.0037910699241786015,0.00017144152829983464,0.016410456827151913
49700,"Yuba City, CA (MA)",0.13746072073276727,0.003228700051258051,0.00036772079962559337,0.013137661295714382,0.23962024470147758,0.012399433932829667,0.003869425686969312,0.05987163201176707,0.0019221769071337835,0.028122283880457313
49740,"Yuma, AZ (MA)",0.3096272863450016,0.003158506780195522,0.0005641950488804794,0.010384638126773888,0.14888097209082307,0.008115539262062441,0.0045431251970987074,0.005486735257016714,0.00020202617470829393,0.009036975717439293
