CBSA,total_pop,mexican,puerto_rican,cuban,other_hispanic_latino,white,black_african_american,american_indian_alaska_native,asian,native_hawaiian_other_pacific_islander,other_race,two_or_more_sum
10100,42476,446,355,169,498,36680,909,1316,1302,61,4,736
10140,74737,5844,234,94,1707,58563,947,2646,1020,277,48,3357
10180,175241,38061,1110,391,3267,110600,12846,249,3329,58,890,4440
10220,38102,1941,12,0,256,24236,936,6203,332,59,43,4084
10300,99346,6545,886,68,859,85294,2036,135,276,38,186,3023
10380,311049,875,296005,359,5007,6392,320,74,132,0,722,1163
10420,702464,6617,4470,350,4493,551208,83056,642,23358,70,1824,26376
10460,67298,20882,386,422,4667,31683,2121,3998,747,96,189,2107
10500,149298,1882,615,270,1639,61074,78470,171,2167,41,216,2753
10540,127200,10659,254,70,1316,106456,465,733,1253,149,207,5638
10580,898265,5466,22155,2006,19300,705697,64408,915,40654,227,4271,33166
10620,62148,1848,269,113,586,49767,7103,21,1149,0,0,1292
10660,30882,2617,44,134,421,25816,312,44,917,8,7,562
10700,97179,7491,510,74,6176,77604,2762,182,644,38,133,1565
10740,913388,264889,6169,3271,180071,344071,20399,46596,19712,412,3566,24232
10760,51726,890,78,5,317,35042,14369,49,85,0,73,818
10780,152695,3020,652,295,1613,95912,44063,933,1764,11,325,4107
10820,38742,640,20,3,65,36938,104,62,170,103,20,617
10860,49204,37663,22,0,2801,7853,339,79,36,156,21,234
10900,857997,11538,79795,3502,62702,608551,44052,468,24414,267,2256,20452
10940,41758,2265,84,51,330,35404,2453,82,232,25,69,763
10980,28913,230,127,6,73,27244,189,47,141,25,104,727
11020,123132,350,688,125,454,115562,1962,89,732,10,144,3016
11060,24960,5124,287,0,870,15261,1552,340,356,39,78,1053
11100,268306,69953,783,428,9482,155621,16191,1074,8792,341,182,5459
11140,34312,1607,50,140,169,14720,16410,0,408,2,26,780
11180,124827,3353,231,84,710,106353,2621,150,7504,48,158,3615
11220,49539,913,5257,99,1114,39342,1278,70,383,8,50,1025
11260,399352,16449,5178,1538,10379,247205,16495,26272,29532,8715,2297,35292
11380,18184,9903,55,0,472,7084,394,0,85,37,0,154
11420,34379,1149,83,2,94,32054,97,16,226,0,34,624
11460,372428,10434,1698,785,5661,257733,42845,778,33822,114,1377,17181
11500,116425,2860,923,107,760,83073,24490,187,868,185,288,2684
11540,241748,8307,760,56,2053,210986,2944,2479,7878,43,422,5820
11580,34027,8913,200,602,1142,18374,4176,62,41,6,72,439
11620,58207,4647,226,7,740,39645,3265,3861,782,14,53,4967
11640,183384,118,180343,510,977,1086,99,0,2,0,230,19
11660,21569,749,20,0,296,14670,5251,26,121,15,14,407
11700,465558,19379,2987,1284,10083,392992,19863,1223,5125,341,1239,11042
11740,52658,458,239,0,98,50061,469,49,330,0,47,907
11780,97869,1600,2426,90,331,86419,3469,75,419,9,258,2773
11820,40720,2661,97,122,737,33748,379,256,416,95,10,2199
11860,16382,324,4,10,180,14356,415,21,103,0,20,949
11900,62933,445,263,75,463,56288,1534,85,1688,48,93,1951
11940,53065,1791,197,0,352,46613,1940,124,445,0,44,1559
11980,81717,9657,211,61,1174,62445,4765,237,547,40,14,2566
12020,213886,10060,1795,889,6252,139552,41896,175,7007,69,396,5795
12060,6026734,334192,67733,24212,235246,2742462,2031919,7157,371531,2342,32164,177776
12100,273865,13592,18373,973,20180,151996,36194,504,21298,119,936,9700
12120,36879,768,68,0,90,22110,11474,1189,92,0,83,1005
12140,43059,921,11,0,343,40652,99,15,188,0,21,809
12180,76644,420,1129,25,796,68059,2961,89,565,6,178,2416
12220,172223,3088,927,384,2148,115552,38004,224,7396,0,440,4060
12260,607673,14729,8901,1171,10339,324219,211423,567,11322,171,2821,22010
12300,123293,444,525,53,1070,115799,850,522,1057,6,88,2879
12380,39985,3702,36,246,919,30518,1431,35,1990,153,61,894
12420,2234300,587289,21370,11000,110980,1132563,153891,3052,136748,1119,7435,68853
12460,29020,1613,82,0,171,14400,12005,85,131,0,262,271
12540,905644,451414,5068,1006,38254,291410,45929,3998,42216,1065,2994,22290
12580,2837237,38984,28485,7018,101656,1568689,812681,4412,162566,1067,11492,100187
12620,152211,873,633,72,743,141069,1354,1654,1283,10,512,4008
12660,65428,2664,385,21,604,58743,524,749,316,0,69,1353
12680,46440,685,181,23,178,41847,2381,0,207,0,28,910
12700,227942,1558,1593,278,4382,198768,6486,1083,3576,19,2887,7312
12740,59609,370,188,44,599,55631,454,78,497,10,97,1641
12780,52382,2714,148,21,497,37403,1349,5138,1092,0,27,3993
12860,58387,541,770,47,685,52561,1190,283,425,0,87,1798
12900,55039,2036,74,110,816,47963,854,135,330,121,52,2548
12940,867628,11976,2365,1236,21633,483469,303052,1397,17108,119,2224,23049
12980,134207,5551,389,111,1433,102950,13249,389,3424,9,335,6367
13020,104050,5344,50,77,427,93065,1354,223,548,53,27,2882
13060,36323,13233,509,10,2158,15397,3602,46,675,120,121,452
13100,21706,434,24,0,173,20354,136,120,130,0,0,335
13140,397924,54641,1687,715,10073,215574,95771,677,10613,177,501,7495
13180,89274,3930,363,142,297,79401,2264,184,506,38,58,2091
13220,115985,408,391,261,704,103034,7609,91,567,20,284,2616
13260,45133,573,94,0,109,42791,121,134,290,20,210,791
13300,31191,16394,282,21,1876,9471,2109,117,71,0,7,843
13340,45997,450,172,0,241,42615,767,55,349,34,58,1256
13380,224533,16106,1141,353,4658,174111,2023,4772,9427,556,509,10877
13420,46033,776,110,40,238,32604,402,8567,337,63,137,2759
13460,194964,12778,290,96,3051,167749,870,1066,2101,253,553,6157
13500,26912,400,148,6,340,10414,13408,804,76,0,158,1158
13540,37235,405,80,31,338,34659,303,27,453,27,93,819
13620,31360,127,152,27,311,29593,610,28,28,27,31,426
13660,40051,783,118,31,90,36238,1131,252,394,0,23,991
13700,34620,13391,188,42,1608,16126,1805,166,298,0,45,951
13720,40227,237,38,37,165,36829,2049,55,196,0,84,537
13740,182997,7521,409,142,2460,157373,779,6504,1267,66,447,6029
13780,247158,1293,4736,236,3742,209386,10308,287,9573,91,340,7166
13820,1109895,33650,4591,1542,12360,679433,333241,1567,16421,271,3651,23168
13900,132661,1965,764,6,1340,115366,2606,5141,1001,249,144,4079
13940,47540,7412,9,0,1302,34859,61,2356,221,26,47,1247
13980,166156,2140,524,82,2130,142537,7563,333,6929,267,393,3258
14010,171455,6548,572,157,1575,135230,14042,214,8784,12,246,4075
14020,161469,3000,576,83,1684,136866,4749,130,9280,13,92,4996
14100,83211,1098,703,40,710,76540,1389,33,1315,206,66,1111
14140,106785,453,377,24,383,97535,5107,65,459,8,38,2336
14160,28103,499,61,0,355,26280,232,9,118,0,0,549
14180,41061,1494,38,0,349,23403,14283,22,162,16,90,1204
14220,45794,699,194,0,247,29599,14075,86,65,0,59,770
14260,750669,86501,3428,536,15257,591499,7106,3461,14193,1340,3428,23920
14300,35453,3696,10,36,550,27511,2072,198,165,21,29,1165
14380,54077,1217,324,148,416,49405,952,214,661,28,9,703
14420,20801,4513,127,10,393,14368,457,263,105,114,0,451
14460,4912030,34866,138515,12692,383518,3362576,358248,4622,404994,1617,45098,165284
14500,328713,32412,1805,905,10785,252037,2659,973,15339,227,784,10787
14540,178398,4660,350,393,3053,145480,11627,213,6273,589,189,5571
14580,116725,3133,297,134,1242,105476,483,783,1492,4,388,3293
14620,40652,194,355,25,361,37664,914,21,156,17,121,824
14660,95796,1334,105,17,293,86185,566,3372,452,1,353,3118
14700,55854,2187,438,13,879,49106,981,281,352,5,43,1569
14720,31042,2954,188,0,1416,24727,53,95,368,126,28,1087
14740,273072,14255,2131,369,5827,205621,6933,2499,13215,2571,720,18931
14780,35561,5491,116,14,349,22314,6016,3,473,0,62,723
14820,32979,798,120,115,96,29673,1399,58,31,0,44,645
14860,956446,24614,53738,4956,113032,571692,102309,871,51627,346,7391,25870
15020,34910,191,0,9,263,23331,10665,0,161,0,2,288
15060,23234,1630,75,0,74,19715,25,300,212,0,37,1166
15100,34315,650,226,0,386,30501,410,221,1060,0,0,861
15140,17912,722,32,0,32,7787,9012,0,29,0,58,240
15180,420554,361595,1362,376,15110,35794,1646,395,2820,126,262,1068
15220,38085,7994,80,0,710,26775,1314,68,232,0,70,842
15260,113736,3063,1109,168,2063,76810,25263,294,1524,77,188,3177
15340,41939,494,80,3,168,39640,504,22,276,0,14,738
15380,1162523,6860,39183,1717,14345,888043,131997,5228,39334,255,2713,32848
15420,45862,12742,62,6,1609,29662,32,371,121,7,118,1132
15460,45554,797,483,15,203,39762,2331,41,427,1,66,1428
15500,169185,14339,1345,184,6310,105121,33083,291,2811,46,875,4780
15540,224524,1326,704,383,2772,199663,4511,462,7087,58,394,7164
15580,35017,970,50,40,580,31466,54,783,177,11,26,860
15620,48590,808,140,24,222,45061,317,161,151,20,40,1646
15660,57274,6083,860,321,2184,43903,1679,101,614,54,0,1475
15680,113209,2162,905,76,3043,82313,15806,45,2825,22,390,5622
15700,32486,670,601,64,588,20259,8207,3,429,0,58,1607
15740,38542,318,20,0,124,36057,797,40,132,0,307,747
15780,27669,665,46,0,77,15975,10665,12,7,0,7,215
15820,37089,496,191,0,143,33657,1408,94,242,0,0,858
15860,49007,2382,252,102,3945,38369,2117,429,330,2,105,974
15940,401578,3658,1778,193,3117,346296,27404,365,3257,34,921,14555
15980,752251,40941,34830,42954,51345,490504,58467,635,12411,311,4144,15709
16020,97332,1421,164,51,617,82707,7857,92,1206,80,130,3007
16060,134185,3484,323,52,860,110690,11712,253,2780,27,479,3525
16100,61096,27406,126,207,3334,27074,785,678,474,0,393,619
16140,20756,333,38,15,220,19409,57,10,137,0,62,475
16180,57957,11859,84,137,2336,37629,1125,957,1465,30,113,2222
16220,79382,5542,93,71,1384,68126,562,626,369,30,143,2436
16260,55839,4114,75,44,953,47412,392,969,524,104,126,1126
16300,274901,6497,363,120,1890,236186,13716,296,5507,346,1081,8899
16340,42692,2831,239,0,2706,30530,5192,18,274,0,326,576
16380,42154,618,20,0,162,40034,274,0,251,346,0,449
16420,31011,367,27,0,124,28521,1278,75,94,15,20,490
16460,37781,434,136,0,263,34283,1424,9,231,3,56,942
16500,81214,6962,443,221,1255,66513,420,377,817,120,239,3847
16540,155592,3292,2427,196,3845,134679,5305,54,1186,0,166,4442
16580,223247,8342,1262,130,3451,152320,26808,94,22134,68,572,8066
16620,260824,1190,410,302,696,235281,12553,341,2310,191,135,7415
16660,58070,1114,161,24,160,52991,1829,23,487,0,76,1205
16700,789932,21345,6546,878,18045,504230,193795,1607,14970,1404,2992,24120
16740,2625282,119948,27848,10695,119766,1564768,588932,5232,103743,857,8056,75437
16820,220282,4179,1400,879,5702,164765,25053,466,10095,106,981,6656
16860,559860,12211,2945,691,11457,433674,71926,651,9017,195,1686,15407
16940,99905,11209,299,11,3763,77247,2146,630,1103,51,649,2797
16980,9607711,1682598,210498,26138,245877,4981528,1543227,7760,652182,2256,29466,226181
17020,217884,32085,873,229,4795,153153,3897,1451,10617,517,299,9968
17060,77205,326,529,7,182,68848,4226,50,417,16,144,2460
17140,2244329,34961,9293,3291,30309,1759013,265795,1302,61768,780,6714,71103
17220,90878,318,251,28,795,85438,1167,42,468,20,34,2317
17260,21839,297,0,0,85,4367,16454,77,109,0,13,437
17300,316185,14992,7623,720,6177,204953,56311,752,6177,1411,1346,15723
17340,67749,13154,174,86,1636,45945,1530,1768,922,157,166,2211
17380,31301,595,38,27,49,9480,19867,8,241,0,87,909
17420,125347,4525,1390,227,1419,107086,5138,276,1238,21,849,3178
17460,2084462,29736,73911,2367,23289,1433249,400127,2111,48321,416,6648,64287
17500,39439,12045,1773,4403,3519,12067,4164,577,381,0,0,510
17540,46589,984,98,118,355,42043,1281,65,336,2,33,1274
17580,48716,16161,382,0,4728,22279,2332,263,688,42,52,1789
17620,35268,12,34758,64,317,106,11,0,0,0,0,0
17640,26208,16,25918,0,137,34,88,4,0,0,0,11
17660,168317,6232,479,47,1731,148647,460,1603,1287,166,894,6771
17700,31679,1539,192,26,503,24886,1540,918,180,8,83,1804
17740,44677,1787,130,65,381,39904,896,124,262,0,31,1097
17780,265621,57945,1154,899,8355,146637,30337,196,13532,160,568,5838
17820,747343,81531,10413,2712,36488,509912,41963,2265,19178,1793,2549,38539
17860,209714,4467,398,121,2057,166247,17906,472,8087,182,626,9151
17900,825823,23500,8856,1894,13927,455704,275257,1344,18236,903,3158,23044
17980,325657,8473,5802,787,8849,145461,134696,477,6806,392,1637,12277
18020,81759,4453,800,43,861,65508,1313,72,6517,0,285,1907
18060,58904,791,64,45,341,29898,26039,73,535,0,119,999
18100,34123,4811,72,475,1707,26015,259,74,251,8,32,419
18140,2122480,44627,15976,1396,32920,1510919,331891,1841,96361,500,6713,79336
18180,152983,550,1402,197,1475,140075,2310,390,2965,8,285,3326
18220,23393,248,0,0,79,21992,318,61,23,0,3,669
18260,112945,2352,334,344,2788,101442,2027,175,938,91,59,2395
18300,64619,3446,97,46,887,54351,294,1249,686,30,75,3458
18380,20524,674,14,80,0,10098,9374,0,26,0,37,221
18420,34964,733,9,60,385,28405,3625,1,147,44,20,1535
18460,45767,6141,227,48,926,34652,1495,68,930,14,90,1176
18500,94153,346,636,23,593,87493,1466,106,1415,0,284,1791
18580,422194,247917,2084,833,17875,126074,13675,499,8065,218,660,4294
18620,51908,13855,121,5,963,27949,5806,79,341,821,44,1924
18660,46984,232,580,5,532,42924,901,39,502,0,222,1047
18700,94667,5421,280,69,1698,74930,1024,396,6905,222,210,3512
18740,36621,164,148,69,52,34895,422,55,136,0,46,634
18780,13240,1647,114,0,401,10474,46,178,22,0,46,312
18820,37967,1551,151,26,168,34624,325,4,193,20,106,799
18860,27655,4001,194,0,1468,16617,799,1683,810,43,401,1639
18880,282686,8973,4870,1778,9633,211966,22675,481,7414,257,1170,13469
18900,60568,1122,289,51,433,56939,370,244,154,0,12,954
18980,87129,2985,199,116,639,79371,978,290,311,9,41,2190
19000,57149,2119,326,217,956,42630,963,7239,507,3,70,2119
19060,95729,314,399,48,857,84455,6508,82,667,4,248,2147
19100,7543340,1781015,61118,24026,342423,3355796,1183495,16377,549919,6253,22052,200866
19140,142929,34687,1000,998,6801,91231,3796,157,1796,5,146,2312
19180,74953,3270,135,90,473,58201,10751,75,699,10,53,1196
19220,54783,1079,159,37,210,48448,2869,24,272,0,356,1329
19260,103389,1999,389,48,1296,62292,32849,52,796,47,107,3514
19300,227131,5835,1064,615,3120,187548,19749,1076,2175,9,959,4981
19340,384055,30795,1266,270,2704,298110,28049,464,8962,135,787,12513
19420,32723,1309,159,10,254,28944,601,15,187,0,5,1239
19430,811078,12031,3337,649,8672,610477,122287,930,18025,224,2531,31915
19460,155697,7548,956,229,2674,116820,19164,2200,603,276,267,4960
19500,104331,1613,224,189,506,78618,16844,165,1343,62,205,4562
19540,35685,1444,18,0,188,33283,313,9,28,0,37,365
19580,38329,3063,340,80,542,32824,521,36,96,6,27,794
19620,47767,36761,370,93,2218,6871,546,41,310,4,81,472
19660,662671,18777,44040,6997,25479,467748,68503,1015,12417,206,1840,15649
19700,25282,16385,59,84,774,7077,397,167,261,16,0,62
19740,2936665,515025,17724,6676,146533,1845696,159287,9812,124628,3627,9195,98462
19760,36417,730,339,2,329,28904,4259,66,225,59,220,1284
19780,702036,38891,2263,589,10217,561755,37423,871,29029,359,877,19762
19820,4382832,139318,25023,4486,38452,2861573,950918,8965,201340,1355,13647,137755
19860,33549,1194,105,0,597,29148,712,491,387,156,24,735
19940,34373,1660,332,37,254,29397,1848,14,241,12,18,560
19980,34426,16135,685,238,2151,13435,608,22,410,31,38,673
20020,150124,3362,766,302,872,102994,35857,362,1196,46,916,3451
20060,51317,5732,357,141,1160,29242,13639,33,375,0,32,606
20100,180078,2686,6284,231,4352,107409,45397,668,3727,35,756,8533
20140,64884,740,368,151,419,38246,23766,115,187,8,255,629
20180,80667,745,865,156,756,74307,1954,86,423,15,119,1241
20220,98687,1503,249,146,738,88657,2901,135,1203,621,185,2349
20260,291325,2936,320,191,1884,263383,4602,5679,2935,41,346,9008
20300,21494,10818,4,440,1131,6693,847,52,958,0,39,512
20340,42983,2597,161,51,705,33931,639,1813,232,37,98,2719
20420,55673,3087,104,108,3951,43134,260,2790,458,1,328,1452
20460,45809,2422,92,0,506,31763,825,6164,280,58,28,3671
20500,642445,37992,5157,1879,27775,351607,163451,1491,28943,425,2344,21381
20540,36975,1097,78,0,173,29226,4735,62,191,9,0,1404
20580,57769,52740,626,0,1593,1494,254,964,54,0,37,7
20660,37510,797,246,34,1570,28850,4189,47,474,0,100,1203
20700,168128,2517,14312,425,11743,106704,21969,231,4124,0,1581,4522
20740,171083,2789,443,119,761,154467,2176,435,4781,458,223,4431
20780,55693,12797,12,289,3302,36122,504,43,807,52,108,1657
20820,34576,581,41,0,138,32960,155,36,200,0,5,460
20900,41602,15672,260,75,1721,18038,5210,38,177,0,20,391
20940,180051,147302,683,34,5199,17510,4447,1283,2232,102,146,1113
20980,39262,1366,5,0,224,23772,12810,160,311,0,22,592
21020,53242,1106,1064,82,541,30950,17365,83,569,29,68,1385
21060,154637,3803,2474,247,1653,123013,14133,210,2314,407,515,5868
21120,22349,2771,337,57,233,16626,1034,500,156,1,55,579
21140,206314,23251,3061,551,7645,152111,10534,304,1978,110,430,6339
21180,28150,85,34,0,147,25852,447,7,127,0,0,1451
21220,55023,12061,84,4,1295,35535,563,2540,676,110,363,1792
21260,44147,3307,62,38,690,35905,393,162,611,149,368,2462
21300,84456,863,1203,49,716,72030,4887,111,1240,0,209,3148
21340,863807,674968,8099,1612,31147,99253,24627,2296,9109,1179,879,10638
21380,34901,5946,148,30,1101,25076,614,152,492,0,26,1316
21420,62628,7729,86,25,524,45551,1365,985,689,2419,8,3247
21460,53043,1741,1315,208,1018,36675,8579,363,762,6,66,2310
21500,271903,2635,7090,156,2527,225960,18138,450,5081,40,1065,8761
21540,36836,153,166,50,166,33543,108,715,230,2,33,1670
21580,40347,7274,62,29,21419,4767,198,5757,203,9,357,272
21640,27508,932,90,0,186,12180,13110,71,165,1,229,544
21660,380532,25050,1519,613,8585,307085,3738,2267,9863,836,893,20083
21700,137014,12591,538,221,3527,98786,1488,5192,4194,384,658,9435
21740,20514,1553,4,64,360,17853,52,20,37,0,0,571
21780,313673,5191,608,354,1898,268664,22367,195,4245,389,1069,8693
21820,97149,4458,1467,171,1920,66420,4221,6854,3205,568,442,7423
21840,15846,293,122,12,114,12746,1047,0,986,0,52,474
21860,20070,924,7,23,83,18306,76,28,109,2,165,347
21900,56256,326,97,22,325,51852,1715,93,191,1,298,1336
21980,25077,2530,246,19,942,17968,599,881,643,19,8,1222
22020,247967,5851,827,56,1715,209090,14086,2619,6978,188,418,6139
22060,66795,4457,101,13,1096,53981,4121,163,1549,40,14,1260
22100,67168,392,62,67,590,61079,2363,114,259,20,215,2007
22140,122912,15880,328,201,9899,44936,797,46310,774,40,313,3434
22180,518825,28215,19756,1731,16389,238771,165825,8405,10370,1445,2889,25029
22220,538063,62389,2807,945,24316,366347,13043,4252,17772,8014,2268,35910
22260,59728,1476,63,37,606,54762,675,138,281,0,128,1562
22280,58029,8492,197,304,1684,42235,593,1149,708,80,240,2347
22300,75139,3266,354,27,769,66272,1188,44,1405,8,110,1696
22340,17237,694,102,5,314,9438,6414,0,41,0,26,203
22380,144942,14711,400,455,5535,76862,1967,36335,2489,196,476,5516
22420,406400,10718,1362,980,1995,290950,78059,1061,3886,22,1234,16133
22500,200709,3266,695,59,1355,103728,84888,428,2181,43,412,3654
22520,150131,3119,258,335,736,122409,18331,459,727,129,226,3402
22540,103890,4165,205,36,1455,91705,1766,296,1497,88,394,2283
22580,64592,1584,163,202,1160,53194,5878,110,325,15,217,1744
22620,23623,560,113,0,625,9220,12561,138,30,50,18,308
22660,354670,31167,1580,678,9202,288437,3216,1344,7201,320,1372,10153
22700,37114,1361,183,4,574,31704,1591,95,496,2,108,996
22780,53460,2810,1713,103,1493,36937,5592,467,1392,263,196,2494
22800,58123,1495,19,12,69,53806,1130,115,388,4,8,1077
22820,28868,8223,121,9,2210,16512,896,61,62,97,41,636
22840,71554,6151,40,114,4533,56982,1114,393,55,46,282,1844
22860,49064,2807,903,195,793,34171,6749,419,868,180,82,1897
22900,245235,17527,777,210,7835,177557,9486,10589,6952,41,301,13960
23060,415887,23086,1809,303,5427,308560,42543,440,17389,161,1316,14853
23140,33010,5175,97,0,181,26823,213,1,137,18,22,343
23180,74965,1099,150,15,1152,63654,5403,28,1031,11,69,2353
23240,26730,5932,16,0,525,19611,22,48,95,0,70,411
23300,44817,1420,329,23,177,36503,4214,74,343,0,62,1672
23340,37249,3245,99,91,1898,30507,271,66,218,17,46,791
23380,59013,4817,517,25,755,49069,1555,180,232,21,132,1710
23420,1003150,497593,4849,1220,37682,279940,42525,4340,104266,1561,2945,26229
23460,103468,2376,437,151,1452,79746,15851,190,692,2,198,2373
23500,56204,1875,389,49,351,40209,11082,56,123,9,388,1673
23540,336322,5591,9210,6438,12647,214248,58357,657,16794,146,1658,10576
23580,201703,43786,1574,1289,11754,120064,13757,170,3729,21,706,4853
23620,41215,6997,187,0,531,30368,1167,295,326,0,52,1292
23660,50193,2271,354,29,416,41062,4295,45,518,0,129,1074
23700,72946,7925,286,20,2345,5816,352,53340,825,70,112,1855
23780,42357,16992,211,29,3432,18024,1518,75,1457,0,17,602
23820,49158,5239,262,28,940,38758,366,712,879,87,311,1576
23860,62992,1334,289,160,233,40863,19181,87,359,0,40,446
23900,103782,4281,1490,266,1514,91698,1419,75,783,5,195,2056
23940,60834,3609,66,16,648,53304,159,475,120,92,25,2320
23980,54552,700,193,134,685,49430,1748,73,374,0,100,1115
24020,127196,570,1277,63,1680,117109,2412,175,893,28,169,2820
24060,78692,14758,493,494,3960,54683,334,192,949,73,369,2387
24100,53588,286,1239,0,372,48536,754,49,390,56,46,1860
24140,117692,8930,905,116,4744,61317,35731,146,1275,180,257,4091
24180,60521,7339,88,171,224,50242,568,270,361,37,38,1183
24220,104404,3743,474,186,1132,86960,3647,2234,2478,378,373,2799
24260,76764,11282,166,1269,6271,53560,1828,254,760,88,85,1201
24300,154685,12758,658,175,9540,124129,1062,877,1755,105,494,3132
24330,44969,437,64,17,219,40237,252,1421,122,24,90,2086
24340,1081665,73140,10195,3471,20636,836537,68176,2028,27897,247,3354,35984
24380,27284,3649,43,20,6908,4998,365,10821,46,9,24,401
24420,87686,5017,382,7,1498,74715,515,559,804,42,343,3804
24460,25708,3576,8,62,314,20689,294,97,72,0,14,582
24500,84178,2704,435,223,740,70654,1226,3235,708,23,175,4055
24540,322424,79111,1645,567,15499,207320,3877,645,5266,348,674,7472
24580,326590,19878,2966,165,3345,267569,7180,5261,8730,40,810,10646
24620,69926,1357,255,60,502,64656,1197,122,394,0,77,1306
24660,771751,44276,7429,1687,14897,438731,207018,2101,29917,301,2952,22442
24700,26466,352,32,0,191,24943,63,1,343,0,110,431
24740,45616,772,5,0,20,11185,32827,20,370,0,61,356
24780,170600,8187,1215,434,1370,91116,59886,262,2950,98,404,4678
24820,51839,451,31,153,233,49595,505,37,45,0,20,769
24860,918166,28410,7781,2579,28358,659759,142314,1243,17591,1272,2527,26332
24900,38608,645,12,0,166,12513,24902,0,118,0,74,178
24940,69338,2575,672,280,884,40849,22074,83,536,0,162,1223
24980,21621,81,0,0,47,11437,9605,18,27,0,166,240
25020,69802,181,68779,73,477,172,68,0,0,0,28,24
25060,414642,8145,5449,990,9042,278934,87428,1093,8868,235,1461,12997
25100,21448,8348,107,236,1379,8984,1073,136,623,8,17,537
25180,291560,3516,3530,214,7812,234612,24803,412,4051,140,1225,11245
25200,24912,4561,68,0,1028,18033,118,175,193,1,46,689
25220,132492,2329,323,341,2920,82930,39575,187,851,43,118,2875
25260,151887,78805,939,103,4522,46860,9188,1228,5687,256,233,4066
25300,38882,543,15,4,81,35340,1451,97,214,28,65,1044
25420,587411,7352,20219,1565,12012,440313,60140,546,26927,48,1691,16598
25460,44788,676,74,30,329,41737,96,384,259,20,31,1152
25500,135152,5838,2968,390,7722,106150,5335,40,2323,50,583,3753
25540,1213324,12237,122991,4044,49843,789757,127956,1330,63431,219,5194,36322
25580,31284,2449,47,462,575,26410,203,44,373,3,50,668
25620,171455,2937,797,139,1539,110760,49837,144,1532,131,127,3512
25700,28893,1281,8,2,483,25715,269,39,496,57,29,514
25720,76184,7003,266,55,2034,63611,344,63,1282,64,109,1353
25740,82397,1961,229,75,608,74393,373,909,407,0,244,3198
25760,16923,137,60,0,145,5756,10701,3,0,0,0,121
25780,42650,2690,333,61,429,16413,20381,418,399,0,0,1526
25820,18675,12621,164,204,906,4315,139,64,177,0,8,77
25840,91473,23714,200,142,2553,57785,816,2128,729,141,263,3002
25860,364877,16930,2122,163,9383,290891,23466,519,11141,185,869,9208
25880,45673,891,85,74,102,42920,293,134,160,0,60,954
25900,200468,9135,9892,454,7512,59746,1419,213,43000,22623,570,45904
25940,214370,13480,3736,542,6995,138693,42159,233,2268,118,915,5231
25980,80732,4290,3979,285,1432,33596,29773,265,1379,430,382,4921
26020,72743,39587,364,191,4043,24218,2514,490,410,0,209,717
26090,119418,7489,478,99,1016,103682,1482,333,842,0,419,3578
26140,151888,1830,3857,1297,2384,132004,3570,276,2530,28,501,3611
26220,23915,7353,4,0,253,14806,164,76,237,11,222,789
26260,28692,2566,8,32,101,16166,9082,84,33,56,21,543
26300,99694,4326,32,62,1562,80861,8213,702,692,80,32,3132
26340,39537,458,53,10,172,36462,374,183,1031,26,69,699
26380,207777,5690,703,220,3454,147508,33810,8178,1895,18,212,6089
26420,7048954,1922721,52028,45871,651632,2449159,1182900,10375,552565,3105,21197,157401
26460,61587,612,1081,141,1310,52242,2398,32,1191,5,346,2229
26500,44458,385,344,48,142,39925,2229,71,168,1,18,1127
26540,36572,725,98,4,140,34433,299,120,269,56,0,428
26580,361177,2803,459,137,1184,337035,7201,381,2391,75,716,8795
26620,483366,15260,3973,652,6181,321106,104977,2391,11578,280,914,16054
26660,76506,12153,137,16,1715,42755,17219,143,853,229,0,1286
26700,20770,1119,35,0,1127,15698,177,235,1458,262,9,650
26740,62071,5229,179,47,653,51577,1443,378,369,38,215,1943
26780,36662,2109,6,89,262,32919,172,85,306,0,130,584
26820,154771,17636,249,98,2016,128154,403,740,1114,163,478,3720
26860,83620,329,289,119,440,77683,1790,45,825,4,162,1934
26900,2089990,95858,11622,2303,37950,1480297,314649,1770,73464,418,8066,63593
26940,26295,71,17,0,3,6177,19861,57,19,0,10,80
26980,174358,5931,1057,221,3202,137152,10898,306,9279,97,372,5843
27020,30496,367,7,0,74,28806,212,243,138,0,61,588
27060,105638,1165,1320,369,2743,81263,3645,44,9859,39,391,4800
27100,160765,4318,733,176,773,134345,12328,396,1272,16,208,6200
27140,594756,7951,764,597,4430,268306,297489,505,6827,44,1245,6598
27160,32531,308,0,5,50,31125,237,67,82,0,2,655
27180,179941,4522,393,437,2217,117001,48155,220,1202,75,608,5111
27220,34809,4378,119,0,878,27908,166,148,369,15,154,674
27260,1581680,29291,47608,20516,55195,965983,330225,2232,61176,820,8848,59786
27300,38112,677,112,0,119,33764,2079,79,276,18,14,974
27340,201597,11613,6835,815,7058,131799,27686,564,3875,337,254,10761
27380,50564,11440,57,23,583,29881,6914,181,226,18,10,1231
27420,21678,214,154,28,189,19813,338,321,144,4,2,471
27460,128042,857,7310,129,1711,110708,2904,234,831,64,131,3163
27500,163522,12485,665,128,2049,132964,7688,333,1929,18,256,5007
27530,65194,1008,118,47,582,57171,3817,88,116,0,301,1946
27540,55694,1258,314,191,2090,50418,400,1,208,0,149,665
27580,14877,0,14580,0,114,183,0,0,0,0,0,0
27600,73839,3340,1010,56,1955,58873,5417,8,1362,21,210,1587
27620,150956,2907,451,41,785,129090,11413,593,1493,115,563,3505
27660,32270,431,11,33,347,24971,5234,289,51,0,27,876
27700,30118,738,747,7,472,21310,5493,51,750,6,84,460
27740,206272,3828,643,442,2208,185291,6325,227,2353,16,93,4846
27780,134048,827,891,104,541,123310,4617,41,608,23,317,2769
27860,133087,5341,415,0,854,101130,17886,316,1228,7,431,5479
27900,180693,6991,600,72,5967,149949,2854,1988,2345,967,435,8525
27940,32240,1004,303,130,833,20152,311,3195,2104,435,87,3686
27980,164568,7766,5550,155,5989,48848,1081,315,47343,17525,544,29452
28020,261280,8911,799,547,3605,199569,27748,400,6090,77,750,12784
28060,103400,2177,52,46,959,94717,329,1041,840,0,243,2996
28100,108104,10598,458,62,725,76686,15656,46,902,0,127,2844
28140,2176124,151826,9129,4801,38958,1556083,258703,4990,63800,4029,7230,76575
28180,73247,2189,2467,20,3810,21455,381,158,21837,6217,116,14597
28260,56479,4041,69,33,1112,48742,367,147,755,0,61,1152
28300,76473,469,345,127,640,71584,468,118,576,10,94,2042
28340,47293,4349,190,63,400,40859,160,46,293,65,78,790
28380,28592,1945,5,8,33,22271,2965,4,84,0,47,1230
28420,299864,88844,497,1047,7655,177360,4931,1228,7801,417,1109,8975
28500,52411,12356,229,6,2054,35154,739,38,402,15,225,1193
28540,13939,446,63,50,231,8706,108,1959,1149,32,42,1153
28580,82244,1985,1328,11635,5709,53276,5195,27,909,125,220,1835
28620,36718,1410,266,84,1023,31524,1155,37,179,10,266,764
28660,467838,76899,21359,1012,14907,221877,89954,1212,12264,2565,1027,24762
28700,307215,3474,898,170,1297,287294,5706,371,1692,91,179,6043
28740,181862,3483,7803,1522,6625,138276,10120,130,3128,19,1501,9255
28780,31184,21806,1,28,1112,6152,930,58,493,0,133,471
28820,55344,3299,334,6,816,26829,21744,82,419,0,19,1796
28860,29433,390,83,0,312,26452,1006,47,581,5,9,548
28900,68899,8485,53,106,930,52381,439,2165,727,149,53,3411
28940,873816,20047,3676,1814,11174,747676,49099,1074,13880,461,2444,22471
29020,83349,1958,280,246,530,69983,6540,102,1042,0,262,2406
29060,63395,259,452,51,437,59698,362,171,769,4,118,1074
29100,139097,1422,321,162,913,124699,2164,289,5387,38,100,3602
29180,479888,8836,779,520,9487,319866,116730,625,7935,211,1591,13308
29200,223366,12824,748,742,3462,173359,10561,165,14702,54,883,5866
29260,26255,997,50,4,279,23101,197,215,282,387,63,680
29300,104317,1992,329,259,999,57600,39418,143,1909,3,234,1431
29340,218296,4726,276,112,3695,146780,53197,494,3128,0,389,5499
29380,69265,941,1681,739,1229,49080,12075,59,702,22,422,2315
29420,211274,29026,914,475,5827,160404,2130,3308,2376,470,257,6087
29460,713148,52307,76138,12960,36054,399391,103408,1360,11852,275,3832,15571
29500,12371,6418,71,48,713,3845,1008,45,17,2,0,204
29540,550480,5189,37691,2634,15345,444487,18244,246,12846,98,1641,12059
29620,541730,26174,2135,2470,4367,419362,42164,1445,21975,63,1415,20160
29660,37311,2559,194,15,932,30360,288,239,1354,37,45,1288
29700,266963,241242,1138,324,12190,8927,891,69,1303,10,469,400
29740,218157,132537,932,301,16568,57666,3520,1571,2254,167,297,2344
29780,31589,7036,219,3,17560,5241,344,299,265,0,170,452
29820,2231147,520619,24786,32427,130867,905040,256523,9178,218259,16147,10745,106556
29860,83780,3000,81,0,213,50580,28505,202,215,50,102,832
29900,34345,618,309,3,216,14331,13235,4265,354,0,121,893
29940,118690,5341,913,67,1411,91871,4629,1877,5990,0,632,5959
29980,43967,735,160,46,144,40711,710,19,189,49,142,1062
30020,127105,10864,2950,94,3433,70869,17814,5496,3021,512,507,11545
30060,35898,662,35,162,82,32888,177,128,175,63,104,1422
30100,221009,1324,1097,207,1958,203750,1825,365,4128,95,506,5754
30140,142486,1341,14172,104,4447,114672,2728,27,2078,16,350,2551
30220,21670,9846,2,0,842,9748,698,83,77,21,29,324
30260,43094,262,1033,37,1281,36287,2846,114,735,7,91,401
30280,33909,1716,90,32,121,28644,1773,79,156,0,234,1064
30300,64105,2234,131,40,454,55838,219,2386,642,73,161,1927
30340,110378,934,621,96,519,98807,2975,112,1099,3,206,5006
30380,46156,240,417,16,111,43926,306,89,178,0,20,853
30420,25842,4442,0,228,3581,15372,1598,51,206,22,54,288
30460,514392,21509,2702,689,7674,393244,54992,316,14433,42,1774,17017
30580,22223,12042,95,165,1714,6456,557,152,544,0,3,495
30620,102462,2172,481,86,819,81674,11370,116,857,15,207,4665
30660,28238,592,129,35,241,24200,2012,19,139,0,16,855
30700,337906,16602,1157,815,5852,272991,11870,1213,13347,208,793,13058
30780,745222,27843,1331,908,10922,489996,176758,1528,12339,392,1882,21323
30820,37824,138,228,5,274,35772,443,119,280,5,35,525
30860,145739,10933,533,41,3808,122184,802,302,2418,512,442,3764
30900,37918,3908,245,135,1881,29546,371,72,638,0,26,1096
30940,149519,1127,581,0,481,141888,2126,303,210,35,135,2633
30980,285741,42014,974,278,2994,177795,49571,469,2266,176,399,8805
31020,109457,8495,345,134,1466,89585,879,1052,1293,260,430,5518
31060,19169,1625,100,11,1773,13561,211,130,1043,0,0,715
31080,13202558,4556204,61731,51658,1292119,3793557,816351,23994,2130155,29506,53195,394088
31140,1279554,31039,5539,16776,14663,951849,188378,780,28073,427,4439,37591
31180,319432,97365,1761,402,18478,165558,20711,781,7131,229,592,6424
31220,29103,1257,43,0,79,26380,327,137,140,0,8,732
31260,86584,17781,244,33,1637,51718,11902,405,841,0,80,1943
31300,118836,7983,671,96,1869,28316,27369,49053,692,19,200,2568
31340,261232,3522,1436,229,3120,196686,43789,585,3654,51,1226,6934
31380,27743,580,56,16,167,24083,1429,13,705,10,47,637
31420,233026,3427,1245,532,2121,111243,103964,298,3928,54,878,5336
31460,156304,86716,661,104,4919,50655,4395,1366,3354,111,457,3566
31500,33000,634,106,18,221,30382,651,64,245,0,147,532
31540,674506,25160,3631,906,11399,544601,28932,1349,33895,198,1872,22563
31580,45432,706,40,3,260,40005,2766,63,289,33,0,1267
31620,22947,607,3,0,47,13607,8212,35,137,0,12,287
31660,47996,382,773,6,551,38922,2433,3220,293,10,261,1145
31680,33096,1156,5,5,45,27137,3681,138,101,4,5,819
31700,420504,4779,10575,894,14766,348338,9401,333,17634,56,1003,12725
31740,134198,8303,2083,174,3020,97937,10842,467,4622,522,268,5960
31820,81103,2632,178,51,814,72417,892,305,2114,64,62,1574
31860,102870,3370,108,13,928,89416,3969,129,2147,20,80,2690
31900,124504,1403,687,53,452,105580,10143,120,1036,139,510,4381
31930,59942,203,104,93,277,56750,747,174,395,0,115,1084
31940,65197,764,308,26,247,61290,398,605,205,2,5,1347
31980,66802,2312,203,6,551,56363,4521,86,649,0,67,2044
32000,44527,2132,181,44,462,38743,1433,61,470,0,12,989
32020,65515,963,532,122,296,57393,3188,80,423,27,154,2337
32100,66380,544,161,46,336,60778,1071,744,461,21,69,2149
32140,25477,1240,114,0,511,21051,776,30,1248,2,36,469
32180,23278,1780,15,17,719,18442,1094,44,183,103,186,695
32260,40137,8426,297,40,677,27520,443,87,1566,2,48,1031
32280,32948,629,214,31,72,28384,2610,102,369,20,105,412
32300,64553,2618,617,31,624,41070,17570,78,416,15,229,1285
32340,21571,211,29,4,143,19857,593,54,268,2,61,349
32380,50635,2054,137,5,300,45664,785,106,559,85,22,918
32420,98768,77,95410,179,2304,568,76,0,13,0,121,20
32460,36796,2023,105,190,341,31392,1501,12,139,40,109,944
32500,17103,161,86,0,120,15116,1057,0,156,19,7,381
32540,43836,2152,143,10,149,29798,1062,2551,195,46,50,7680
32580,865677,766626,2712,582,30795,49469,3849,653,8049,150,1439,1353
32620,40262,311,71,14,256,17161,21725,176,221,0,13,314
32660,40801,3262,89,191,281,34453,1186,120,268,29,20,902
32700,30059,1116,58,74,106,27348,416,37,222,0,0,682
32740,84495,387,515,45,268,79585,1286,40,480,14,227,1648
32780,221662,24982,792,287,4257,175606,1328,1478,2551,802,562,9017
32820,1335291,50850,3383,1991,21226,565661,630285,1277,29087,560,3498,27473
32860,45254,578,45,16,309,41613,346,70,1358,13,44,862
32900,279150,162662,644,219,7205,72416,7405,893,20418,749,514,6025
32940,98645,1128,97,8,737,50999,43309,484,560,16,152,1155
33020,25223,554,0,28,249,21992,1303,50,111,33,17,886
33060,30568,1554,42,4,234,19329,351,6158,229,226,19,2422
33100,6105897,155069,232947,1138497,1256626,1795498,1211225,5912,148993,1660,30268,129202
33140,112184,5666,766,51,1384,87434,11801,208,656,5,279,3934
33180,24674,77,87,8,142,23120,521,55,0,0,15,649
33220,83467,1496,117,34,885,75441,1276,311,1833,25,172,1877
33260,172177,73499,751,1589,3945,75059,10207,558,3291,59,271,2948
33300,52528,560,129,55,458,24974,24480,34,676,124,61,977
33340,1571784,117098,40344,2671,16791,1024797,255109,4619,60838,460,4510,44547
33380,37356,449,66,11,244,22970,12740,168,82,8,11,607
33420,28303,5060,77,37,578,20823,700,60,280,0,76,612
33460,3659156,138740,12869,4955,65378,2706481,316875,14999,248582,863,13405,136009
33500,77434,2748,705,49,1302,64185,2733,1195,1044,161,197,3115
33540,117379,2526,177,39,1408,103091,627,2512,2145,132,358,4364
33580,23373,467,4,1,250,21190,150,378,187,0,79,667
33620,24880,345,3,58,129,21872,1493,116,103,0,107,654
33660,430194,4932,1955,818,4778,243145,152344,3127,8289,71,1317,9418
33700,550842,243169,3410,418,17023,218243,15496,2334,30953,2974,1518,15304
33740,207351,3487,253,106,1087,118496,77741,277,1884,5,739,3276
33780,154068,3775,821,184,1081,139386,3470,285,822,0,249,3995
33860,384791,7547,1520,326,3472,183052,170827,614,8906,16,403,8108
33940,47178,7688,87,0,1140,36280,154,342,309,63,72,1043
33980,67944,1541,536,155,793,58433,3001,208,878,31,118,2250
34020,49818,2221,108,103,1092,27906,14932,805,680,5,59,1907
34060,139961,991,422,125,1318,123683,5360,145,3767,3,529,3618
34100,141919,8277,540,348,1451,123305,3206,200,913,507,357,2815
34140,39464,1140,45,23,606,34165,476,352,833,35,83,1706
34180,97874,38643,409,10,2568,50725,1036,896,881,5,128,2573
34220,45800,6171,837,503,1559,25086,10696,95,360,0,44,449
34260,41476,619,151,34,263,38468,113,199,126,7,116,1380
34300,28396,3862,511,0,692,20059,734,256,779,123,132,1248
34340,71439,6442,604,32,961,59204,2654,170,469,38,103,762
34350,32786,234,2,24,77,31439,463,0,188,5,0,354
34380,65623,1862,118,53,710,55368,1435,1888,1051,14,286,2838
34420,43825,15985,69,15,1114,20401,4845,52,316,0,87,941
34460,46913,876,32,87,245,43984,971,49,138,0,0,531
34500,37362,576,332,0,181,31510,3065,33,374,8,73,1210
34540,62399,628,150,29,219,58901,497,40,339,11,97,1488
34580,128228,20750,739,258,2578,93247,708,1707,2475,176,538,5052
34620,112480,2119,200,35,561,96976,7180,45,1627,26,108,3603
34660,37291,660,206,20,148,33274,1239,88,587,128,61,880
34700,43145,6098,187,165,1496,32649,1075,56,263,36,68,1052
34740,175633,8457,584,96,1299,133151,22844,1170,1130,32,78,6792
34780,66881,3583,233,108,637,36316,6777,12088,419,1,96,6623
34820,478654,14251,2795,819,10226,374201,55514,1365,5149,92,1224,13018
34860,64822,11808,107,0,1091,38035,11449,147,618,17,219,1331
34900,138795,41246,677,168,6107,70719,2750,327,10661,296,532,5312
34940,372797,39892,7294,25725,33433,230409,24414,367,5482,6,707,5068
34980,1960999,84635,10803,5627,49363,1390224,293119,2508,56202,495,6974,61049
35020,48916,951,841,83,1378,21477,23178,81,252,0,55,620
35060,37896,585,78,29,230,19369,15919,332,59,0,594,701
35100,123024,5289,1759,445,1305,80710,26504,411,2859,146,488,3108
35140,37842,2185,77,1,753,22672,11568,67,93,0,56,370
35220,48857,712,111,69,86,45435,1156,69,154,0,74,991
35260,86311,373,549,27,470,78411,3083,19,210,0,106,3063
35300,864751,19286,91472,3767,51523,525718,109697,572,34831,157,4350,23378
35380,1269037,21279,6135,8207,79478,644239,430745,2887,35241,763,7973,32090
35420,93025,696,1324,110,882,87337,480,100,331,0,82,1683
35440,49866,4143,165,50,471,40303,138,973,624,60,127,2812
35460,35896,269,207,98,407,33292,484,249,186,39,0,665
35580,25894,879,171,3,158,24050,188,49,138,0,13,245
35620,20011812,573264,1188243,153762,3056272,8993128,3083458,27436,2280643,4799,161672,489135
35660,154263,6409,857,183,1497,114346,21463,564,2400,47,552,5945
35700,47463,38157,213,102,1032,7127,139,74,135,0,41,443
35740,48696,4972,100,369,714,40249,525,395,536,0,1,835
35820,36246,2621,104,20,567,31572,380,212,270,21,30,449
35840,824160,40967,19411,12238,35040,629137,49943,1237,15989,281,1805,18112
35860,27619,731,8,0,36,26106,221,37,71,0,0,409
35900,66335,2407,516,47,1541,57527,2578,226,375,211,24,883
35940,58583,2801,668,2,558,52349,545,73,118,5,183,1281
35980,269131,3381,15525,814,11086,199072,13981,1207,10879,27,1036,12123
36020,85938,5650,471,93,1012,67019,2226,737,3949,325,247,4209
36100,370372,11003,23693,5531,12919,255034,45366,838,5633,127,1016,9212
36140,95488,2681,3096,336,1720,80898,3542,35,719,0,121,2340
36220,161258,93703,309,1310,5834,48395,7320,452,1647,39,308,1941
36260,687274,65701,2417,393,22318,552377,6923,2470,10310,3214,1756,19395
36300,108836,430,974,32,1122,99789,2774,423,1100,61,179,1952
36340,50810,266,170,3,124,48192,555,4,216,0,124,1156
36380,39716,7500,660,675,1635,24561,3225,145,355,40,124,796
36420,1412874,154681,5287,1336,34935,890170,140750,44150,43488,795,4372,92910
36460,77211,494,779,46,404,69253,991,2108,561,0,129,2446
36500,290642,17841,2813,385,6796,211853,8143,2680,16526,2660,957,19988
36540,959306,79067,4431,1313,20533,718134,70581,2776,29326,493,2511,30141
36580,58952,464,797,73,940,53292,1036,86,787,63,118,1296
36620,56241,14106,0,41,1170,37864,329,387,486,65,186,1607
36660,82999,802,46,166,954,44637,33467,102,458,175,325,1867
36700,84909,1345,397,37,228,28154,52302,365,652,123,97,1209
36740,2632721,72712,396034,66930,302674,1178096,399765,3297,111977,2182,18199,80855
36780,171304,5321,1125,44,1055,149133,4302,609,5100,175,285,4155
36820,22132,357,31,37,104,20435,372,17,273,30,12,464
36830,20353,12571,53,0,516,6632,73,51,138,88,0,231
36837,148962,12702,883,169,909,126938,3078,88,1361,18,227,2589
36840,25953,1000,42,6,118,23389,115,96,107,0,26,1054
36900,35343,2712,94,140,1013,28435,1153,0,507,415,0,874
36940,37363,2627,76,6,324,31960,1217,12,145,2,3,991
36980,120720,2292,264,56,1116,106554,4990,137,2055,40,379,2837
37060,55727,825,57,75,509,38766,13007,88,1077,0,300,1023
37100,845255,323251,3732,2099,37129,373110,14147,1600,59820,1420,2171,26776
37120,49443,1770,1073,58,499,33322,9979,299,598,16,259,1570
37140,98477,1664,287,46,612,83791,8175,156,750,8,117,2871
37220,50096,6497,263,125,1003,36210,944,613,912,195,5,3329
37260,73147,4151,2009,531,864,51690,11534,247,403,19,142,1557
37300,58133,9349,144,0,1120,33309,11828,196,483,44,61,1599
37340,601573,10830,24599,8492,22336,437905,54950,823,14289,415,3581,23353
37420,22122,5927,6,0,595,13725,1042,192,162,57,95,321
37460,181384,4421,2994,669,4399,136628,18693,439,3946,216,1378,7601
37500,45665,786,156,54,378,41666,1107,73,244,58,34,1109
37540,32298,530,78,11,258,27962,2393,164,188,1,0,713
37580,49932,3544,67,0,594,36392,6675,414,376,11,15,1844
37620,89942,660,197,17,160,85439,1043,192,334,102,25,1773
37660,20222,857,22,10,109,17139,838,169,23,0,31,1024
37740,53211,8818,70,160,1144,32499,357,8611,408,0,0,1144
37770,18428,11875,85,72,2680,2810,674,16,159,0,3,54
37780,14667,10461,12,0,473,3373,100,6,175,28,2,37
37800,33381,559,38,0,117,31375,325,25,400,9,36,497
37860,503173,11122,5896,2504,10616,351165,79388,1102,12953,703,2097,25627
37900,404226,10406,1182,119,3113,332632,35422,365,9335,73,516,11063
37940,36100,875,264,9,139,31572,1599,105,236,7,36,1258
37980,6215222,118089,283935,15739,199675,3761064,1237626,5613,378359,1415,24857,188850
38060,4787811,1295109,35751,13723,162230,2580989,251173,79653,186203,9617,14425,158938
38100,55972,642,269,33,929,45250,7142,24,174,0,270,1239
38180,20792,410,4,0,339,16955,13,2078,3,37,17,936
38220,88923,1568,298,114,143,40801,43034,213,577,217,184,1774
38240,98618,4362,1117,226,1342,75329,10481,500,1100,63,318,3780
38260,39018,1493,156,33,710,33488,726,148,718,54,78,1414
38300,2366544,15143,11052,1598,17500,1996109,188826,1243,58695,514,7012,68852
38340,129089,797,2533,140,3255,112127,3235,132,2252,22,398,4198
38380,32879,18120,149,14,1653,10627,1430,30,121,0,90,645
38420,52210,633,59,43,270,49256,826,36,456,1,87,543
38460,80095,242,878,23,1232,71869,3108,222,1084,37,93,1307
38500,46175,3702,84,12,1046,40055,299,7,302,0,20,648
38540,94216,8580,519,90,1482,75995,561,2216,1546,101,135,2991
38580,55036,284,32,60,234,51865,706,53,481,0,121,1200
38620,44019,3253,80,5,443,31765,776,3780,252,14,154,3497
38660,226358,515,222863,419,1418,744,215,8,23,0,69,84
38700,35902,1284,219,4,278,31807,1290,0,229,0,13,778
38740,53346,681,65,67,322,47574,2476,203,176,42,43,1697
38780,19223,7171,206,36,975,9584,416,66,123,16,94,536
38820,76727,3975,183,10,1209,62321,742,3002,1134,17,90,4044
38860,547792,3099,2339,577,5247,495588,11499,981,9156,99,1564,17643
38900,2493429,235299,10290,6372,59395,1781510,67386,11778,169275,12539,9490,130095
38920,20367,8708,78,110,1242,8309,438,49,883,0,0,550
38940,482922,21649,21902,10452,33309,300108,72072,692,8810,167,1979,11782
39020,74392,609,278,14,205,69039,2041,213,314,5,51,1623
39060,143308,1209,3064,236,3250,128398,3868,68,614,11,34,2556
39100,694289,26995,49657,3222,43725,454948,69003,931,21016,130,4056,20606
39150,233789,28794,1032,420,4772,185570,1470,2390,2480,147,296,6418
39220,20208,2175,8,47,522,16635,213,81,96,66,8,357
39260,24300,1720,43,15,140,21213,41,317,66,57,0,688
39300,1668019,14454,73818,2787,138003,1225323,80671,3481,49909,577,18525,60471
39340,659913,49719,1914,762,27319,537354,3842,2034,8891,4888,979,22211
39380,167453,47613,1694,483,23062,85188,2672,990,1189,54,506,4002
39420,48197,2093,138,8,916,37080,977,168,3988,54,443,2332
39460,184837,3543,4143,2467,4281,153388,9817,398,2467,94,507,3732
39500,75909,672,213,20,343,69309,2899,82,450,21,38,1862
39540,197379,22233,3046,264,2355,138498,22157,619,2442,181,446,5138
39580,1391801,77510,18977,5171,49044,836104,265768,3110,85287,501,6421,43908
39660,138268,4756,1030,51,1559,110668,1774,9140,1627,136,605,6922
39700,20423,17416,44,0,562,2099,129,0,0,0,0,173
39740,426967,13024,47483,1163,34879,297542,17352,230,5713,57,1253,8271
39780,65345,15928,183,18,1053,43386,511,731,1166,47,87,2235
39820,181935,14821,685,138,3886,141948,2026,3456,5944,199,373,8459
39860,47503,1124,4,57,518,43200,616,398,349,0,98,1139
39900,483805,93604,3459,1806,22430,296385,11006,4972,25461,3145,1774,19763
39940,64349,4125,213,226,1155,56073,296,121,803,66,100,1171
39980,66588,1636,231,0,292,58096,2903,34,817,5,285,2289
40060,1303212,21487,13129,3023,49991,735530,375804,2487,52297,596,4730,44138
40080,106351,1378,272,144,739,95730,3773,201,922,168,207,2817
40100,65568,59797,29,0,3335,2113,30,0,5,0,130,129
40140,4580402,2064821,35962,18277,277080,1378050,311625,15434,316568,12587,13099,136899
40180,39434,2215,52,0,716,27174,198,7441,167,27,4,1440
40220,314501,4397,2444,716,5437,243497,40886,468,7593,207,559,8297
40260,67208,971,138,62,803,25432,35227,1642,396,100,84,2353
40300,51787,4796,190,76,428,44087,609,66,237,7,126,1165
40340,224330,6612,804,217,2892,185222,11028,266,9764,103,617,6805
40380,1088373,7332,54265,4718,18473,823341,114153,1019,31086,168,2821,30997
40420,339063,43196,2899,739,4016,230240,37917,282,8540,86,590,10558
40460,43301,2080,370,40,491,24208,13763,1273,336,0,80,660
40530,24149,5950,0,27,923,15999,41,64,343,0,0,802
40540,42459,5478,74,6,1275,33243,479,454,448,14,160,828
40580,144237,6196,978,13,2271,63158,66587,591,940,86,383,3034
40620,44692,600,135,75,410,38899,892,217,1463,0,130,1871
40660,98210,5483,400,68,5467,68900,13747,78,1221,0,256,2590
40700,110680,4449,411,82,1867,95530,332,1021,944,69,432,5543
40740,65014,32970,194,14,4774,24141,897,451,651,25,202,695
40760,20084,6063,3,0,776,12021,157,509,93,0,0,462
40780,83723,6866,800,0,2634,67811,1835,198,992,8,56,2523
40820,48415,941,48,68,467,25743,18330,250,753,36,357,1422
40860,60662,348,247,71,314,57145,422,51,493,0,45,1526
40900,2379368,422946,17224,4218,83919,1198793,158658,6687,335061,19142,8315,124405
40940,38145,11958,60,0,679,19240,756,4840,220,34,77,281
40980,190540,14953,667,18,1346,130574,35229,301,2279,36,203,4934
41060,198725,4604,535,319,1459,168587,13606,268,3583,31,374,5359
41100,176533,12407,936,479,5508,146816,1001,1760,1630,1129,560,4307
41140,122756,4335,604,519,1312,103759,5928,310,1291,382,76,4240
41180,2815627,55292,7808,3180,23973,2039115,500093,2855,76253,767,7961,98330
41220,54256,1746,906,132,1153,37631,9705,263,1020,60,20,1620
41260,31037,126,95,20,24,29873,198,26,114,0,0,561
41400,102331,1526,165,8,304,95238,2165,79,278,9,82,2477
41420,430384,94969,1646,555,10063,284273,3664,3162,8723,3919,1549,17861
41460,60156,4995,416,237,960,48668,1546,156,1049,11,0,2118
41500,438953,241000,2932,735,17294,126356,10124,686,24534,1794,1020,12478
41540,414424,11178,4228,812,14328,292494,68761,901,6985,71,1383,13283
41620,1244671,163617,6245,1911,57919,876865,21080,6984,47961,17914,4769,39406
41660,121994,45767,659,84,3430,63269,4590,140,1661,69,190,2135
41700,2529453,1219091,35665,7882,152662,824286,158242,3462,63333,2244,7097,55489
41740,3296317,984671,26362,7687,112735,1455172,151278,10436,385244,12533,11245,138954
41760,46481,929,54,69,604,42444,111,338,309,72,118,1433
41780,75560,2276,771,64,408,61693,6529,171,569,22,243,2814
41820,62676,8611,845,147,2745,35956,11626,349,707,0,78,1612
41860,4725584,666325,32094,10483,330215,1793001,327174,10390,1265285,30371,26409,233837
41900,125701,287,122872,166,929,988,42,11,88,0,239,79
41940,1995351,429346,9906,3154,81230,597369,45506,3249,734690,6138,7078,77685
41980,2096657,5527,1981671,10387,74134,17138,2632,27,2031,0,2183,927
42020,282771,56764,1380,412,7032,190421,3874,862,9620,231,1092,11083
42100,272138,82456,959,255,8971,152771,2269,209,12883,334,1133,9898
42140,153632,39528,671,189,37959,64966,1159,3746,1932,206,445,2831
42180,20530,0,20476,0,39,0,15,0,0,0,0,0
42200,447651,186228,2113,751,18462,192603,7850,1538,23711,416,1396,12583
42220,492498,111917,2129,1131,20506,303803,7190,1880,21034,1381,2263,19264
42300,37091,447,69,43,190,24963,1696,4856,318,33,197,4279
42340,401541,11636,6326,1820,6476,218499,131811,663,9331,453,1913,12613
42380,60233,311,372,6,230,57342,394,38,351,43,204,942
42420,37915,7995,171,64,778,27148,262,577,242,3,96,579
42460,52548,1104,183,13,350,46732,1826,464,181,20,75,1600
42500,24290,203,267,0,134,22944,53,201,46,0,136,306
42540,566743,10639,20512,537,32698,459737,18548,337,9991,204,911,12629
42620,77075,2701,150,30,637,66895,3400,141,611,0,122,2388
42660,3971125,287983,23633,6588,100576,2415256,229061,22795,570929,32537,17722,264045
42680,158002,7474,3692,2337,6872,116806,12979,129,2272,117,983,4341
42700,101174,8300,6524,3878,2689,65891,8900,112,1562,37,395,2886
42740,42919,3280,97,0,480,36042,1109,25,264,23,33,1566
42780,39877,164,491,39,212,37777,344,11,222,0,24,593
42820,39162,24,6,0,22,10534,28040,62,249,0,6,219
42860,77932,2715,416,115,1210,65484,5461,90,666,13,72,1690
42900,33900,244,669,9,340,29792,1708,103,207,14,26,788
42940,98088,2800,658,70,2967,87171,1043,160,1070,23,273,1853
42980,45948,2452,85,107,906,39754,591,17,842,55,284,855
43020,45154,1032,250,186,146,35466,228,5895,236,0,91,1624
43060,72331,3167,174,0,693,51307,2177,9534,529,76,23,4651
43100,117528,6393,886,19,769,97280,2393,243,7006,3,130,2406
43140,98898,2629,590,370,298,71058,19942,77,889,55,196,2794
43180,49754,5405,107,52,1027,37738,3270,53,124,17,271,1690
43220,64964,3588,200,30,3105,50840,435,927,600,275,665,4299
43260,30812,1061,67,7,267,27957,107,390,299,0,111,546
43300,134205,15475,423,248,2884,99349,7180,796,2078,19,342,5411
43320,106609,10249,227,10,2076,43988,889,45380,482,184,151,2973
43340,395086,10335,861,151,5250,204640,156413,1488,5443,176,593,9736
43380,48307,463,175,54,78,44528,940,62,424,0,175,1408
43420,125092,38978,1876,127,3694,67460,4130,895,2306,415,284,4927
43460,38161,700,40,133,94,31346,4080,25,146,0,74,1523
43500,28178,12977,15,114,1090,12821,236,352,172,3,55,343
43580,148442,22897,639,209,4622,103270,5422,2316,3455,467,165,4980
43620,272414,6174,497,139,5700,228889,13108,3816,4862,109,200,8920
43660,16985,6442,39,23,564,8693,722,4,96,0,67,335
43700,64717,1184,15,30,463,60504,569,125,517,0,101,1209
43740,74331,474,356,63,289,69572,1724,16,291,18,143,1385
43760,55243,4515,185,27,2405,43713,934,597,774,133,304,1656
43780,323681,20507,1655,401,4600,237726,36440,943,7287,135,1557,12430
43900,322864,14561,2459,960,5652,216991,65190,379,7215,100,893,8464
43940,25687,559,80,86,180,23121,241,539,162,15,12,692
43980,16410,580,79,0,12,15207,29,32,93,0,42,336
44020,17536,323,22,20,59,16555,16,17,153,0,0,371
44060,577534,24205,2406,537,7762,480990,9396,6989,11716,3257,1611,28665
44100,209102,2895,856,167,1062,167957,25052,152,4220,32,527,6182
44140,699160,5017,106611,1819,22733,481195,40462,655,21034,170,1812,17652
44180,472164,10674,2064,201,3811,419222,9930,1293,6579,109,1140,17141
44220,136032,3140,852,121,868,113562,10938,85,825,48,295,5298
44260,61277,420,55,83,503,36457,20584,300,1636,40,76,1123
44300,158879,1244,1513,246,1810,134537,5244,77,9888,12,110,4198
44340,79635,1445,904,150,923,50025,22103,85,1115,236,185,2464
44420,124455,2896,588,98,1799,105536,8457,298,1150,136,272,3225
44460,24899,1167,143,48,390,21200,75,35,289,11,59,1482
44500,42288,7670,212,19,1293,31091,605,186,426,63,29,694
44540,21765,3269,53,0,472,16342,193,128,145,200,37,926
44580,55932,5481,872,84,527,46864,589,61,302,67,4,1081
44620,70378,1719,174,75,517,63510,567,150,2128,7,104,1427
44660,81817,2651,143,87,1098,62501,2984,3146,3427,56,82,5642
44700,771406,290953,5804,1332,28096,228197,51696,1604,124282,4320,1963,33159
44740,20723,4150,14,183,1151,11742,530,7,2119,378,16,433
44780,60828,4598,136,4,333,52152,1360,36,363,0,32,1814
44860,36666,5827,16,89,501,26474,2555,106,304,52,116,626
44900,24898,251,55,0,1069,20457,2410,15,13,0,0,628
44940,137150,3384,533,190,1366,62072,63156,198,1575,64,381,4231
44980,91853,653,1787,62,1178,83812,2123,15,302,29,300,1592
45000,32949,5769,35,10,680,21139,2748,750,513,250,137,918
45020,14727,5559,0,0,191,7880,680,30,63,0,0,324
45060,661106,3500,13139,2248,10614,533165,51247,2099,19895,86,1749,23364
45140,47307,3156,151,25,320,21577,547,15420,418,25,15,5653
45180,81850,1105,199,32,668,50831,26254,152,286,19,42,2262
45220,382747,7474,4563,4087,10196,210603,122839,369,10656,163,1390,10407
45300,3146074,116935,197534,134310,196863,1918216,359936,5439,109752,2039,13987,91063
45340,34322,7643,32,20,11791,12167,43,1683,237,4,71,631
45380,34038,406,44,0,115,32229,541,17,251,4,0,431
45460,185527,2768,399,48,985,164701,8717,197,2286,116,280,5030
45500,147936,7916,131,14,1113,95986,36586,1072,1274,6,273,3565
45520,26603,4382,68,87,622,19461,71,646,248,75,0,943
45540,127335,2940,1838,904,1938,107517,8788,263,1253,4,400,1490
45580,27424,463,15,5,171,18317,7792,61,62,131,13,394
45620,45669,873,83,30,758,26311,16455,148,304,10,45,652
45660,55166,2584,315,0,104,49130,1630,87,310,0,73,933
45700,41148,4186,200,264,428,22460,11987,68,470,1,29,1055
45740,26641,380,47,38,568,21768,2866,23,294,3,0,654
45780,646330,34904,4520,868,5991,481330,83918,774,9585,300,1808,22332
45820,233423,21092,1442,371,2288,179841,14570,2030,2558,10,661,8560
45860,185175,1072,5525,349,6265,160108,2979,118,3520,0,630,4609
45900,152552,3409,358,33,881,140497,1056,1754,870,94,264,3336
45940,384951,5783,19189,1187,44885,184711,74456,295,45257,91,434,8663
45980,33176,560,78,13,134,18458,12082,129,645,0,8,1069
46020,102090,7482,575,138,1797,85552,381,373,1161,148,219,4264
46060,1035063,348679,9633,2253,32794,521538,32762,22989,28405,1408,2131,32471
46100,106236,2332,641,152,1243,93359,4313,80,1141,40,275,2660
46140,1009982,81790,4321,1007,19386,640080,77584,72755,26997,890,2885,82287
46180,163409,4263,142,131,958,118606,33874,216,1480,156,693,2890
46220,265855,6275,906,531,2333,152938,94649,199,3717,46,227,4034
46300,113209,21678,283,26,2317,82733,598,259,1452,93,242,3528
46340,231429,41478,499,65,4533,136333,39077,340,3861,203,422,4618
46380,91534,21775,349,36,1908,58074,554,2779,1969,124,490,3476
46420,27306,200,54,0,224,17497,8123,29,31,0,17,1131
46460,30722,954,53,254,245,24712,3312,27,133,32,77,923
46500,38678,501,79,19,46,35784,751,111,150,0,103,1134
46520,1015167,31983,35139,1290,35386,180156,23638,1632,421867,96600,2000,185476
46540,292630,1829,9077,199,4768,244738,13956,520,9696,123,494,7230
46620,24918,16119,263,0,1627,6236,91,39,271,0,18,254
46660,147256,4561,1744,813,2705,79628,51561,258,1950,97,344,3595
46700,451432,95102,4635,919,23462,163975,59348,1507,68641,3780,2767,27296
46780,28808,695,165,0,232,26804,232,8,58,0,18,596
46820,14816,273,6,90,106,12730,238,468,435,5,62,403
46860,35488,2589,11,0,459,28584,177,2272,254,12,0,1130
46900,12887,3310,23,2,564,7253,936,85,415,0,8,291
46980,45141,513,100,91,255,21137,22092,51,264,9,55,574
47020,98365,42242,469,63,3617,43485,5366,267,1104,62,192,1498
47080,35657,3112,368,10,298,21669,9137,27,284,0,2,750
47180,36362,548,149,0,176,33132,916,10,337,28,15,1051
47220,154921,16187,27219,642,5394,69266,28395,844,2225,45,654,4050
47240,20277,97,306,28,311,16617,884,126,188,0,383,1337
47260,1791198,42810,34444,6163,45573,971148,529604,2846,69105,1062,8261,80182
47300,470999,293810,1142,820,13965,127123,6344,2306,16364,550,1299,7276
47340,31120,576,0,37,234,29121,314,212,161,13,72,380
47380,275105,65517,1858,649,5828,150139,39752,428,4344,59,774,5757
47420,23041,679,9,0,145,20841,134,298,43,0,113,779
47460,62168,11124,369,103,2058,43905,1087,188,978,100,26,2230
47540,46282,418,331,0,89,44006,355,28,146,5,37,867
47580,188999,6044,1996,778,4152,100994,62586,405,5470,245,200,6129
47620,38791,126,164,19,145,36966,239,48,147,15,49,873
47660,53889,1796,195,9,625,45672,1756,76,962,162,260,2376
47700,80151,4860,657,0,1080,69718,554,83,1222,15,512,1450
47780,33281,912,104,7,819,29716,565,22,42,0,105,989
47820,44898,2810,133,28,736,29358,10863,19,147,0,72,732
47900,6332069,143313,77322,19824,786068,2791394,1560877,10376,659429,2678,32321,248467
47920,28897,440,64,69,80,26549,662,11,215,12,42,753
47940,168595,4568,600,44,1536,140006,12670,270,3780,390,203,4528
47980,34416,728,21,43,437,31381,261,603,203,0,133,606
48020,84808,5020,612,108,601,75391,663,59,448,17,48,1841
48060,117634,2872,3241,93,2888,95142,6486,177,1817,258,242,4418
48100,25632,8956,1300,351,740,11782,1443,14,298,9,59,680
48140,165975,3404,471,77,753,147508,1009,235,7630,53,375,4460
48180,55728,1839,165,82,475,39032,12871,220,424,29,35,556
48220,28564,4705,45,1,631,19186,913,1158,333,76,0,1516
48260,117446,872,203,96,603,107341,4519,41,633,114,144,2880
48300,121130,32410,402,48,3370,79081,549,809,919,152,216,3174
48460,39753,431,3,0,477,37112,145,246,200,0,195,944
48500,18768,13,0,0,11,7194,11259,16,12,0,0,263
48540,140333,606,345,36,569,130140,3614,104,739,149,379,3652
48580,105945,10341,600,230,922,89725,779,237,733,50,166,2162
48620,644480,74170,2627,790,10300,454891,44544,3402,22980,381,1879,28516
48660,148271,24096,833,228,2179,99403,13204,700,2734,110,412,4372
48700,114274,980,659,111,735,101919,5468,137,935,58,98,3174
48780,38460,1976,567,8,909,29582,1850,940,455,88,235,1850
48820,43504,3805,74,16,1698,33955,2522,135,282,0,103,914
48900,285139,7197,2852,911,6819,217634,35874,505,3275,208,911,8953
48940,42046,274,163,0,325,39033,721,2,295,0,69,1164
48980,78844,6038,228,271,2016,36246,31120,213,858,0,204,1650
49020,141695,5795,978,110,7118,114056,6353,181,2020,84,408,4592
49060,34769,3041,46,0,855,27271,784,424,644,2,13,1689
49080,17218,4319,34,0,428,11082,150,554,201,5,35,410
49100,49889,1078,72,0,389,45260,514,184,1235,3,44,1110
49180,672914,45012,7127,1394,19054,450619,116861,1492,12024,216,2060,17055
49220,74107,2120,151,16,198,67767,512,264,1558,5,63,1453
49260,24404,2425,103,15,507,19495,318,478,130,4,10,919
49300,116858,1106,549,106,677,109183,1524,112,1252,16,244,2089
49340,973361,8947,69605,1582,39118,732146,42210,1080,44840,259,5990,27584
49380,22223,2841,130,3,3523,12753,1083,54,1134,0,0,702
49420,255151,122474,532,175,5922,105980,2343,6678,2318,1115,473,7141
49460,23213,847,30,121,217,20290,325,754,47,0,0,582
49500,87673,292,86286,50,245,380,83,0,16,0,208,113
49620,454605,7136,18990,710,10575,371354,24469,247,6456,163,1459,13046
49660,542459,4135,12558,585,3446,444719,54496,417,4113,186,1077,16727
49700,179484,49344,1159,132,4716,86016,4451,1389,21492,690,829,9266
49740,202944,125674,1282,229,4215,60429,3294,1844,2227,82,271,3397
49780,86346,635,189,25,247,78611,2472,79,363,0,294,3431
49820,13945,12184,3,0,1035,476,0,0,189,0,0,58
